tweet_id,time,tweet,retweet_count
1,2025-10-23 09:00:30,Election Commission criticized the opposition for Election Commission issues.,1565
2,2025-10-23 09:01:00,poll rally promised better poll rally opportunities for youth.,797
3,2025-10-23 09:01:30,jobs criticized the opposition for jobs issues.,144
4,2025-10-23 09:02:00,education launched a rally focusing on education development.,1129
5,2025-10-23 09:02:30,Election Commission spoke about recent improvements in Election Commission.,1962
6,2025-10-23 09:03:00,infrastructure organized a large infrastructure awareness campaign.,3186
7,2025-10-23 09:03:30,infrastructure criticized the opposition for infrastructure issues.,3174
8,2025-10-23 09:04:00,poll rally highlighted challenges in poll rally programs.,2386
9,2025-10-23 09:04:30,healthcare announced a major reform in healthcare sector.,4612
10,2025-10-23 09:05:00,healthcare discussed the new healthcare policy in India.,4104
11,2025-10-23 09:05:30,Modi organized a large Modi awareness campaign.,2911
12,2025-10-23 09:06:00,campaign spoke about recent improvements in campaign.,4934
13,2025-10-23 09:06:30,infrastructure organized a large infrastructure awareness campaign.,4987
14,2025-10-23 09:07:00,Congress highlighted challenges in Congress programs.,320
15,2025-10-23 09:07:30,corruption promised better corruption opportunities for youth.,513
16,2025-10-23 09:08:00,jobs organized a large jobs awareness campaign.,1253
17,2025-10-23 09:08:30,BJP announced a major reform in BJP sector.,324
18,2025-10-23 09:09:00,Congress announced a major reform in Congress sector.,191
19,2025-10-23 09:09:30,BJP launched a rally focusing on BJP development.,2895
20,2025-10-23 09:10:00,Rahul Gandhi spoke about recent improvements in Rahul Gandhi.,293
21,2025-10-23 09:10:30,poll rally launched a rally focusing on poll rally development.,1181
22,2025-10-23 09:11:00,jobs highlighted challenges in jobs programs.,2582
23,2025-10-23 09:11:30,corruption announced a major reform in corruption sector.,4722
24,2025-10-23 09:12:00,education promised better education opportunities for youth.,3126
25,2025-10-23 09:12:30,development spoke about recent improvements in development.,572
26,2025-10-23 09:13:00,Rahul Gandhi highlighted challenges in Rahul Gandhi programs.,4885
27,2025-10-23 09:13:30,poll rally urged citizens to support poll rally initiatives.,4117
28,2025-10-23 09:14:00,digital India discussed the new digital India policy in India.,1517
29,2025-10-23 09:14:30,campaign criticized the opposition for campaign issues.,4539
30,2025-10-23 09:15:00,infrastructure highlighted challenges in infrastructure programs.,2749
31,2025-10-23 09:15:30,digital India organized a large digital India awareness campaign.,4151
32,2025-10-23 09:16:00,Congress promised better Congress opportunities for youth.,4579
33,2025-10-23 09:16:30,BJP promised better BJP opportunities for youth.,1674
34,2025-10-23 09:17:00,corruption promised better corruption opportunities for youth.,645
35,2025-10-23 09:17:30,digital India organized a large digital India awareness campaign.,2776
36,2025-10-23 09:18:00,corruption spoke about recent improvements in corruption.,2526
37,2025-10-23 09:18:30,Rahul Gandhi promised better Rahul Gandhi opportunities for youth.,3868
38,2025-10-23 09:19:00,Modi launched a rally focusing on Modi development.,4964
39,2025-10-23 09:19:30,infrastructure urged citizens to support infrastructure initiatives.,69
40,2025-10-23 09:20:00,Modi discussed the new Modi policy in India.,845
41,2025-10-23 09:20:30,BJP urged citizens to support BJP initiatives.,4014
42,2025-10-23 09:21:00,Modi organized a large Modi awareness campaign.,1870
43,2025-10-23 09:21:30,Rahul Gandhi launched a rally focusing on Rahul Gandhi development.,4842
44,2025-10-23 09:22:00,BJP criticized the opposition for BJP issues.,2209
45,2025-10-23 09:22:30,healthcare organized a large healthcare awareness campaign.,184
46,2025-10-23 09:23:00,manifesto launched a rally focusing on manifesto development.,1416
47,2025-10-23 09:23:30,healthcare highlighted challenges in healthcare programs.,4997
48,2025-10-23 09:24:00,Election Commission announced a major reform in Election Commission sector.,804
49,2025-10-23 09:24:30,poll rally criticized the opposition for poll rally issues.,2925
50,2025-10-23 09:25:00,digital India spoke about recent improvements in digital India.,944
51,2025-10-23 09:25:30,manifesto promised better manifesto opportunities for youth.,1874
52,2025-10-23 09:26:00,infrastructure announced a major reform in infrastructure sector.,1148
53,2025-10-23 09:26:30,digital India announced a major reform in digital India sector.,1601
54,2025-10-23 09:27:00,manifesto urged citizens to support manifesto initiatives.,320
55,2025-10-23 09:27:30,infrastructure organized a large infrastructure awareness campaign.,4703
56,2025-10-23 09:28:00,campaign highlighted challenges in campaign programs.,2284
57,2025-10-23 09:28:30,development discussed the new development policy in India.,1455
58,2025-10-23 09:29:00,corruption spoke about recent improvements in corruption.,1360
59,2025-10-23 09:29:30,infrastructure spoke about recent improvements in infrastructure.,337
60,2025-10-23 09:30:00,poll rally urged citizens to support poll rally initiatives.,2117
61,2025-10-23 09:30:30,jobs discussed the new jobs policy in India.,4554
62,2025-10-23 09:31:00,campaign debated on campaign reforms in Parliament.,129
63,2025-10-23 09:31:30,Rahul Gandhi discussed the new Rahul Gandhi policy in India.,2449
64,2025-10-23 09:32:00,manifesto urged citizens to support manifesto initiatives.,1147
65,2025-10-23 09:32:30,Congress launched a rally focusing on Congress development.,1842
66,2025-10-23 09:33:00,healthcare promised better healthcare opportunities for youth.,2407
67,2025-10-23 09:33:30,corruption spoke about recent improvements in corruption.,609
68,2025-10-23 09:34:00,manifesto discussed the new manifesto policy in India.,253
69,2025-10-23 09:34:30,healthcare criticized the opposition for healthcare issues.,243
70,2025-10-23 09:35:00,Modi debated on Modi reforms in Parliament.,4128
71,2025-10-23 09:35:30,healthcare highlighted challenges in healthcare programs.,4517
72,2025-10-23 09:36:00,digital India promised better digital India opportunities for youth.,1994
73,2025-10-23 09:36:30,BJP discussed the new BJP policy in India.,2268
74,2025-10-23 09:37:00,Modi highlighted challenges in Modi programs.,92
75,2025-10-23 09:37:30,campaign promised better campaign opportunities for youth.,2249
76,2025-10-23 09:38:00,Rahul Gandhi discussed the new Rahul Gandhi policy in India.,4809
77,2025-10-23 09:38:30,healthcare announced a major reform in healthcare sector.,3446
78,2025-10-23 09:39:00,corruption launched a rally focusing on corruption development.,3190
79,2025-10-23 09:39:30,BJP debated on BJP reforms in Parliament.,606
80,2025-10-23 09:40:00,Modi urged citizens to support Modi initiatives.,3997
81,2025-10-23 09:40:30,Election Commission announced a major reform in Election Commission sector.,1024
82,2025-10-23 09:41:00,healthcare spoke about recent improvements in healthcare.,1803
83,2025-10-23 09:41:30,development promised better development opportunities for youth.,3534
84,2025-10-23 09:42:00,poll rally promised better poll rally opportunities for youth.,1834
85,2025-10-23 09:42:30,Rahul Gandhi launched a rally focusing on Rahul Gandhi development.,2488
86,2025-10-23 09:43:00,development highlighted challenges in development programs.,1362
87,2025-10-23 09:43:30,healthcare launched a rally focusing on healthcare development.,1645
88,2025-10-23 09:44:00,Modi urged citizens to support Modi initiatives.,3300
89,2025-10-23 09:44:30,jobs criticized the opposition for jobs issues.,2472
90,2025-10-23 09:45:00,jobs highlighted challenges in jobs programs.,4576
91,2025-10-23 09:45:30,Rahul Gandhi spoke about recent improvements in Rahul Gandhi.,360
92,2025-10-23 09:46:00,Election Commission promised better Election Commission opportunities for youth.,2602
93,2025-10-23 09:46:30,manifesto debated on manifesto reforms in Parliament.,3578
94,2025-10-23 09:47:00,poll rally discussed the new poll rally policy in India.,2678
95,2025-10-23 09:47:30,healthcare announced a major reform in healthcare sector.,2232
96,2025-10-23 09:48:00,campaign spoke about recent improvements in campaign.,160
97,2025-10-23 09:48:30,Rahul Gandhi announced a major reform in Rahul Gandhi sector.,2192
98,2025-10-23 09:49:00,healthcare criticized the opposition for healthcare issues.,1426
99,2025-10-23 09:49:30,BJP spoke about recent improvements in BJP.,4158
100,2025-10-23 09:50:00,manifesto promised better manifesto opportunities for youth.,2875
101,2025-10-23 09:50:30,development launched a rally focusing on development development.,820
102,2025-10-23 09:51:00,corruption discussed the new corruption policy in India.,2317
103,2025-10-23 09:51:30,development announced a major reform in development sector.,3893
104,2025-10-23 09:52:00,digital India highlighted challenges in digital India programs.,606
105,2025-10-23 09:52:30,development announced a major reform in development sector.,1372
106,2025-10-23 09:53:00,education launched a rally focusing on education development.,2900
107,2025-10-23 09:53:30,campaign spoke about recent improvements in campaign.,2643
108,2025-10-23 09:54:00,Modi urged citizens to support Modi initiatives.,583
109,2025-10-23 09:54:30,manifesto launched a rally focusing on manifesto development.,4716
110,2025-10-23 09:55:00,corruption discussed the new corruption policy in India.,801
111,2025-10-23 09:55:30,Rahul Gandhi announced a major reform in Rahul Gandhi sector.,528
112,2025-10-23 09:56:00,Congress discussed the new Congress policy in India.,1337
113,2025-10-23 09:56:30,poll rally urged citizens to support poll rally initiatives.,1485
114,2025-10-23 09:57:00,corruption highlighted challenges in corruption programs.,265
115,2025-10-23 09:57:30,education spoke about recent improvements in education.,3897
116,2025-10-23 09:58:00,development debated on development reforms in Parliament.,1589
117,2025-10-23 09:58:30,development spoke about recent improvements in development.,2615
118,2025-10-23 09:59:00,campaign launched a rally focusing on campaign development.,4515
119,2025-10-23 09:59:30,Congress highlighted challenges in Congress programs.,2661
120,2025-10-23 10:00:00,corruption highlighted challenges in corruption programs.,393
121,2025-10-23 10:00:30,digital India discussed the new digital India policy in India.,334
122,2025-10-23 10:01:00,manifesto debated on manifesto reforms in Parliament.,4556
123,2025-10-23 10:01:30,Modi spoke about recent improvements in Modi.,1154
124,2025-10-23 10:02:00,corruption promised better corruption opportunities for youth.,1728
125,2025-10-23 10:02:30,education discussed the new education policy in India.,876
126,2025-10-23 10:03:00,Modi criticized the opposition for Modi issues.,2814
127,2025-10-23 10:03:30,jobs highlighted challenges in jobs programs.,4104
128,2025-10-23 10:04:00,Election Commission highlighted challenges in Election Commission programs.,182
129,2025-10-23 10:04:30,poll rally discussed the new poll rally policy in India.,3510
130,2025-10-23 10:05:00,infrastructure announced a major reform in infrastructure sector.,4857
131,2025-10-23 10:05:30,digital India promised better digital India opportunities for youth.,105
132,2025-10-23 10:06:00,healthcare highlighted challenges in healthcare programs.,599
133,2025-10-23 10:06:30,Congress promised better Congress opportunities for youth.,4546
134,2025-10-23 10:07:00,Modi promised better Modi opportunities for youth.,4209
135,2025-10-23 10:07:30,digital India spoke about recent improvements in digital India.,505
136,2025-10-23 10:08:00,poll rally promised better poll rally opportunities for youth.,529
137,2025-10-23 10:08:30,infrastructure launched a rally focusing on infrastructure development.,4058
138,2025-10-23 10:09:00,infrastructure launched a rally focusing on infrastructure development.,1747
139,2025-10-23 10:09:30,BJP urged citizens to support BJP initiatives.,3279
140,2025-10-23 10:10:00,jobs criticized the opposition for jobs issues.,851
141,2025-10-23 10:10:30,Congress urged citizens to support Congress initiatives.,540
142,2025-10-23 10:11:00,infrastructure criticized the opposition for infrastructure issues.,2590
143,2025-10-23 10:11:30,digital India launched a rally focusing on digital India development.,3739
144,2025-10-23 10:12:00,Modi promised better Modi opportunities for youth.,3896
145,2025-10-23 10:12:30,development criticized the opposition for development issues.,672
146,2025-10-23 10:13:00,digital India announced a major reform in digital India sector.,185
147,2025-10-23 10:13:30,education organized a large education awareness campaign.,3395
148,2025-10-23 10:14:00,Congress criticized the opposition for Congress issues.,3790
149,2025-10-23 10:14:30,education urged citizens to support education initiatives.,257
150,2025-10-23 10:15:00,poll rally organized a large poll rally awareness campaign.,928
151,2025-10-23 10:15:30,development criticized the opposition for development issues.,4760
152,2025-10-23 10:16:00,infrastructure highlighted challenges in infrastructure programs.,1552
153,2025-10-23 10:16:30,healthcare announced a major reform in healthcare sector.,3509
154,2025-10-23 10:17:00,campaign promised better campaign opportunities for youth.,3678
155,2025-10-23 10:17:30,Election Commission announced a major reform in Election Commission sector.,173
156,2025-10-23 10:18:00,Rahul Gandhi announced a major reform in Rahul Gandhi sector.,4079
157,2025-10-23 10:18:30,jobs highlighted challenges in jobs programs.,2123
158,2025-10-23 10:19:00,poll rally urged citizens to support poll rally initiatives.,1769
159,2025-10-23 10:19:30,poll rally spoke about recent improvements in poll rally.,2038
160,2025-10-23 10:20:00,digital India spoke about recent improvements in digital India.,3019
161,2025-10-23 10:20:30,BJP discussed the new BJP policy in India.,1145
162,2025-10-23 10:21:00,BJP announced a major reform in BJP sector.,3014
163,2025-10-23 10:21:30,corruption urged citizens to support corruption initiatives.,533
164,2025-10-23 10:22:00,infrastructure promised better infrastructure opportunities for youth.,1688
165,2025-10-23 10:22:30,Election Commission promised better Election Commission opportunities for youth.,3059
166,2025-10-23 10:23:00,poll rally highlighted challenges in poll rally programs.,3997
167,2025-10-23 10:23:30,Election Commission spoke about recent improvements in Election Commission.,1088
168,2025-10-23 10:24:00,digital India launched a rally focusing on digital India development.,478
169,2025-10-23 10:24:30,healthcare promised better healthcare opportunities for youth.,4152
170,2025-10-23 10:25:00,corruption announced a major reform in corruption sector.,3540
171,2025-10-23 10:25:30,corruption criticized the opposition for corruption issues.,1370
172,2025-10-23 10:26:00,Modi highlighted challenges in Modi programs.,3980
173,2025-10-23 10:26:30,BJP discussed the new BJP policy in India.,4441
174,2025-10-23 10:27:00,education urged citizens to support education initiatives.,4122
175,2025-10-23 10:27:30,jobs discussed the new jobs policy in India.,3495
176,2025-10-23 10:28:00,Election Commission promised better Election Commission opportunities for youth.,1048
177,2025-10-23 10:28:30,digital India announced a major reform in digital India sector.,136
178,2025-10-23 10:29:00,poll rally highlighted challenges in poll rally programs.,3398
179,2025-10-23 10:29:30,Modi spoke about recent improvements in Modi.,868
180,2025-10-23 10:30:00,Congress announced a major reform in Congress sector.,3301
181,2025-10-23 10:30:30,Modi promised better Modi opportunities for youth.,3362
182,2025-10-23 10:31:00,Rahul Gandhi criticized the opposition for Rahul Gandhi issues.,2951
183,2025-10-23 10:31:30,development spoke about recent improvements in development.,2709
184,2025-10-23 10:32:00,campaign highlighted challenges in campaign programs.,1203
185,2025-10-23 10:32:30,Congress announced a major reform in Congress sector.,2277
186,2025-10-23 10:33:00,corruption promised better corruption opportunities for youth.,274
187,2025-10-23 10:33:30,infrastructure discussed the new infrastructure policy in India.,147
188,2025-10-23 10:34:00,development spoke about recent improvements in development.,1344
189,2025-10-23 10:34:30,Congress urged citizens to support Congress initiatives.,1421
190,2025-10-23 10:35:00,Rahul Gandhi criticized the opposition for Rahul Gandhi issues.,659
191,2025-10-23 10:35:30,jobs urged citizens to support jobs initiatives.,2424
192,2025-10-23 10:36:00,manifesto spoke about recent improvements in manifesto.,478
193,2025-10-23 10:36:30,healthcare discussed the new healthcare policy in India.,3935
194,2025-10-23 10:37:00,digital India debated on digital India reforms in Parliament.,4403
195,2025-10-23 10:37:30,Election Commission announced a major reform in Election Commission sector.,4402
196,2025-10-23 10:38:00,digital India urged citizens to support digital India initiatives.,3242
197,2025-10-23 10:38:30,BJP discussed the new BJP policy in India.,1595
198,2025-10-23 10:39:00,campaign debated on campaign reforms in Parliament.,11
199,2025-10-23 10:39:30,infrastructure launched a rally focusing on infrastructure development.,53
200,2025-10-23 10:40:00,infrastructure urged citizens to support infrastructure initiatives.,1873
201,2025-10-23 10:40:30,development urged citizens to support development initiatives.,3213
202,2025-10-23 10:41:00,manifesto highlighted challenges in manifesto programs.,3142
203,2025-10-23 10:41:30,infrastructure spoke about recent improvements in infrastructure.,4831
204,2025-10-23 10:42:00,corruption spoke about recent improvements in corruption.,4897
205,2025-10-23 10:42:30,development criticized the opposition for development issues.,2039
206,2025-10-23 10:43:00,corruption discussed the new corruption policy in India.,2864
207,2025-10-23 10:43:30,poll rally organized a large poll rally awareness campaign.,2206
208,2025-10-23 10:44:00,Election Commission spoke about recent improvements in Election Commission.,1291
209,2025-10-23 10:44:30,Election Commission highlighted challenges in Election Commission programs.,1633
210,2025-10-23 10:45:00,poll rally organized a large poll rally awareness campaign.,4303
211,2025-10-23 10:45:30,Rahul Gandhi debated on Rahul Gandhi reforms in Parliament.,818
212,2025-10-23 10:46:00,corruption announced a major reform in corruption sector.,4345
213,2025-10-23 10:46:30,corruption criticized the opposition for corruption issues.,2442
214,2025-10-23 10:47:00,corruption promised better corruption opportunities for youth.,1442
215,2025-10-23 10:47:30,Modi promised better Modi opportunities for youth.,259
216,2025-10-23 10:48:00,jobs launched a rally focusing on jobs development.,862
217,2025-10-23 10:48:30,education organized a large education awareness campaign.,4292
218,2025-10-23 10:49:00,education organized a large education awareness campaign.,2253
219,2025-10-23 10:49:30,Modi promised better Modi opportunities for youth.,2131
220,2025-10-23 10:50:00,jobs criticized the opposition for jobs issues.,4952
221,2025-10-23 10:50:30,Rahul Gandhi spoke about recent improvements in Rahul Gandhi.,4148
222,2025-10-23 10:51:00,jobs spoke about recent improvements in jobs.,3589
223,2025-10-23 10:51:30,BJP discussed the new BJP policy in India.,2248
224,2025-10-23 10:52:00,manifesto launched a rally focusing on manifesto development.,3223
225,2025-10-23 10:52:30,infrastructure debated on infrastructure reforms in Parliament.,3231
226,2025-10-23 10:53:00,digital India spoke about recent improvements in digital India.,4017
227,2025-10-23 10:53:30,corruption discussed the new corruption policy in India.,2106
228,2025-10-23 10:54:00,education promised better education opportunities for youth.,200
229,2025-10-23 10:54:30,infrastructure highlighted challenges in infrastructure programs.,3159
230,2025-10-23 10:55:00,healthcare criticized the opposition for healthcare issues.,4483
231,2025-10-23 10:55:30,poll rally launched a rally focusing on poll rally development.,3974
232,2025-10-23 10:56:00,BJP spoke about recent improvements in BJP.,2000
233,2025-10-23 10:56:30,Congress announced a major reform in Congress sector.,1089
234,2025-10-23 10:57:00,BJP launched a rally focusing on BJP development.,2418
235,2025-10-23 10:57:30,Election Commission promised better Election Commission opportunities for youth.,1751
236,2025-10-23 10:58:00,digital India urged citizens to support digital India initiatives.,668
237,2025-10-23 10:58:30,corruption discussed the new corruption policy in India.,533
238,2025-10-23 10:59:00,digital India spoke about recent improvements in digital India.,2080
239,2025-10-23 10:59:30,Election Commission debated on Election Commission reforms in Parliament.,1923
240,2025-10-23 11:00:00,BJP debated on BJP reforms in Parliament.,4559
241,2025-10-23 11:00:30,Rahul Gandhi announced a major reform in Rahul Gandhi sector.,1670
242,2025-10-23 11:01:00,Modi discussed the new Modi policy in India.,4623
243,2025-10-23 11:01:30,BJP spoke about recent improvements in BJP.,2972
244,2025-10-23 11:02:00,development highlighted challenges in development programs.,1646
245,2025-10-23 11:02:30,BJP discussed the new BJP policy in India.,2277
246,2025-10-23 11:03:00,Congress organized a large Congress awareness campaign.,1014
247,2025-10-23 11:03:30,BJP discussed the new BJP policy in India.,3826
248,2025-10-23 11:04:00,healthcare criticized the opposition for healthcare issues.,2314
249,2025-10-23 11:04:30,infrastructure debated on infrastructure reforms in Parliament.,477
250,2025-10-23 11:05:00,development organized a large development awareness campaign.,3732
251,2025-10-23 11:05:30,infrastructure launched a rally focusing on infrastructure development.,3076
252,2025-10-23 11:06:00,manifesto organized a large manifesto awareness campaign.,423
253,2025-10-23 11:06:30,digital India launched a rally focusing on digital India development.,3717
254,2025-10-23 11:07:00,Rahul Gandhi highlighted challenges in Rahul Gandhi programs.,4418
255,2025-10-23 11:07:30,manifesto discussed the new manifesto policy in India.,3345
256,2025-10-23 11:08:00,Rahul Gandhi criticized the opposition for Rahul Gandhi issues.,4900
257,2025-10-23 11:08:30,development debated on development reforms in Parliament.,794
258,2025-10-23 11:09:00,healthcare organized a large healthcare awareness campaign.,967
259,2025-10-23 11:09:30,Modi launched a rally focusing on Modi development.,4285
260,2025-10-23 11:10:00,development promised better development opportunities for youth.,4127
261,2025-10-23 11:10:30,Modi urged citizens to support Modi initiatives.,2349
262,2025-10-23 11:11:00,campaign urged citizens to support campaign initiatives.,1716
263,2025-10-23 11:11:30,Rahul Gandhi promised better Rahul Gandhi opportunities for youth.,1233
264,2025-10-23 11:12:00,manifesto spoke about recent improvements in manifesto.,3884
265,2025-10-23 11:12:30,infrastructure highlighted challenges in infrastructure programs.,1384
266,2025-10-23 11:13:00,Modi launched a rally focusing on Modi development.,1659
267,2025-10-23 11:13:30,Rahul Gandhi organized a large Rahul Gandhi awareness campaign.,2016
268,2025-10-23 11:14:00,campaign announced a major reform in campaign sector.,2504
269,2025-10-23 11:14:30,development announced a major reform in development sector.,4838
270,2025-10-23 11:15:00,Rahul Gandhi highlighted challenges in Rahul Gandhi programs.,529
271,2025-10-23 11:15:30,corruption criticized the opposition for corruption issues.,4366
272,2025-10-23 11:16:00,poll rally discussed the new poll rally policy in India.,2914
273,2025-10-23 11:16:30,Congress urged citizens to support Congress initiatives.,48
274,2025-10-23 11:17:00,Congress urged citizens to support Congress initiatives.,105
275,2025-10-23 11:17:30,education discussed the new education policy in India.,2975
276,2025-10-23 11:18:00,Congress discussed the new Congress policy in India.,4981
277,2025-10-23 11:18:30,Modi highlighted challenges in Modi programs.,1609
278,2025-10-23 11:19:00,Congress urged citizens to support Congress initiatives.,774
279,2025-10-23 11:19:30,corruption promised better corruption opportunities for youth.,486
280,2025-10-23 11:20:00,corruption promised better corruption opportunities for youth.,2127
281,2025-10-23 11:20:30,education urged citizens to support education initiatives.,2634
282,2025-10-23 11:21:00,development launched a rally focusing on development development.,1063
283,2025-10-23 11:21:30,jobs launched a rally focusing on jobs development.,1800
284,2025-10-23 11:22:00,jobs criticized the opposition for jobs issues.,1595
285,2025-10-23 11:22:30,manifesto debated on manifesto reforms in Parliament.,2632
286,2025-10-23 11:23:00,education spoke about recent improvements in education.,1512
287,2025-10-23 11:23:30,healthcare criticized the opposition for healthcare issues.,559
288,2025-10-23 11:24:00,Modi promised better Modi opportunities for youth.,543
289,2025-10-23 11:24:30,infrastructure launched a rally focusing on infrastructure development.,3538
290,2025-10-23 11:25:00,development spoke about recent improvements in development.,4060
291,2025-10-23 11:25:30,healthcare promised better healthcare opportunities for youth.,1399
292,2025-10-23 11:26:00,education highlighted challenges in education programs.,3604
293,2025-10-23 11:26:30,corruption criticized the opposition for corruption issues.,3286
294,2025-10-23 11:27:00,poll rally highlighted challenges in poll rally programs.,2440
295,2025-10-23 11:27:30,campaign debated on campaign reforms in Parliament.,1906
296,2025-10-23 11:28:00,Rahul Gandhi urged citizens to support Rahul Gandhi initiatives.,3481
297,2025-10-23 11:28:30,digital India urged citizens to support digital India initiatives.,3596
298,2025-10-23 11:29:00,BJP announced a major reform in BJP sector.,3843
299,2025-10-23 11:29:30,education highlighted challenges in education programs.,611
300,2025-10-23 11:30:00,BJP organized a large BJP awareness campaign.,505
301,2025-10-23 11:30:30,education criticized the opposition for education issues.,433
302,2025-10-23 11:31:00,jobs highlighted challenges in jobs programs.,999
303,2025-10-23 11:31:30,infrastructure launched a rally focusing on infrastructure development.,2621
304,2025-10-23 11:32:00,healthcare announced a major reform in healthcare sector.,4038
305,2025-10-23 11:32:30,digital India debated on digital India reforms in Parliament.,1240
306,2025-10-23 11:33:00,Congress highlighted challenges in Congress programs.,4837
307,2025-10-23 11:33:30,infrastructure discussed the new infrastructure policy in India.,3124
308,2025-10-23 11:34:00,campaign criticized the opposition for campaign issues.,3002
309,2025-10-23 11:34:30,development announced a major reform in development sector.,2326
310,2025-10-23 11:35:00,education spoke about recent improvements in education.,3275
311,2025-10-23 11:35:30,poll rally organized a large poll rally awareness campaign.,4938
312,2025-10-23 11:36:00,Election Commission organized a large Election Commission awareness campaign.,4133
313,2025-10-23 11:36:30,manifesto criticized the opposition for manifesto issues.,3618
314,2025-10-23 11:37:00,infrastructure criticized the opposition for infrastructure issues.,322
315,2025-10-23 11:37:30,development discussed the new development policy in India.,1957
316,2025-10-23 11:38:00,healthcare organized a large healthcare awareness campaign.,981
317,2025-10-23 11:38:30,campaign launched a rally focusing on campaign development.,3570
318,2025-10-23 11:39:00,campaign launched a rally focusing on campaign development.,1932
319,2025-10-23 11:39:30,digital India organized a large digital India awareness campaign.,2578
320,2025-10-23 11:40:00,manifesto criticized the opposition for manifesto issues.,766
321,2025-10-23 11:40:30,corruption spoke about recent improvements in corruption.,1425
322,2025-10-23 11:41:00,corruption announced a major reform in corruption sector.,4765
323,2025-10-23 11:41:30,BJP announced a major reform in BJP sector.,416
324,2025-10-23 11:42:00,campaign spoke about recent improvements in campaign.,3522
325,2025-10-23 11:42:30,poll rally organized a large poll rally awareness campaign.,2120
326,2025-10-23 11:43:00,corruption highlighted challenges in corruption programs.,1378
327,2025-10-23 11:43:30,digital India launched a rally focusing on digital India development.,4869
328,2025-10-23 11:44:00,Rahul Gandhi highlighted challenges in Rahul Gandhi programs.,4922
329,2025-10-23 11:44:30,education criticized the opposition for education issues.,1615
330,2025-10-23 11:45:00,development organized a large development awareness campaign.,1514
331,2025-10-23 11:45:30,development promised better development opportunities for youth.,1844
332,2025-10-23 11:46:00,healthcare criticized the opposition for healthcare issues.,1036
333,2025-10-23 11:46:30,education spoke about recent improvements in education.,4325
334,2025-10-23 11:47:00,development highlighted challenges in development programs.,2698
335,2025-10-23 11:47:30,development highlighted challenges in development programs.,1638
336,2025-10-23 11:48:00,healthcare discussed the new healthcare policy in India.,3126
337,2025-10-23 11:48:30,healthcare announced a major reform in healthcare sector.,2077
338,2025-10-23 11:49:00,Modi organized a large Modi awareness campaign.,841
339,2025-10-23 11:49:30,corruption announced a major reform in corruption sector.,4313
340,2025-10-23 11:50:00,education promised better education opportunities for youth.,1525
341,2025-10-23 11:50:30,Congress discussed the new Congress policy in India.,3973
342,2025-10-23 11:51:00,education urged citizens to support education initiatives.,4916
343,2025-10-23 11:51:30,corruption promised better corruption opportunities for youth.,70
344,2025-10-23 11:52:00,Congress criticized the opposition for Congress issues.,753
345,2025-10-23 11:52:30,Modi launched a rally focusing on Modi development.,2837
346,2025-10-23 11:53:00,campaign debated on campaign reforms in Parliament.,4903
347,2025-10-23 11:53:30,Congress promised better Congress opportunities for youth.,2923
348,2025-10-23 11:54:00,Election Commission debated on Election Commission reforms in Parliament.,415
349,2025-10-23 11:54:30,jobs discussed the new jobs policy in India.,164
350,2025-10-23 11:55:00,BJP highlighted challenges in BJP programs.,167
351,2025-10-23 11:55:30,infrastructure announced a major reform in infrastructure sector.,3414
352,2025-10-23 11:56:00,campaign announced a major reform in campaign sector.,3085
353,2025-10-23 11:56:30,education spoke about recent improvements in education.,3260
354,2025-10-23 11:57:00,infrastructure highlighted challenges in infrastructure programs.,2045
355,2025-10-23 11:57:30,Rahul Gandhi urged citizens to support Rahul Gandhi initiatives.,2645
356,2025-10-23 11:58:00,BJP highlighted challenges in BJP programs.,2820
357,2025-10-23 11:58:30,manifesto promised better manifesto opportunities for youth.,2192
358,2025-10-23 11:59:00,Modi highlighted challenges in Modi programs.,3334
359,2025-10-23 11:59:30,Rahul Gandhi criticized the opposition for Rahul Gandhi issues.,632
360,2025-10-23 12:00:00,campaign highlighted challenges in campaign programs.,65
361,2025-10-23 12:00:30,manifesto organized a large manifesto awareness campaign.,916
362,2025-10-23 12:01:00,Congress discussed the new Congress policy in India.,1243
363,2025-10-23 12:01:30,campaign highlighted challenges in campaign programs.,3859
364,2025-10-23 12:02:00,infrastructure promised better infrastructure opportunities for youth.,4546
365,2025-10-23 12:02:30,Rahul Gandhi criticized the opposition for Rahul Gandhi issues.,2774
366,2025-10-23 12:03:00,development promised better development opportunities for youth.,2084
367,2025-10-23 12:03:30,Modi promised better Modi opportunities for youth.,475
368,2025-10-23 12:04:00,Modi urged citizens to support Modi initiatives.,1595
369,2025-10-23 12:04:30,Rahul Gandhi announced a major reform in Rahul Gandhi sector.,1470
370,2025-10-23 12:05:00,Congress criticized the opposition for Congress issues.,3923
371,2025-10-23 12:05:30,infrastructure spoke about recent improvements in infrastructure.,4599
372,2025-10-23 12:06:00,jobs promised better jobs opportunities for youth.,1696
373,2025-10-23 12:06:30,healthcare highlighted challenges in healthcare programs.,2885
374,2025-10-23 12:07:00,Modi discussed the new Modi policy in India.,4318
375,2025-10-23 12:07:30,education debated on education reforms in Parliament.,3984
376,2025-10-23 12:08:00,infrastructure spoke about recent improvements in infrastructure.,4352
377,2025-10-23 12:08:30,jobs announced a major reform in jobs sector.,2258
378,2025-10-23 12:09:00,development announced a major reform in development sector.,654
379,2025-10-23 12:09:30,Rahul Gandhi spoke about recent improvements in Rahul Gandhi.,320
380,2025-10-23 12:10:00,Rahul Gandhi urged citizens to support Rahul Gandhi initiatives.,3940
381,2025-10-23 12:10:30,Modi organized a large Modi awareness campaign.,2292
382,2025-10-23 12:11:00,digital India announced a major reform in digital India sector.,3751
383,2025-10-23 12:11:30,digital India discussed the new digital India policy in India.,4591
384,2025-10-23 12:12:00,manifesto launched a rally focusing on manifesto development.,4962
385,2025-10-23 12:12:30,Modi launched a rally focusing on Modi development.,1242
386,2025-10-23 12:13:00,Congress highlighted challenges in Congress programs.,4243
387,2025-10-23 12:13:30,Modi organized a large Modi awareness campaign.,2796
388,2025-10-23 12:14:00,digital India discussed the new digital India policy in India.,4236
389,2025-10-23 12:14:30,campaign criticized the opposition for campaign issues.,1878
390,2025-10-23 12:15:00,manifesto spoke about recent improvements in manifesto.,3364
391,2025-10-23 12:15:30,corruption highlighted challenges in corruption programs.,1112
392,2025-10-23 12:16:00,poll rally urged citizens to support poll rally initiatives.,4244
393,2025-10-23 12:16:30,education announced a major reform in education sector.,458
394,2025-10-23 12:17:00,Election Commission launched a rally focusing on Election Commission development.,3228
395,2025-10-23 12:17:30,education announced a major reform in education sector.,2057
396,2025-10-23 12:18:00,Congress organized a large Congress awareness campaign.,1611
397,2025-10-23 12:18:30,infrastructure promised better infrastructure opportunities for youth.,2002
398,2025-10-23 12:19:00,poll rally promised better poll rally opportunities for youth.,4467
399,2025-10-23 12:19:30,infrastructure organized a large infrastructure awareness campaign.,2828
400,2025-10-23 12:20:00,manifesto debated on manifesto reforms in Parliament.,531
401,2025-10-23 12:20:30,Rahul Gandhi debated on Rahul Gandhi reforms in Parliament.,4916
402,2025-10-23 12:21:00,Election Commission highlighted challenges in Election Commission programs.,1531
403,2025-10-23 12:21:30,poll rally announced a major reform in poll rally sector.,3268
404,2025-10-23 12:22:00,infrastructure highlighted challenges in infrastructure programs.,2565
405,2025-10-23 12:22:30,Modi debated on Modi reforms in Parliament.,1462
406,2025-10-23 12:23:00,development promised better development opportunities for youth.,2546
407,2025-10-23 12:23:30,development organized a large development awareness campaign.,3255
408,2025-10-23 12:24:00,campaign urged citizens to support campaign initiatives.,1352
409,2025-10-23 12:24:30,Election Commission highlighted challenges in Election Commission programs.,2764
410,2025-10-23 12:25:00,education discussed the new education policy in India.,4284
411,2025-10-23 12:25:30,digital India criticized the opposition for digital India issues.,3029
412,2025-10-23 12:26:00,BJP discussed the new BJP policy in India.,2075
413,2025-10-23 12:26:30,jobs spoke about recent improvements in jobs.,181
414,2025-10-23 12:27:00,Congress criticized the opposition for Congress issues.,636
415,2025-10-23 12:27:30,education spoke about recent improvements in education.,2442
416,2025-10-23 12:28:00,manifesto promised better manifesto opportunities for youth.,4737
417,2025-10-23 12:28:30,campaign spoke about recent improvements in campaign.,4873
418,2025-10-23 12:29:00,development launched a rally focusing on development development.,793
419,2025-10-23 12:29:30,BJP debated on BJP reforms in Parliament.,3513
420,2025-10-23 12:30:00,poll rally organized a large poll rally awareness campaign.,2939
421,2025-10-23 12:30:30,digital India organized a large digital India awareness campaign.,2983
422,2025-10-23 12:31:00,BJP launched a rally focusing on BJP development.,193
423,2025-10-23 12:31:30,manifesto highlighted challenges in manifesto programs.,4671
424,2025-10-23 12:32:00,jobs discussed the new jobs policy in India.,43
425,2025-10-23 12:32:30,Modi urged citizens to support Modi initiatives.,4304
426,2025-10-23 12:33:00,digital India discussed the new digital India policy in India.,4840
427,2025-10-23 12:33:30,infrastructure criticized the opposition for infrastructure issues.,4917
428,2025-10-23 12:34:00,corruption debated on corruption reforms in Parliament.,4172
429,2025-10-23 12:34:30,jobs promised better jobs opportunities for youth.,4979
430,2025-10-23 12:35:00,development discussed the new development policy in India.,507
431,2025-10-23 12:35:30,campaign launched a rally focusing on campaign development.,4096
432,2025-10-23 12:36:00,education discussed the new education policy in India.,4721
433,2025-10-23 12:36:30,Modi announced a major reform in Modi sector.,1835
434,2025-10-23 12:37:00,Election Commission discussed the new Election Commission policy in India.,2667
435,2025-10-23 12:37:30,BJP urged citizens to support BJP initiatives.,2961
436,2025-10-23 12:38:00,digital India organized a large digital India awareness campaign.,3378
437,2025-10-23 12:38:30,education launched a rally focusing on education development.,1410
438,2025-10-23 12:39:00,jobs debated on jobs reforms in Parliament.,4316
439,2025-10-23 12:39:30,infrastructure launched a rally focusing on infrastructure development.,4080
440,2025-10-23 12:40:00,manifesto debated on manifesto reforms in Parliament.,4297
441,2025-10-23 12:40:30,jobs debated on jobs reforms in Parliament.,2427
442,2025-10-23 12:41:00,healthcare organized a large healthcare awareness campaign.,2716
443,2025-10-23 12:41:30,Congress debated on Congress reforms in Parliament.,3702
444,2025-10-23 12:42:00,Modi promised better Modi opportunities for youth.,335
445,2025-10-23 12:42:30,Congress organized a large Congress awareness campaign.,3418
446,2025-10-23 12:43:00,education urged citizens to support education initiatives.,4592
447,2025-10-23 12:43:30,digital India promised better digital India opportunities for youth.,540
448,2025-10-23 12:44:00,healthcare launched a rally focusing on healthcare development.,1611
449,2025-10-23 12:44:30,BJP criticized the opposition for BJP issues.,2105
450,2025-10-23 12:45:00,jobs debated on jobs reforms in Parliament.,331
451,2025-10-23 12:45:30,Modi spoke about recent improvements in Modi.,2473
452,2025-10-23 12:46:00,corruption announced a major reform in corruption sector.,2087
453,2025-10-23 12:46:30,development organized a large development awareness campaign.,2133
454,2025-10-23 12:47:00,Modi urged citizens to support Modi initiatives.,4870
455,2025-10-23 12:47:30,corruption promised better corruption opportunities for youth.,812
456,2025-10-23 12:48:00,campaign announced a major reform in campaign sector.,3341
457,2025-10-23 12:48:30,digital India urged citizens to support digital India initiatives.,396
458,2025-10-23 12:49:00,development organized a large development awareness campaign.,2866
459,2025-10-23 12:49:30,Congress criticized the opposition for Congress issues.,571
460,2025-10-23 12:50:00,development announced a major reform in development sector.,4443
461,2025-10-23 12:50:30,education launched a rally focusing on education development.,4446
462,2025-10-23 12:51:00,Modi urged citizens to support Modi initiatives.,3196
463,2025-10-23 12:51:30,infrastructure urged citizens to support infrastructure initiatives.,994
464,2025-10-23 12:52:00,education promised better education opportunities for youth.,841
465,2025-10-23 12:52:30,development promised better development opportunities for youth.,2843
466,2025-10-23 12:53:00,poll rally highlighted challenges in poll rally programs.,1312
467,2025-10-23 12:53:30,poll rally discussed the new poll rally policy in India.,1206
468,2025-10-23 12:54:00,jobs launched a rally focusing on jobs development.,1136
469,2025-10-23 12:54:30,healthcare launched a rally focusing on healthcare development.,2790
470,2025-10-23 12:55:00,BJP organized a large BJP awareness campaign.,2843
471,2025-10-23 12:55:30,healthcare promised better healthcare opportunities for youth.,4405
472,2025-10-23 12:56:00,poll rally discussed the new poll rally policy in India.,2892
473,2025-10-23 12:56:30,campaign criticized the opposition for campaign issues.,1710
474,2025-10-23 12:57:00,BJP announced a major reform in BJP sector.,2985
475,2025-10-23 12:57:30,manifesto discussed the new manifesto policy in India.,4287
476,2025-10-23 12:58:00,poll rally organized a large poll rally awareness campaign.,2230
477,2025-10-23 12:58:30,manifesto discussed the new manifesto policy in India.,170
478,2025-10-23 12:59:00,corruption announced a major reform in corruption sector.,3794
479,2025-10-23 12:59:30,Election Commission launched a rally focusing on Election Commission development.,1614
480,2025-10-23 13:00:00,Congress discussed the new Congress policy in India.,181
481,2025-10-23 13:00:30,campaign debated on campaign reforms in Parliament.,956
482,2025-10-23 13:01:00,infrastructure discussed the new infrastructure policy in India.,4236
483,2025-10-23 13:01:30,Election Commission promised better Election Commission opportunities for youth.,2051
484,2025-10-23 13:02:00,digital India discussed the new digital India policy in India.,2266
485,2025-10-23 13:02:30,Election Commission promised better Election Commission opportunities for youth.,4136
486,2025-10-23 13:03:00,development launched a rally focusing on development development.,4590
487,2025-10-23 13:03:30,Modi discussed the new Modi policy in India.,2547
488,2025-10-23 13:04:00,Rahul Gandhi highlighted challenges in Rahul Gandhi programs.,384
489,2025-10-23 13:04:30,Rahul Gandhi organized a large Rahul Gandhi awareness campaign.,3814
490,2025-10-23 13:05:00,manifesto debated on manifesto reforms in Parliament.,2612
491,2025-10-23 13:05:30,Modi spoke about recent improvements in Modi.,1732
492,2025-10-23 13:06:00,Election Commission launched a rally focusing on Election Commission development.,360
493,2025-10-23 13:06:30,Modi urged citizens to support Modi initiatives.,748
494,2025-10-23 13:07:00,Congress launched a rally focusing on Congress development.,3876
495,2025-10-23 13:07:30,healthcare launched a rally focusing on healthcare development.,2221
496,2025-10-23 13:08:00,manifesto promised better manifesto opportunities for youth.,2876
497,2025-10-23 13:08:30,education launched a rally focusing on education development.,710
498,2025-10-23 13:09:00,corruption criticized the opposition for corruption issues.,2184
499,2025-10-23 13:09:30,Modi debated on Modi reforms in Parliament.,2739
500,2025-10-23 13:10:00,Election Commission urged citizens to support Election Commission initiatives.,4408
501,2025-10-23 13:10:30,infrastructure discussed the new infrastructure policy in India.,1351
502,2025-10-23 13:11:00,campaign urged citizens to support campaign initiatives.,245
503,2025-10-23 13:11:30,poll rally organized a large poll rally awareness campaign.,1676
504,2025-10-23 13:12:00,Rahul Gandhi spoke about recent improvements in Rahul Gandhi.,2230
505,2025-10-23 13:12:30,campaign organized a large campaign awareness campaign.,4806
506,2025-10-23 13:13:00,campaign announced a major reform in campaign sector.,611
507,2025-10-23 13:13:30,Modi announced a major reform in Modi sector.,2878
508,2025-10-23 13:14:00,Rahul Gandhi spoke about recent improvements in Rahul Gandhi.,632
509,2025-10-23 13:14:30,Congress discussed the new Congress policy in India.,2313
510,2025-10-23 13:15:00,healthcare promised better healthcare opportunities for youth.,2068
511,2025-10-23 13:15:30,jobs debated on jobs reforms in Parliament.,3151
512,2025-10-23 13:16:00,digital India urged citizens to support digital India initiatives.,1515
513,2025-10-23 13:16:30,BJP highlighted challenges in BJP programs.,2717
514,2025-10-23 13:17:00,Modi highlighted challenges in Modi programs.,1682
515,2025-10-23 13:17:30,Congress debated on Congress reforms in Parliament.,4014
516,2025-10-23 13:18:00,campaign launched a rally focusing on campaign development.,268
517,2025-10-23 13:18:30,development launched a rally focusing on development development.,377
518,2025-10-23 13:19:00,corruption debated on corruption reforms in Parliament.,4291
519,2025-10-23 13:19:30,jobs urged citizens to support jobs initiatives.,4949
520,2025-10-23 13:20:00,healthcare announced a major reform in healthcare sector.,4794
521,2025-10-23 13:20:30,Modi organized a large Modi awareness campaign.,574
522,2025-10-23 13:21:00,corruption spoke about recent improvements in corruption.,1931
523,2025-10-23 13:21:30,poll rally promised better poll rally opportunities for youth.,3785
524,2025-10-23 13:22:00,poll rally highlighted challenges in poll rally programs.,4133
525,2025-10-23 13:22:30,BJP promised better BJP opportunities for youth.,3091
526,2025-10-23 13:23:00,development criticized the opposition for development issues.,1116
527,2025-10-23 13:23:30,Election Commission discussed the new Election Commission policy in India.,2246
528,2025-10-23 13:24:00,Congress announced a major reform in Congress sector.,4456
529,2025-10-23 13:24:30,manifesto organized a large manifesto awareness campaign.,1540
530,2025-10-23 13:25:00,development criticized the opposition for development issues.,4206
531,2025-10-23 13:25:30,development launched a rally focusing on development development.,2038
532,2025-10-23 13:26:00,education launched a rally focusing on education development.,2736
533,2025-10-23 13:26:30,Rahul Gandhi launched a rally focusing on Rahul Gandhi development.,4027
534,2025-10-23 13:27:00,BJP announced a major reform in BJP sector.,4130
535,2025-10-23 13:27:30,infrastructure spoke about recent improvements in infrastructure.,2875
536,2025-10-23 13:28:00,corruption urged citizens to support corruption initiatives.,2066
537,2025-10-23 13:28:30,infrastructure debated on infrastructure reforms in Parliament.,4341
538,2025-10-23 13:29:00,healthcare discussed the new healthcare policy in India.,3649
539,2025-10-23 13:29:30,infrastructure spoke about recent improvements in infrastructure.,1388
540,2025-10-23 13:30:00,campaign spoke about recent improvements in campaign.,1234
541,2025-10-23 13:30:30,Election Commission organized a large Election Commission awareness campaign.,1173
542,2025-10-23 13:31:00,education debated on education reforms in Parliament.,4395
543,2025-10-23 13:31:30,jobs spoke about recent improvements in jobs.,3542
544,2025-10-23 13:32:00,corruption debated on corruption reforms in Parliament.,1487
545,2025-10-23 13:32:30,healthcare discussed the new healthcare policy in India.,3542
546,2025-10-23 13:33:00,development criticized the opposition for development issues.,4409
547,2025-10-23 13:33:30,Rahul Gandhi organized a large Rahul Gandhi awareness campaign.,4377
548,2025-10-23 13:34:00,development announced a major reform in development sector.,3932
549,2025-10-23 13:34:30,poll rally spoke about recent improvements in poll rally.,82
550,2025-10-23 13:35:00,digital India launched a rally focusing on digital India development.,4746
551,2025-10-23 13:35:30,poll rally announced a major reform in poll rally sector.,85
552,2025-10-23 13:36:00,jobs debated on jobs reforms in Parliament.,4849
553,2025-10-23 13:36:30,healthcare announced a major reform in healthcare sector.,1942
554,2025-10-23 13:37:00,Rahul Gandhi launched a rally focusing on Rahul Gandhi development.,3331
555,2025-10-23 13:37:30,development highlighted challenges in development programs.,4997
556,2025-10-23 13:38:00,Modi criticized the opposition for Modi issues.,1295
557,2025-10-23 13:38:30,development criticized the opposition for development issues.,4789
558,2025-10-23 13:39:00,poll rally organized a large poll rally awareness campaign.,2167
559,2025-10-23 13:39:30,Election Commission announced a major reform in Election Commission sector.,234
560,2025-10-23 13:40:00,Congress promised better Congress opportunities for youth.,287
561,2025-10-23 13:40:30,Modi debated on Modi reforms in Parliament.,4450
562,2025-10-23 13:41:00,development organized a large development awareness campaign.,593
563,2025-10-23 13:41:30,BJP discussed the new BJP policy in India.,1773
564,2025-10-23 13:42:00,manifesto promised better manifesto opportunities for youth.,3096
565,2025-10-23 13:42:30,healthcare urged citizens to support healthcare initiatives.,2997
566,2025-10-23 13:43:00,manifesto highlighted challenges in manifesto programs.,642
567,2025-10-23 13:43:30,campaign discussed the new campaign policy in India.,3760
568,2025-10-23 13:44:00,Election Commission announced a major reform in Election Commission sector.,4508
569,2025-10-23 13:44:30,campaign organized a large campaign awareness campaign.,3249
570,2025-10-23 13:45:00,jobs organized a large jobs awareness campaign.,1945
571,2025-10-23 13:45:30,manifesto organized a large manifesto awareness campaign.,3762
572,2025-10-23 13:46:00,campaign promised better campaign opportunities for youth.,1524
573,2025-10-23 13:46:30,corruption announced a major reform in corruption sector.,2388
574,2025-10-23 13:47:00,digital India spoke about recent improvements in digital India.,4465
575,2025-10-23 13:47:30,healthcare criticized the opposition for healthcare issues.,2044
576,2025-10-23 13:48:00,corruption announced a major reform in corruption sector.,1594
577,2025-10-23 13:48:30,infrastructure highlighted challenges in infrastructure programs.,3149
578,2025-10-23 13:49:00,BJP spoke about recent improvements in BJP.,4603
579,2025-10-23 13:49:30,digital India organized a large digital India awareness campaign.,3001
580,2025-10-23 13:50:00,BJP organized a large BJP awareness campaign.,3136
581,2025-10-23 13:50:30,education organized a large education awareness campaign.,2592
582,2025-10-23 13:51:00,Rahul Gandhi highlighted challenges in Rahul Gandhi programs.,3235
583,2025-10-23 13:51:30,jobs debated on jobs reforms in Parliament.,2330
584,2025-10-23 13:52:00,jobs criticized the opposition for jobs issues.,2683
585,2025-10-23 13:52:30,campaign urged citizens to support campaign initiatives.,4248
586,2025-10-23 13:53:00,digital India criticized the opposition for digital India issues.,1127
587,2025-10-23 13:53:30,development highlighted challenges in development programs.,1582
588,2025-10-23 13:54:00,healthcare promised better healthcare opportunities for youth.,473
589,2025-10-23 13:54:30,Modi urged citizens to support Modi initiatives.,4825
590,2025-10-23 13:55:00,healthcare organized a large healthcare awareness campaign.,2290
591,2025-10-23 13:55:30,campaign debated on campaign reforms in Parliament.,725
592,2025-10-23 13:56:00,digital India promised better digital India opportunities for youth.,703
593,2025-10-23 13:56:30,BJP organized a large BJP awareness campaign.,2008
594,2025-10-23 13:57:00,Congress criticized the opposition for Congress issues.,601
595,2025-10-23 13:57:30,corruption spoke about recent improvements in corruption.,3985
596,2025-10-23 13:58:00,digital India announced a major reform in digital India sector.,4742
597,2025-10-23 13:58:30,Congress discussed the new Congress policy in India.,1418
598,2025-10-23 13:59:00,Election Commission promised better Election Commission opportunities for youth.,1346
599,2025-10-23 13:59:30,education criticized the opposition for education issues.,4201
600,2025-10-23 14:00:00,jobs criticized the opposition for jobs issues.,3415
601,2025-10-23 14:00:30,BJP announced a major reform in BJP sector.,1581
602,2025-10-23 14:01:00,digital India spoke about recent improvements in digital India.,4778
603,2025-10-23 14:01:30,campaign organized a large campaign awareness campaign.,3051
604,2025-10-23 14:02:00,manifesto launched a rally focusing on manifesto development.,2324
605,2025-10-23 14:02:30,digital India highlighted challenges in digital India programs.,1539
606,2025-10-23 14:03:00,Congress organized a large Congress awareness campaign.,4923
607,2025-10-23 14:03:30,Modi discussed the new Modi policy in India.,2631
608,2025-10-23 14:04:00,BJP discussed the new BJP policy in India.,459
609,2025-10-23 14:04:30,BJP discussed the new BJP policy in India.,1849
610,2025-10-23 14:05:00,campaign discussed the new campaign policy in India.,2233
611,2025-10-23 14:05:30,corruption promised better corruption opportunities for youth.,1462
612,2025-10-23 14:06:00,poll rally urged citizens to support poll rally initiatives.,354
613,2025-10-23 14:06:30,Congress debated on Congress reforms in Parliament.,1424
614,2025-10-23 14:07:00,jobs urged citizens to support jobs initiatives.,4346
615,2025-10-23 14:07:30,digital India debated on digital India reforms in Parliament.,4348
616,2025-10-23 14:08:00,poll rally promised better poll rally opportunities for youth.,3857
617,2025-10-23 14:08:30,corruption launched a rally focusing on corruption development.,945
618,2025-10-23 14:09:00,development announced a major reform in development sector.,1148
619,2025-10-23 14:09:30,jobs debated on jobs reforms in Parliament.,1965
620,2025-10-23 14:10:00,jobs spoke about recent improvements in jobs.,554
621,2025-10-23 14:10:30,healthcare promised better healthcare opportunities for youth.,2810
622,2025-10-23 14:11:00,development spoke about recent improvements in development.,667
623,2025-10-23 14:11:30,digital India urged citizens to support digital India initiatives.,2897
624,2025-10-23 14:12:00,education organized a large education awareness campaign.,1788
625,2025-10-23 14:12:30,digital India criticized the opposition for digital India issues.,4268
626,2025-10-23 14:13:00,Rahul Gandhi highlighted challenges in Rahul Gandhi programs.,1850
627,2025-10-23 14:13:30,infrastructure organized a large infrastructure awareness campaign.,816
628,2025-10-23 14:14:00,jobs highlighted challenges in jobs programs.,4799
629,2025-10-23 14:14:30,poll rally urged citizens to support poll rally initiatives.,595
630,2025-10-23 14:15:00,poll rally criticized the opposition for poll rally issues.,3546
631,2025-10-23 14:15:30,Election Commission organized a large Election Commission awareness campaign.,3860
632,2025-10-23 14:16:00,poll rally urged citizens to support poll rally initiatives.,4029
633,2025-10-23 14:16:30,digital India criticized the opposition for digital India issues.,1145
634,2025-10-23 14:17:00,Rahul Gandhi announced a major reform in Rahul Gandhi sector.,2318
635,2025-10-23 14:17:30,healthcare highlighted challenges in healthcare programs.,2961
636,2025-10-23 14:18:00,BJP announced a major reform in BJP sector.,1316
637,2025-10-23 14:18:30,jobs launched a rally focusing on jobs development.,4121
638,2025-10-23 14:19:00,poll rally spoke about recent improvements in poll rally.,4027
639,2025-10-23 14:19:30,poll rally spoke about recent improvements in poll rally.,907
640,2025-10-23 14:20:00,digital India promised better digital India opportunities for youth.,3360
641,2025-10-23 14:20:30,healthcare highlighted challenges in healthcare programs.,1952
642,2025-10-23 14:21:00,infrastructure organized a large infrastructure awareness campaign.,2459
643,2025-10-23 14:21:30,Modi announced a major reform in Modi sector.,4788
644,2025-10-23 14:22:00,Election Commission promised better Election Commission opportunities for youth.,1003
645,2025-10-23 14:22:30,Congress organized a large Congress awareness campaign.,4148
646,2025-10-23 14:23:00,jobs launched a rally focusing on jobs development.,3423
647,2025-10-23 14:23:30,jobs launched a rally focusing on jobs development.,3491
648,2025-10-23 14:24:00,Rahul Gandhi criticized the opposition for Rahul Gandhi issues.,1048
649,2025-10-23 14:24:30,Modi promised better Modi opportunities for youth.,2218
650,2025-10-23 14:25:00,corruption urged citizens to support corruption initiatives.,3523
651,2025-10-23 14:25:30,digital India launched a rally focusing on digital India development.,4413
652,2025-10-23 14:26:00,education criticized the opposition for education issues.,4658
653,2025-10-23 14:26:30,corruption highlighted challenges in corruption programs.,2171
654,2025-10-23 14:27:00,manifesto highlighted challenges in manifesto programs.,3361
655,2025-10-23 14:27:30,Modi criticized the opposition for Modi issues.,2700
656,2025-10-23 14:28:00,infrastructure criticized the opposition for infrastructure issues.,454
657,2025-10-23 14:28:30,digital India promised better digital India opportunities for youth.,3217
658,2025-10-23 14:29:00,development launched a rally focusing on development development.,503
659,2025-10-23 14:29:30,infrastructure urged citizens to support infrastructure initiatives.,3234
660,2025-10-23 14:30:00,campaign organized a large campaign awareness campaign.,506
661,2025-10-23 14:30:30,infrastructure debated on infrastructure reforms in Parliament.,1476
662,2025-10-23 14:31:00,manifesto promised better manifesto opportunities for youth.,3681
663,2025-10-23 14:31:30,BJP launched a rally focusing on BJP development.,1393
664,2025-10-23 14:32:00,Modi organized a large Modi awareness campaign.,4387
665,2025-10-23 14:32:30,digital India debated on digital India reforms in Parliament.,2537
666,2025-10-23 14:33:00,Congress promised better Congress opportunities for youth.,3640
667,2025-10-23 14:33:30,manifesto discussed the new manifesto policy in India.,4411
668,2025-10-23 14:34:00,digital India debated on digital India reforms in Parliament.,239
669,2025-10-23 14:34:30,poll rally launched a rally focusing on poll rally development.,1839
670,2025-10-23 14:35:00,corruption promised better corruption opportunities for youth.,4912
671,2025-10-23 14:35:30,Modi highlighted challenges in Modi programs.,4024
672,2025-10-23 14:36:00,Rahul Gandhi criticized the opposition for Rahul Gandhi issues.,4653
673,2025-10-23 14:36:30,education highlighted challenges in education programs.,622
674,2025-10-23 14:37:00,jobs urged citizens to support jobs initiatives.,929
675,2025-10-23 14:37:30,Rahul Gandhi launched a rally focusing on Rahul Gandhi development.,1465
676,2025-10-23 14:38:00,BJP spoke about recent improvements in BJP.,2539
677,2025-10-23 14:38:30,Congress criticized the opposition for Congress issues.,3761
678,2025-10-23 14:39:00,infrastructure spoke about recent improvements in infrastructure.,4276
679,2025-10-23 14:39:30,poll rally spoke about recent improvements in poll rally.,4366
680,2025-10-23 14:40:00,education urged citizens to support education initiatives.,4927
681,2025-10-23 14:40:30,campaign debated on campaign reforms in Parliament.,4986
682,2025-10-23 14:41:00,Modi urged citizens to support Modi initiatives.,3433
683,2025-10-23 14:41:30,manifesto spoke about recent improvements in manifesto.,418
684,2025-10-23 14:42:00,Modi spoke about recent improvements in Modi.,1247
685,2025-10-23 14:42:30,corruption highlighted challenges in corruption programs.,1984
686,2025-10-23 14:43:00,infrastructure organized a large infrastructure awareness campaign.,2598
687,2025-10-23 14:43:30,Modi discussed the new Modi policy in India.,1588
688,2025-10-23 14:44:00,Congress spoke about recent improvements in Congress.,3553
689,2025-10-23 14:44:30,development criticized the opposition for development issues.,336
690,2025-10-23 14:45:00,education urged citizens to support education initiatives.,4791
691,2025-10-23 14:45:30,healthcare highlighted challenges in healthcare programs.,1209
692,2025-10-23 14:46:00,jobs organized a large jobs awareness campaign.,3405
693,2025-10-23 14:46:30,BJP debated on BJP reforms in Parliament.,237
694,2025-10-23 14:47:00,corruption announced a major reform in corruption sector.,2256
695,2025-10-23 14:47:30,Rahul Gandhi announced a major reform in Rahul Gandhi sector.,2345
696,2025-10-23 14:48:00,Congress spoke about recent improvements in Congress.,2277
697,2025-10-23 14:48:30,Election Commission spoke about recent improvements in Election Commission.,4331
698,2025-10-23 14:49:00,jobs promised better jobs opportunities for youth.,2230
699,2025-10-23 14:49:30,infrastructure launched a rally focusing on infrastructure development.,4138
700,2025-10-23 14:50:00,Rahul Gandhi organized a large Rahul Gandhi awareness campaign.,693
701,2025-10-23 14:50:30,campaign urged citizens to support campaign initiatives.,2091
702,2025-10-23 14:51:00,Election Commission debated on Election Commission reforms in Parliament.,3002
703,2025-10-23 14:51:30,jobs organized a large jobs awareness campaign.,2270
704,2025-10-23 14:52:00,corruption promised better corruption opportunities for youth.,736
705,2025-10-23 14:52:30,Congress highlighted challenges in Congress programs.,2067
706,2025-10-23 14:53:00,Modi debated on Modi reforms in Parliament.,4491
707,2025-10-23 14:53:30,Election Commission organized a large Election Commission awareness campaign.,1788
708,2025-10-23 14:54:00,Election Commission spoke about recent improvements in Election Commission.,1189
709,2025-10-23 14:54:30,Modi promised better Modi opportunities for youth.,399
710,2025-10-23 14:55:00,Modi announced a major reform in Modi sector.,4387
711,2025-10-23 14:55:30,Modi debated on Modi reforms in Parliament.,681
712,2025-10-23 14:56:00,BJP debated on BJP reforms in Parliament.,1153
713,2025-10-23 14:56:30,Congress organized a large Congress awareness campaign.,1781
714,2025-10-23 14:57:00,development organized a large development awareness campaign.,3649
715,2025-10-23 14:57:30,education launched a rally focusing on education development.,3820
716,2025-10-23 14:58:00,Congress organized a large Congress awareness campaign.,3540
717,2025-10-23 14:58:30,digital India announced a major reform in digital India sector.,2072
718,2025-10-23 14:59:00,campaign debated on campaign reforms in Parliament.,962
719,2025-10-23 14:59:30,campaign discussed the new campaign policy in India.,998
720,2025-10-23 15:00:00,infrastructure announced a major reform in infrastructure sector.,3781
721,2025-10-23 15:00:30,BJP discussed the new BJP policy in India.,539
722,2025-10-23 15:01:00,manifesto promised better manifesto opportunities for youth.,1644
723,2025-10-23 15:01:30,Rahul Gandhi launched a rally focusing on Rahul Gandhi development.,3555
724,2025-10-23 15:02:00,jobs highlighted challenges in jobs programs.,3314
725,2025-10-23 15:02:30,BJP spoke about recent improvements in BJP.,3725
726,2025-10-23 15:03:00,healthcare promised better healthcare opportunities for youth.,4987
727,2025-10-23 15:03:30,Congress highlighted challenges in Congress programs.,1465
728,2025-10-23 15:04:00,corruption spoke about recent improvements in corruption.,2936
729,2025-10-23 15:04:30,Rahul Gandhi discussed the new Rahul Gandhi policy in India.,2200
730,2025-10-23 15:05:00,corruption organized a large corruption awareness campaign.,2163
731,2025-10-23 15:05:30,corruption debated on corruption reforms in Parliament.,3041
732,2025-10-23 15:06:00,healthcare promised better healthcare opportunities for youth.,2090
733,2025-10-23 15:06:30,corruption debated on corruption reforms in Parliament.,955
734,2025-10-23 15:07:00,digital India criticized the opposition for digital India issues.,2732
735,2025-10-23 15:07:30,poll rally urged citizens to support poll rally initiatives.,1143
736,2025-10-23 15:08:00,campaign spoke about recent improvements in campaign.,188
737,2025-10-23 15:08:30,jobs debated on jobs reforms in Parliament.,1603
738,2025-10-23 15:09:00,digital India debated on digital India reforms in Parliament.,2115
739,2025-10-23 15:09:30,Rahul Gandhi criticized the opposition for Rahul Gandhi issues.,2818
740,2025-10-23 15:10:00,digital India criticized the opposition for digital India issues.,3400
741,2025-10-23 15:10:30,Rahul Gandhi launched a rally focusing on Rahul Gandhi development.,583
742,2025-10-23 15:11:00,education urged citizens to support education initiatives.,4499
743,2025-10-23 15:11:30,manifesto organized a large manifesto awareness campaign.,2205
744,2025-10-23 15:12:00,Modi announced a major reform in Modi sector.,443
745,2025-10-23 15:12:30,campaign announced a major reform in campaign sector.,1949
746,2025-10-23 15:13:00,campaign debated on campaign reforms in Parliament.,4969
747,2025-10-23 15:13:30,jobs urged citizens to support jobs initiatives.,4344
748,2025-10-23 15:14:00,corruption urged citizens to support corruption initiatives.,4149
749,2025-10-23 15:14:30,corruption urged citizens to support corruption initiatives.,3817
750,2025-10-23 15:15:00,manifesto announced a major reform in manifesto sector.,4486
751,2025-10-23 15:15:30,BJP launched a rally focusing on BJP development.,4029
752,2025-10-23 15:16:00,Election Commission organized a large Election Commission awareness campaign.,2397
753,2025-10-23 15:16:30,healthcare highlighted challenges in healthcare programs.,1220
754,2025-10-23 15:17:00,BJP urged citizens to support BJP initiatives.,1941
755,2025-10-23 15:17:30,campaign discussed the new campaign policy in India.,4690
756,2025-10-23 15:18:00,poll rally highlighted challenges in poll rally programs.,4465
757,2025-10-23 15:18:30,infrastructure spoke about recent improvements in infrastructure.,261
758,2025-10-23 15:19:00,infrastructure spoke about recent improvements in infrastructure.,2285
759,2025-10-23 15:19:30,infrastructure urged citizens to support infrastructure initiatives.,586
760,2025-10-23 15:20:00,Rahul Gandhi organized a large Rahul Gandhi awareness campaign.,3146
761,2025-10-23 15:20:30,campaign promised better campaign opportunities for youth.,658
762,2025-10-23 15:21:00,manifesto announced a major reform in manifesto sector.,4583
763,2025-10-23 15:21:30,campaign promised better campaign opportunities for youth.,3994
764,2025-10-23 15:22:00,manifesto criticized the opposition for manifesto issues.,924
765,2025-10-23 15:22:30,development promised better development opportunities for youth.,4858
766,2025-10-23 15:23:00,development highlighted challenges in development programs.,3399
767,2025-10-23 15:23:30,infrastructure announced a major reform in infrastructure sector.,2976
768,2025-10-23 15:24:00,BJP discussed the new BJP policy in India.,4600
769,2025-10-23 15:24:30,Congress urged citizens to support Congress initiatives.,2687
770,2025-10-23 15:25:00,Modi launched a rally focusing on Modi development.,3971
771,2025-10-23 15:25:30,poll rally spoke about recent improvements in poll rally.,1902
772,2025-10-23 15:26:00,Congress launched a rally focusing on Congress development.,1683
773,2025-10-23 15:26:30,digital India spoke about recent improvements in digital India.,621
774,2025-10-23 15:27:00,digital India debated on digital India reforms in Parliament.,2620
775,2025-10-23 15:27:30,jobs highlighted challenges in jobs programs.,582
776,2025-10-23 15:28:00,BJP criticized the opposition for BJP issues.,259
777,2025-10-23 15:28:30,BJP highlighted challenges in BJP programs.,4223
778,2025-10-23 15:29:00,Modi promised better Modi opportunities for youth.,1179
779,2025-10-23 15:29:30,development discussed the new development policy in India.,4149
780,2025-10-23 15:30:00,Rahul Gandhi organized a large Rahul Gandhi awareness campaign.,530
781,2025-10-23 15:30:30,education spoke about recent improvements in education.,1168
782,2025-10-23 15:31:00,Congress criticized the opposition for Congress issues.,2299
783,2025-10-23 15:31:30,corruption promised better corruption opportunities for youth.,1211
784,2025-10-23 15:32:00,corruption organized a large corruption awareness campaign.,2608
785,2025-10-23 15:32:30,jobs organized a large jobs awareness campaign.,3842
786,2025-10-23 15:33:00,infrastructure highlighted challenges in infrastructure programs.,4317
787,2025-10-23 15:33:30,development criticized the opposition for development issues.,193
788,2025-10-23 15:34:00,BJP discussed the new BJP policy in India.,3636
789,2025-10-23 15:34:30,Election Commission urged citizens to support Election Commission initiatives.,4500
790,2025-10-23 15:35:00,development criticized the opposition for development issues.,3667
791,2025-10-23 15:35:30,Modi promised better Modi opportunities for youth.,622
792,2025-10-23 15:36:00,education promised better education opportunities for youth.,573
793,2025-10-23 15:36:30,manifesto highlighted challenges in manifesto programs.,3067
794,2025-10-23 15:37:00,jobs debated on jobs reforms in Parliament.,4642
795,2025-10-23 15:37:30,campaign debated on campaign reforms in Parliament.,3232
796,2025-10-23 15:38:00,manifesto spoke about recent improvements in manifesto.,4229
797,2025-10-23 15:38:30,education debated on education reforms in Parliament.,4438
798,2025-10-23 15:39:00,Congress urged citizens to support Congress initiatives.,4799
799,2025-10-23 15:39:30,Election Commission highlighted challenges in Election Commission programs.,2631
800,2025-10-23 15:40:00,development announced a major reform in development sector.,1427
801,2025-10-23 15:40:30,jobs highlighted challenges in jobs programs.,3407
802,2025-10-23 15:41:00,Election Commission promised better Election Commission opportunities for youth.,3689
803,2025-10-23 15:41:30,Rahul Gandhi launched a rally focusing on Rahul Gandhi development.,4544
804,2025-10-23 15:42:00,healthcare urged citizens to support healthcare initiatives.,2989
805,2025-10-23 15:42:30,corruption urged citizens to support corruption initiatives.,3891
806,2025-10-23 15:43:00,corruption spoke about recent improvements in corruption.,3673
807,2025-10-23 15:43:30,campaign organized a large campaign awareness campaign.,3484
808,2025-10-23 15:44:00,poll rally organized a large poll rally awareness campaign.,4249
809,2025-10-23 15:44:30,Rahul Gandhi discussed the new Rahul Gandhi policy in India.,3230
810,2025-10-23 15:45:00,infrastructure urged citizens to support infrastructure initiatives.,4032
811,2025-10-23 15:45:30,BJP announced a major reform in BJP sector.,778
812,2025-10-23 15:46:00,poll rally highlighted challenges in poll rally programs.,1036
813,2025-10-23 15:46:30,Congress highlighted challenges in Congress programs.,4696
814,2025-10-23 15:47:00,jobs criticized the opposition for jobs issues.,2826
815,2025-10-23 15:47:30,BJP urged citizens to support BJP initiatives.,4707
816,2025-10-23 15:48:00,Rahul Gandhi organized a large Rahul Gandhi awareness campaign.,4976
817,2025-10-23 15:48:30,Modi organized a large Modi awareness campaign.,2739
818,2025-10-23 15:49:00,jobs criticized the opposition for jobs issues.,4696
819,2025-10-23 15:49:30,healthcare promised better healthcare opportunities for youth.,3948
820,2025-10-23 15:50:00,campaign spoke about recent improvements in campaign.,1642
821,2025-10-23 15:50:30,poll rally announced a major reform in poll rally sector.,2732
822,2025-10-23 15:51:00,manifesto spoke about recent improvements in manifesto.,352
823,2025-10-23 15:51:30,infrastructure debated on infrastructure reforms in Parliament.,1326
824,2025-10-23 15:52:00,Election Commission promised better Election Commission opportunities for youth.,2658
825,2025-10-23 15:52:30,education discussed the new education policy in India.,365
826,2025-10-23 15:53:00,Congress highlighted challenges in Congress programs.,1779
827,2025-10-23 15:53:30,infrastructure announced a major reform in infrastructure sector.,3192
828,2025-10-23 15:54:00,education discussed the new education policy in India.,462
829,2025-10-23 15:54:30,BJP highlighted challenges in BJP programs.,1638
830,2025-10-23 15:55:00,BJP announced a major reform in BJP sector.,1190
831,2025-10-23 15:55:30,corruption promised better corruption opportunities for youth.,1545
832,2025-10-23 15:56:00,BJP criticized the opposition for BJP issues.,2305
833,2025-10-23 15:56:30,Election Commission announced a major reform in Election Commission sector.,1937
834,2025-10-23 15:57:00,campaign discussed the new campaign policy in India.,2451
835,2025-10-23 15:57:30,BJP highlighted challenges in BJP programs.,3774
836,2025-10-23 15:58:00,education organized a large education awareness campaign.,3016
837,2025-10-23 15:58:30,development launched a rally focusing on development development.,1458
838,2025-10-23 15:59:00,poll rally organized a large poll rally awareness campaign.,4686
839,2025-10-23 15:59:30,digital India promised better digital India opportunities for youth.,2907
840,2025-10-23 16:00:00,poll rally debated on poll rally reforms in Parliament.,3864
841,2025-10-23 16:00:30,poll rally highlighted challenges in poll rally programs.,2757
842,2025-10-23 16:01:00,corruption urged citizens to support corruption initiatives.,631
843,2025-10-23 16:01:30,Modi discussed the new Modi policy in India.,4788
844,2025-10-23 16:02:00,Election Commission discussed the new Election Commission policy in India.,4778
845,2025-10-23 16:02:30,healthcare promised better healthcare opportunities for youth.,2105
846,2025-10-23 16:03:00,jobs promised better jobs opportunities for youth.,1008
847,2025-10-23 16:03:30,Election Commission criticized the opposition for Election Commission issues.,1260
848,2025-10-23 16:04:00,healthcare urged citizens to support healthcare initiatives.,2189
849,2025-10-23 16:04:30,digital India debated on digital India reforms in Parliament.,4800
850,2025-10-23 16:05:00,digital India urged citizens to support digital India initiatives.,2927
851,2025-10-23 16:05:30,healthcare highlighted challenges in healthcare programs.,2745
852,2025-10-23 16:06:00,education highlighted challenges in education programs.,95
853,2025-10-23 16:06:30,Modi promised better Modi opportunities for youth.,1418
854,2025-10-23 16:07:00,Congress promised better Congress opportunities for youth.,1161
855,2025-10-23 16:07:30,Modi launched a rally focusing on Modi development.,248
856,2025-10-23 16:08:00,jobs urged citizens to support jobs initiatives.,1620
857,2025-10-23 16:08:30,digital India discussed the new digital India policy in India.,199
858,2025-10-23 16:09:00,Congress promised better Congress opportunities for youth.,3592
859,2025-10-23 16:09:30,education discussed the new education policy in India.,2009
860,2025-10-23 16:10:00,infrastructure spoke about recent improvements in infrastructure.,689
861,2025-10-23 16:10:30,campaign debated on campaign reforms in Parliament.,466
862,2025-10-23 16:11:00,healthcare debated on healthcare reforms in Parliament.,482
863,2025-10-23 16:11:30,development highlighted challenges in development programs.,1085
864,2025-10-23 16:12:00,jobs debated on jobs reforms in Parliament.,2293
865,2025-10-23 16:12:30,campaign criticized the opposition for campaign issues.,341
866,2025-10-23 16:13:00,BJP organized a large BJP awareness campaign.,3132
867,2025-10-23 16:13:30,digital India announced a major reform in digital India sector.,4968
868,2025-10-23 16:14:00,poll rally discussed the new poll rally policy in India.,66
869,2025-10-23 16:14:30,jobs spoke about recent improvements in jobs.,1537
870,2025-10-23 16:15:00,infrastructure launched a rally focusing on infrastructure development.,19
871,2025-10-23 16:15:30,poll rally highlighted challenges in poll rally programs.,575
872,2025-10-23 16:16:00,Congress urged citizens to support Congress initiatives.,4786
873,2025-10-23 16:16:30,Election Commission organized a large Election Commission awareness campaign.,808
874,2025-10-23 16:17:00,corruption discussed the new corruption policy in India.,1207
875,2025-10-23 16:17:30,Election Commission urged citizens to support Election Commission initiatives.,83
876,2025-10-23 16:18:00,Modi urged citizens to support Modi initiatives.,2019
877,2025-10-23 16:18:30,Rahul Gandhi launched a rally focusing on Rahul Gandhi development.,1526
878,2025-10-23 16:19:00,jobs announced a major reform in jobs sector.,1862
879,2025-10-23 16:19:30,infrastructure discussed the new infrastructure policy in India.,2877
880,2025-10-23 16:20:00,manifesto highlighted challenges in manifesto programs.,4762
881,2025-10-23 16:20:30,campaign organized a large campaign awareness campaign.,4650
882,2025-10-23 16:21:00,Election Commission debated on Election Commission reforms in Parliament.,1366
883,2025-10-23 16:21:30,development criticized the opposition for development issues.,857
884,2025-10-23 16:22:00,development criticized the opposition for development issues.,3881
885,2025-10-23 16:22:30,manifesto criticized the opposition for manifesto issues.,763
886,2025-10-23 16:23:00,jobs launched a rally focusing on jobs development.,3257
887,2025-10-23 16:23:30,digital India spoke about recent improvements in digital India.,865
888,2025-10-23 16:24:00,digital India discussed the new digital India policy in India.,4557
889,2025-10-23 16:24:30,campaign spoke about recent improvements in campaign.,3588
890,2025-10-23 16:25:00,education organized a large education awareness campaign.,1795
891,2025-10-23 16:25:30,Rahul Gandhi debated on Rahul Gandhi reforms in Parliament.,3195
892,2025-10-23 16:26:00,Congress criticized the opposition for Congress issues.,448
893,2025-10-23 16:26:30,digital India criticized the opposition for digital India issues.,2287
894,2025-10-23 16:27:00,infrastructure promised better infrastructure opportunities for youth.,4013
895,2025-10-23 16:27:30,corruption debated on corruption reforms in Parliament.,1577
896,2025-10-23 16:28:00,healthcare announced a major reform in healthcare sector.,4533
897,2025-10-23 16:28:30,Election Commission highlighted challenges in Election Commission programs.,2965
898,2025-10-23 16:29:00,BJP highlighted challenges in BJP programs.,4406
899,2025-10-23 16:29:30,manifesto debated on manifesto reforms in Parliament.,4772
900,2025-10-23 16:30:00,jobs spoke about recent improvements in jobs.,432
901,2025-10-23 16:30:30,manifesto highlighted challenges in manifesto programs.,4839
902,2025-10-23 16:31:00,Election Commission urged citizens to support Election Commission initiatives.,509
903,2025-10-23 16:31:30,digital India announced a major reform in digital India sector.,1718
904,2025-10-23 16:32:00,education debated on education reforms in Parliament.,1961
905,2025-10-23 16:32:30,poll rally debated on poll rally reforms in Parliament.,963
906,2025-10-23 16:33:00,manifesto discussed the new manifesto policy in India.,134
907,2025-10-23 16:33:30,digital India criticized the opposition for digital India issues.,2955
908,2025-10-23 16:34:00,development highlighted challenges in development programs.,1543
909,2025-10-23 16:34:30,manifesto criticized the opposition for manifesto issues.,3500
910,2025-10-23 16:35:00,Congress highlighted challenges in Congress programs.,4737
911,2025-10-23 16:35:30,manifesto highlighted challenges in manifesto programs.,4745
912,2025-10-23 16:36:00,corruption announced a major reform in corruption sector.,1578
913,2025-10-23 16:36:30,corruption highlighted challenges in corruption programs.,2818
914,2025-10-23 16:37:00,development announced a major reform in development sector.,295
915,2025-10-23 16:37:30,BJP spoke about recent improvements in BJP.,4444
916,2025-10-23 16:38:00,education urged citizens to support education initiatives.,1204
917,2025-10-23 16:38:30,Election Commission launched a rally focusing on Election Commission development.,201
918,2025-10-23 16:39:00,poll rally criticized the opposition for poll rally issues.,4256
919,2025-10-23 16:39:30,Rahul Gandhi promised better Rahul Gandhi opportunities for youth.,2839
920,2025-10-23 16:40:00,manifesto promised better manifesto opportunities for youth.,3158
921,2025-10-23 16:40:30,education highlighted challenges in education programs.,3331
922,2025-10-23 16:41:00,infrastructure announced a major reform in infrastructure sector.,1032
923,2025-10-23 16:41:30,Election Commission debated on Election Commission reforms in Parliament.,1427
924,2025-10-23 16:42:00,poll rally launched a rally focusing on poll rally development.,2079
925,2025-10-23 16:42:30,Election Commission spoke about recent improvements in Election Commission.,678
926,2025-10-23 16:43:00,Rahul Gandhi launched a rally focusing on Rahul Gandhi development.,2239
927,2025-10-23 16:43:30,manifesto highlighted challenges in manifesto programs.,106
928,2025-10-23 16:44:00,Congress urged citizens to support Congress initiatives.,2099
929,2025-10-23 16:44:30,manifesto organized a large manifesto awareness campaign.,810
930,2025-10-23 16:45:00,BJP discussed the new BJP policy in India.,3971
931,2025-10-23 16:45:30,education debated on education reforms in Parliament.,836
932,2025-10-23 16:46:00,development launched a rally focusing on development development.,3644
933,2025-10-23 16:46:30,BJP criticized the opposition for BJP issues.,3804
934,2025-10-23 16:47:00,development launched a rally focusing on development development.,2364
935,2025-10-23 16:47:30,Rahul Gandhi urged citizens to support Rahul Gandhi initiatives.,3152
936,2025-10-23 16:48:00,campaign announced a major reform in campaign sector.,2373
937,2025-10-23 16:48:30,poll rally debated on poll rally reforms in Parliament.,4806
938,2025-10-23 16:49:00,campaign launched a rally focusing on campaign development.,4688
939,2025-10-23 16:49:30,Congress criticized the opposition for Congress issues.,2179
940,2025-10-23 16:50:00,digital India highlighted challenges in digital India programs.,2348
941,2025-10-23 16:50:30,corruption criticized the opposition for corruption issues.,621
942,2025-10-23 16:51:00,Congress urged citizens to support Congress initiatives.,641
943,2025-10-23 16:51:30,healthcare criticized the opposition for healthcare issues.,787
944,2025-10-23 16:52:00,BJP criticized the opposition for BJP issues.,3910
945,2025-10-23 16:52:30,jobs promised better jobs opportunities for youth.,3279
946,2025-10-23 16:53:00,Congress criticized the opposition for Congress issues.,4522
947,2025-10-23 16:53:30,digital India announced a major reform in digital India sector.,1777
948,2025-10-23 16:54:00,jobs launched a rally focusing on jobs development.,1319
949,2025-10-23 16:54:30,campaign debated on campaign reforms in Parliament.,4159
950,2025-10-23 16:55:00,corruption criticized the opposition for corruption issues.,1147
951,2025-10-23 16:55:30,Modi criticized the opposition for Modi issues.,4849
952,2025-10-23 16:56:00,Election Commission promised better Election Commission opportunities for youth.,4990
953,2025-10-23 16:56:30,poll rally spoke about recent improvements in poll rally.,4834
954,2025-10-23 16:57:00,Rahul Gandhi announced a major reform in Rahul Gandhi sector.,3868
955,2025-10-23 16:57:30,development organized a large development awareness campaign.,2842
956,2025-10-23 16:58:00,healthcare promised better healthcare opportunities for youth.,567
957,2025-10-23 16:58:30,Congress discussed the new Congress policy in India.,2250
958,2025-10-23 16:59:00,infrastructure urged citizens to support infrastructure initiatives.,4817
959,2025-10-23 16:59:30,jobs criticized the opposition for jobs issues.,4106
960,2025-10-23 17:00:00,BJP discussed the new BJP policy in India.,1979
961,2025-10-23 17:00:30,manifesto criticized the opposition for manifesto issues.,4430
962,2025-10-23 17:01:00,Modi highlighted challenges in Modi programs.,475
963,2025-10-23 17:01:30,Congress debated on Congress reforms in Parliament.,4544
964,2025-10-23 17:02:00,campaign promised better campaign opportunities for youth.,1619
965,2025-10-23 17:02:30,poll rally launched a rally focusing on poll rally development.,4283
966,2025-10-23 17:03:00,poll rally criticized the opposition for poll rally issues.,4324
967,2025-10-23 17:03:30,BJP highlighted challenges in BJP programs.,3771
968,2025-10-23 17:04:00,poll rally highlighted challenges in poll rally programs.,3605
969,2025-10-23 17:04:30,manifesto spoke about recent improvements in manifesto.,2587
970,2025-10-23 17:05:00,digital India criticized the opposition for digital India issues.,1404
971,2025-10-23 17:05:30,Rahul Gandhi discussed the new Rahul Gandhi policy in India.,1873
972,2025-10-23 17:06:00,Election Commission announced a major reform in Election Commission sector.,3421
973,2025-10-23 17:06:30,development debated on development reforms in Parliament.,2840
974,2025-10-23 17:07:00,campaign urged citizens to support campaign initiatives.,2316
975,2025-10-23 17:07:30,Modi organized a large Modi awareness campaign.,3999
976,2025-10-23 17:08:00,Election Commission spoke about recent improvements in Election Commission.,439
977,2025-10-23 17:08:30,manifesto spoke about recent improvements in manifesto.,1300
978,2025-10-23 17:09:00,Election Commission debated on Election Commission reforms in Parliament.,4606
979,2025-10-23 17:09:30,corruption promised better corruption opportunities for youth.,407
980,2025-10-23 17:10:00,infrastructure announced a major reform in infrastructure sector.,4119
981,2025-10-23 17:10:30,infrastructure discussed the new infrastructure policy in India.,85
982,2025-10-23 17:11:00,Congress announced a major reform in Congress sector.,4260
983,2025-10-23 17:11:30,digital India promised better digital India opportunities for youth.,3591
984,2025-10-23 17:12:00,education debated on education reforms in Parliament.,2650
985,2025-10-23 17:12:30,Modi criticized the opposition for Modi issues.,2932
986,2025-10-23 17:13:00,infrastructure urged citizens to support infrastructure initiatives.,3048
987,2025-10-23 17:13:30,development discussed the new development policy in India.,3620
988,2025-10-23 17:14:00,infrastructure organized a large infrastructure awareness campaign.,267
989,2025-10-23 17:14:30,jobs debated on jobs reforms in Parliament.,4847
990,2025-10-23 17:15:00,Modi announced a major reform in Modi sector.,1875
991,2025-10-23 17:15:30,Rahul Gandhi organized a large Rahul Gandhi awareness campaign.,4211
992,2025-10-23 17:16:00,healthcare highlighted challenges in healthcare programs.,1421
993,2025-10-23 17:16:30,development organized a large development awareness campaign.,1450
994,2025-10-23 17:17:00,campaign debated on campaign reforms in Parliament.,2195
995,2025-10-23 17:17:30,development announced a major reform in development sector.,2741
996,2025-10-23 17:18:00,manifesto highlighted challenges in manifesto programs.,2290
997,2025-10-23 17:18:30,manifesto launched a rally focusing on manifesto development.,4965
998,2025-10-23 17:19:00,infrastructure debated on infrastructure reforms in Parliament.,42
999,2025-10-23 17:19:30,Congress organized a large Congress awareness campaign.,2974
1000,2025-10-23 17:20:00,Election Commission organized a large Election Commission awareness campaign.,4600
1001,2025-10-23 17:20:30,campaign spoke about recent improvements in campaign.,2724
1002,2025-10-23 17:21:00,Congress organized a large Congress awareness campaign.,3074
1003,2025-10-23 17:21:30,Modi launched a rally focusing on Modi development.,4353
1004,2025-10-23 17:22:00,manifesto urged citizens to support manifesto initiatives.,1787
1005,2025-10-23 17:22:30,corruption discussed the new corruption policy in India.,1644
1006,2025-10-23 17:23:00,Congress urged citizens to support Congress initiatives.,4061
1007,2025-10-23 17:23:30,education launched a rally focusing on education development.,2102
1008,2025-10-23 17:24:00,digital India highlighted challenges in digital India programs.,2917
1009,2025-10-23 17:24:30,Modi debated on Modi reforms in Parliament.,1511
1010,2025-10-23 17:25:00,BJP announced a major reform in BJP sector.,1519
1011,2025-10-23 17:25:30,Rahul Gandhi announced a major reform in Rahul Gandhi sector.,26
1012,2025-10-23 17:26:00,BJP launched a rally focusing on BJP development.,1641
1013,2025-10-23 17:26:30,development urged citizens to support development initiatives.,1321
1014,2025-10-23 17:27:00,education criticized the opposition for education issues.,3335
1015,2025-10-23 17:27:30,Rahul Gandhi announced a major reform in Rahul Gandhi sector.,3388
1016,2025-10-23 17:28:00,corruption debated on corruption reforms in Parliament.,4880
1017,2025-10-23 17:28:30,healthcare promised better healthcare opportunities for youth.,618
1018,2025-10-23 17:29:00,education promised better education opportunities for youth.,253
1019,2025-10-23 17:29:30,Rahul Gandhi debated on Rahul Gandhi reforms in Parliament.,4609
1020,2025-10-23 17:30:00,BJP launched a rally focusing on BJP development.,4561
1021,2025-10-23 17:30:30,Election Commission launched a rally focusing on Election Commission development.,3977
1022,2025-10-23 17:31:00,Congress announced a major reform in Congress sector.,2440
1023,2025-10-23 17:31:30,education promised better education opportunities for youth.,657
1024,2025-10-23 17:32:00,corruption discussed the new corruption policy in India.,3113
1025,2025-10-23 17:32:30,corruption organized a large corruption awareness campaign.,1485
1026,2025-10-23 17:33:00,Modi promised better Modi opportunities for youth.,2097
1027,2025-10-23 17:33:30,infrastructure organized a large infrastructure awareness campaign.,195
1028,2025-10-23 17:34:00,Modi announced a major reform in Modi sector.,4791
1029,2025-10-23 17:34:30,poll rally criticized the opposition for poll rally issues.,3387
1030,2025-10-23 17:35:00,poll rally spoke about recent improvements in poll rally.,1562
1031,2025-10-23 17:35:30,campaign urged citizens to support campaign initiatives.,4678
1032,2025-10-23 17:36:00,development organized a large development awareness campaign.,1142
1033,2025-10-23 17:36:30,digital India announced a major reform in digital India sector.,1051
1034,2025-10-23 17:37:00,corruption highlighted challenges in corruption programs.,1172
1035,2025-10-23 17:37:30,infrastructure organized a large infrastructure awareness campaign.,1805
1036,2025-10-23 17:38:00,infrastructure highlighted challenges in infrastructure programs.,1187
1037,2025-10-23 17:38:30,education announced a major reform in education sector.,1264
1038,2025-10-23 17:39:00,Election Commission highlighted challenges in Election Commission programs.,125
1039,2025-10-23 17:39:30,manifesto spoke about recent improvements in manifesto.,1757
1040,2025-10-23 17:40:00,manifesto organized a large manifesto awareness campaign.,593
1041,2025-10-23 17:40:30,jobs launched a rally focusing on jobs development.,3676
1042,2025-10-23 17:41:00,BJP promised better BJP opportunities for youth.,4052
1043,2025-10-23 17:41:30,healthcare launched a rally focusing on healthcare development.,1106
1044,2025-10-23 17:42:00,campaign criticized the opposition for campaign issues.,2908
1045,2025-10-23 17:42:30,campaign organized a large campaign awareness campaign.,4052
1046,2025-10-23 17:43:00,BJP promised better BJP opportunities for youth.,1901
1047,2025-10-23 17:43:30,jobs promised better jobs opportunities for youth.,1396
1048,2025-10-23 17:44:00,BJP highlighted challenges in BJP programs.,1926
1049,2025-10-23 17:44:30,digital India debated on digital India reforms in Parliament.,645
1050,2025-10-23 17:45:00,infrastructure launched a rally focusing on infrastructure development.,1808
1051,2025-10-23 17:45:30,manifesto announced a major reform in manifesto sector.,2843
1052,2025-10-23 17:46:00,poll rally launched a rally focusing on poll rally development.,3804
1053,2025-10-23 17:46:30,development criticized the opposition for development issues.,3100
1054,2025-10-23 17:47:00,digital India announced a major reform in digital India sector.,888
1055,2025-10-23 17:47:30,poll rally announced a major reform in poll rally sector.,3126
1056,2025-10-23 17:48:00,poll rally launched a rally focusing on poll rally development.,3067
1057,2025-10-23 17:48:30,jobs highlighted challenges in jobs programs.,2317
1058,2025-10-23 17:49:00,manifesto urged citizens to support manifesto initiatives.,2790
1059,2025-10-23 17:49:30,BJP spoke about recent improvements in BJP.,3337
1060,2025-10-23 17:50:00,poll rally discussed the new poll rally policy in India.,1793
1061,2025-10-23 17:50:30,healthcare highlighted challenges in healthcare programs.,2485
1062,2025-10-23 17:51:00,infrastructure organized a large infrastructure awareness campaign.,3128
1063,2025-10-23 17:51:30,manifesto discussed the new manifesto policy in India.,2172
1064,2025-10-23 17:52:00,BJP discussed the new BJP policy in India.,229
1065,2025-10-23 17:52:30,healthcare promised better healthcare opportunities for youth.,3884
1066,2025-10-23 17:53:00,Congress launched a rally focusing on Congress development.,821
1067,2025-10-23 17:53:30,Election Commission criticized the opposition for Election Commission issues.,4439
1068,2025-10-23 17:54:00,corruption promised better corruption opportunities for youth.,3856
1069,2025-10-23 17:54:30,corruption urged citizens to support corruption initiatives.,3014
1070,2025-10-23 17:55:00,Modi discussed the new Modi policy in India.,1862
1071,2025-10-23 17:55:30,BJP announced a major reform in BJP sector.,2284
1072,2025-10-23 17:56:00,Election Commission promised better Election Commission opportunities for youth.,2623
1073,2025-10-23 17:56:30,healthcare announced a major reform in healthcare sector.,3680
1074,2025-10-23 17:57:00,digital India criticized the opposition for digital India issues.,3323
1075,2025-10-23 17:57:30,infrastructure announced a major reform in infrastructure sector.,2672
1076,2025-10-23 17:58:00,jobs organized a large jobs awareness campaign.,2359
1077,2025-10-23 17:58:30,digital India debated on digital India reforms in Parliament.,2127
1078,2025-10-23 17:59:00,healthcare highlighted challenges in healthcare programs.,4371
1079,2025-10-23 17:59:30,infrastructure debated on infrastructure reforms in Parliament.,184
1080,2025-10-23 18:00:00,manifesto criticized the opposition for manifesto issues.,2237
1081,2025-10-23 18:00:30,BJP announced a major reform in BJP sector.,2560
1082,2025-10-23 18:01:00,development criticized the opposition for development issues.,4267
1083,2025-10-23 18:01:30,corruption criticized the opposition for corruption issues.,2687
1084,2025-10-23 18:02:00,corruption organized a large corruption awareness campaign.,3894
1085,2025-10-23 18:02:30,development promised better development opportunities for youth.,4100
1086,2025-10-23 18:03:00,campaign criticized the opposition for campaign issues.,146
1087,2025-10-23 18:03:30,BJP highlighted challenges in BJP programs.,236
1088,2025-10-23 18:04:00,campaign highlighted challenges in campaign programs.,3352
1089,2025-10-23 18:04:30,infrastructure debated on infrastructure reforms in Parliament.,4463
1090,2025-10-23 18:05:00,BJP debated on BJP reforms in Parliament.,162
1091,2025-10-23 18:05:30,campaign spoke about recent improvements in campaign.,1214
1092,2025-10-23 18:06:00,Rahul Gandhi organized a large Rahul Gandhi awareness campaign.,466
1093,2025-10-23 18:06:30,Modi launched a rally focusing on Modi development.,3637
1094,2025-10-23 18:07:00,jobs discussed the new jobs policy in India.,2170
1095,2025-10-23 18:07:30,BJP spoke about recent improvements in BJP.,2283
1096,2025-10-23 18:08:00,Rahul Gandhi debated on Rahul Gandhi reforms in Parliament.,1867
1097,2025-10-23 18:08:30,manifesto highlighted challenges in manifesto programs.,1605
1098,2025-10-23 18:09:00,campaign spoke about recent improvements in campaign.,3369
1099,2025-10-23 18:09:30,healthcare spoke about recent improvements in healthcare.,4401
1100,2025-10-23 18:10:00,jobs criticized the opposition for jobs issues.,752
1101,2025-10-23 18:10:30,education urged citizens to support education initiatives.,2844
1102,2025-10-23 18:11:00,campaign launched a rally focusing on campaign development.,3703
1103,2025-10-23 18:11:30,poll rally spoke about recent improvements in poll rally.,2208
1104,2025-10-23 18:12:00,Modi debated on Modi reforms in Parliament.,2750
1105,2025-10-23 18:12:30,education organized a large education awareness campaign.,3591
1106,2025-10-23 18:13:00,BJP promised better BJP opportunities for youth.,2090
1107,2025-10-23 18:13:30,Congress highlighted challenges in Congress programs.,3506
1108,2025-10-23 18:14:00,manifesto debated on manifesto reforms in Parliament.,2086
1109,2025-10-23 18:14:30,BJP debated on BJP reforms in Parliament.,4888
1110,2025-10-23 18:15:00,digital India organized a large digital India awareness campaign.,1936
1111,2025-10-23 18:15:30,corruption organized a large corruption awareness campaign.,3865
1112,2025-10-23 18:16:00,BJP highlighted challenges in BJP programs.,2394
1113,2025-10-23 18:16:30,Modi announced a major reform in Modi sector.,4195
1114,2025-10-23 18:17:00,development urged citizens to support development initiatives.,2389
1115,2025-10-23 18:17:30,campaign urged citizens to support campaign initiatives.,1099
1116,2025-10-23 18:18:00,Congress announced a major reform in Congress sector.,1209
1117,2025-10-23 18:18:30,jobs criticized the opposition for jobs issues.,2613
1118,2025-10-23 18:19:00,Election Commission debated on Election Commission reforms in Parliament.,4194
1119,2025-10-23 18:19:30,Rahul Gandhi urged citizens to support Rahul Gandhi initiatives.,52
1120,2025-10-23 18:20:00,education highlighted challenges in education programs.,3820
1121,2025-10-23 18:20:30,infrastructure organized a large infrastructure awareness campaign.,3409
1122,2025-10-23 18:21:00,education promised better education opportunities for youth.,3691
1123,2025-10-23 18:21:30,BJP discussed the new BJP policy in India.,59
1124,2025-10-23 18:22:00,jobs criticized the opposition for jobs issues.,25
1125,2025-10-23 18:22:30,digital India urged citizens to support digital India initiatives.,4823
1126,2025-10-23 18:23:00,BJP urged citizens to support BJP initiatives.,712
1127,2025-10-23 18:23:30,Election Commission debated on Election Commission reforms in Parliament.,1178
1128,2025-10-23 18:24:00,Election Commission discussed the new Election Commission policy in India.,384
1129,2025-10-23 18:24:30,campaign organized a large campaign awareness campaign.,2753
1130,2025-10-23 18:25:00,digital India criticized the opposition for digital India issues.,833
1131,2025-10-23 18:25:30,Congress debated on Congress reforms in Parliament.,3741
1132,2025-10-23 18:26:00,BJP debated on BJP reforms in Parliament.,2472
1133,2025-10-23 18:26:30,digital India urged citizens to support digital India initiatives.,4630
1134,2025-10-23 18:27:00,Election Commission urged citizens to support Election Commission initiatives.,769
1135,2025-10-23 18:27:30,manifesto urged citizens to support manifesto initiatives.,990
1136,2025-10-23 18:28:00,Modi criticized the opposition for Modi issues.,4874
1137,2025-10-23 18:28:30,Congress announced a major reform in Congress sector.,835
1138,2025-10-23 18:29:00,poll rally urged citizens to support poll rally initiatives.,1553
1139,2025-10-23 18:29:30,Election Commission urged citizens to support Election Commission initiatives.,4636
1140,2025-10-23 18:30:00,manifesto announced a major reform in manifesto sector.,1415
1141,2025-10-23 18:30:30,Rahul Gandhi highlighted challenges in Rahul Gandhi programs.,3186
1142,2025-10-23 18:31:00,campaign discussed the new campaign policy in India.,4176
1143,2025-10-23 18:31:30,corruption highlighted challenges in corruption programs.,2270
1144,2025-10-23 18:32:00,education discussed the new education policy in India.,3577
1145,2025-10-23 18:32:30,Congress discussed the new Congress policy in India.,1155
1146,2025-10-23 18:33:00,Election Commission debated on Election Commission reforms in Parliament.,2579
1147,2025-10-23 18:33:30,healthcare announced a major reform in healthcare sector.,3133
1148,2025-10-23 18:34:00,BJP spoke about recent improvements in BJP.,1097
1149,2025-10-23 18:34:30,Modi urged citizens to support Modi initiatives.,670
1150,2025-10-23 18:35:00,development launched a rally focusing on development development.,3004
1151,2025-10-23 18:35:30,jobs promised better jobs opportunities for youth.,959
1152,2025-10-23 18:36:00,corruption spoke about recent improvements in corruption.,2197
1153,2025-10-23 18:36:30,education urged citizens to support education initiatives.,1789
1154,2025-10-23 18:37:00,development launched a rally focusing on development development.,3363
1155,2025-10-23 18:37:30,infrastructure spoke about recent improvements in infrastructure.,606
1156,2025-10-23 18:38:00,infrastructure organized a large infrastructure awareness campaign.,2102
1157,2025-10-23 18:38:30,Modi launched a rally focusing on Modi development.,1679
1158,2025-10-23 18:39:00,education promised better education opportunities for youth.,1991
1159,2025-10-23 18:39:30,digital India organized a large digital India awareness campaign.,310
1160,2025-10-23 18:40:00,education launched a rally focusing on education development.,3447
1161,2025-10-23 18:40:30,manifesto organized a large manifesto awareness campaign.,2640
1162,2025-10-23 18:41:00,manifesto spoke about recent improvements in manifesto.,232
1163,2025-10-23 18:41:30,Rahul Gandhi highlighted challenges in Rahul Gandhi programs.,694
1164,2025-10-23 18:42:00,Election Commission organized a large Election Commission awareness campaign.,2979
1165,2025-10-23 18:42:30,jobs debated on jobs reforms in Parliament.,3274
1166,2025-10-23 18:43:00,Election Commission spoke about recent improvements in Election Commission.,4537
1167,2025-10-23 18:43:30,digital India debated on digital India reforms in Parliament.,2128
1168,2025-10-23 18:44:00,Congress criticized the opposition for Congress issues.,1501
1169,2025-10-23 18:44:30,jobs highlighted challenges in jobs programs.,2941
1170,2025-10-23 18:45:00,healthcare debated on healthcare reforms in Parliament.,1495
1171,2025-10-23 18:45:30,campaign highlighted challenges in campaign programs.,47
1172,2025-10-23 18:46:00,healthcare discussed the new healthcare policy in India.,3327
1173,2025-10-23 18:46:30,Modi criticized the opposition for Modi issues.,1035
1174,2025-10-23 18:47:00,healthcare organized a large healthcare awareness campaign.,26
1175,2025-10-23 18:47:30,digital India urged citizens to support digital India initiatives.,433
1176,2025-10-23 18:48:00,digital India promised better digital India opportunities for youth.,4656
1177,2025-10-23 18:48:30,Modi promised better Modi opportunities for youth.,4302
1178,2025-10-23 18:49:00,Election Commission promised better Election Commission opportunities for youth.,3988
1179,2025-10-23 18:49:30,Rahul Gandhi discussed the new Rahul Gandhi policy in India.,2517
1180,2025-10-23 18:50:00,Modi criticized the opposition for Modi issues.,2411
1181,2025-10-23 18:50:30,manifesto launched a rally focusing on manifesto development.,4248
1182,2025-10-23 18:51:00,Rahul Gandhi announced a major reform in Rahul Gandhi sector.,4779
1183,2025-10-23 18:51:30,manifesto criticized the opposition for manifesto issues.,3243
1184,2025-10-23 18:52:00,Modi debated on Modi reforms in Parliament.,4321
1185,2025-10-23 18:52:30,manifesto criticized the opposition for manifesto issues.,920
1186,2025-10-23 18:53:00,jobs promised better jobs opportunities for youth.,2587
1187,2025-10-23 18:53:30,healthcare criticized the opposition for healthcare issues.,1917
1188,2025-10-23 18:54:00,poll rally launched a rally focusing on poll rally development.,2778
1189,2025-10-23 18:54:30,Modi highlighted challenges in Modi programs.,3735
1190,2025-10-23 18:55:00,Rahul Gandhi announced a major reform in Rahul Gandhi sector.,962
1191,2025-10-23 18:55:30,Modi discussed the new Modi policy in India.,2866
1192,2025-10-23 18:56:00,education discussed the new education policy in India.,3940
1193,2025-10-23 18:56:30,campaign criticized the opposition for campaign issues.,3949
1194,2025-10-23 18:57:00,manifesto announced a major reform in manifesto sector.,4941
1195,2025-10-23 18:57:30,manifesto debated on manifesto reforms in Parliament.,4504
1196,2025-10-23 18:58:00,infrastructure debated on infrastructure reforms in Parliament.,4483
1197,2025-10-23 18:58:30,infrastructure urged citizens to support infrastructure initiatives.,1172
1198,2025-10-23 18:59:00,education discussed the new education policy in India.,1052
1199,2025-10-23 18:59:30,corruption launched a rally focusing on corruption development.,2653
1200,2025-10-23 19:00:00,digital India discussed the new digital India policy in India.,2777
1201,2025-10-23 19:00:30,manifesto launched a rally focusing on manifesto development.,2156
1202,2025-10-23 19:01:00,infrastructure debated on infrastructure reforms in Parliament.,1278
1203,2025-10-23 19:01:30,healthcare criticized the opposition for healthcare issues.,4714
1204,2025-10-23 19:02:00,Election Commission urged citizens to support Election Commission initiatives.,4501
1205,2025-10-23 19:02:30,healthcare promised better healthcare opportunities for youth.,998
1206,2025-10-23 19:03:00,corruption criticized the opposition for corruption issues.,696
1207,2025-10-23 19:03:30,development discussed the new development policy in India.,4188
1208,2025-10-23 19:04:00,Congress urged citizens to support Congress initiatives.,303
1209,2025-10-23 19:04:30,Election Commission urged citizens to support Election Commission initiatives.,2809
1210,2025-10-23 19:05:00,manifesto criticized the opposition for manifesto issues.,1446
1211,2025-10-23 19:05:30,Modi debated on Modi reforms in Parliament.,1087
1212,2025-10-23 19:06:00,BJP highlighted challenges in BJP programs.,378
1213,2025-10-23 19:06:30,healthcare discussed the new healthcare policy in India.,3438
1214,2025-10-23 19:07:00,corruption spoke about recent improvements in corruption.,3374
1215,2025-10-23 19:07:30,Election Commission organized a large Election Commission awareness campaign.,3758
1216,2025-10-23 19:08:00,campaign highlighted challenges in campaign programs.,1955
1217,2025-10-23 19:08:30,healthcare promised better healthcare opportunities for youth.,3730
1218,2025-10-23 19:09:00,poll rally criticized the opposition for poll rally issues.,2178
1219,2025-10-23 19:09:30,Rahul Gandhi debated on Rahul Gandhi reforms in Parliament.,1688
1220,2025-10-23 19:10:00,infrastructure organized a large infrastructure awareness campaign.,2541
1221,2025-10-23 19:10:30,poll rally criticized the opposition for poll rally issues.,1963
1222,2025-10-23 19:11:00,Modi promised better Modi opportunities for youth.,3213
1223,2025-10-23 19:11:30,BJP debated on BJP reforms in Parliament.,620
1224,2025-10-23 19:12:00,Election Commission discussed the new Election Commission policy in India.,4687
1225,2025-10-23 19:12:30,Modi debated on Modi reforms in Parliament.,911
1226,2025-10-23 19:13:00,education criticized the opposition for education issues.,4850
1227,2025-10-23 19:13:30,poll rally spoke about recent improvements in poll rally.,2291
1228,2025-10-23 19:14:00,Election Commission highlighted challenges in Election Commission programs.,353
1229,2025-10-23 19:14:30,development announced a major reform in development sector.,483
1230,2025-10-23 19:15:00,development spoke about recent improvements in development.,2608
1231,2025-10-23 19:15:30,development discussed the new development policy in India.,2956
1232,2025-10-23 19:16:00,infrastructure urged citizens to support infrastructure initiatives.,2560
1233,2025-10-23 19:16:30,BJP highlighted challenges in BJP programs.,4241
1234,2025-10-23 19:17:00,healthcare urged citizens to support healthcare initiatives.,1040
1235,2025-10-23 19:17:30,poll rally promised better poll rally opportunities for youth.,3422
1236,2025-10-23 19:18:00,Rahul Gandhi discussed the new Rahul Gandhi policy in India.,3607
1237,2025-10-23 19:18:30,Modi launched a rally focusing on Modi development.,511
1238,2025-10-23 19:19:00,healthcare organized a large healthcare awareness campaign.,2232
1239,2025-10-23 19:19:30,Congress debated on Congress reforms in Parliament.,4056
1240,2025-10-23 19:20:00,development highlighted challenges in development programs.,4607
1241,2025-10-23 19:20:30,healthcare announced a major reform in healthcare sector.,3916
1242,2025-10-23 19:21:00,BJP criticized the opposition for BJP issues.,4559
1243,2025-10-23 19:21:30,healthcare organized a large healthcare awareness campaign.,3098
1244,2025-10-23 19:22:00,Election Commission spoke about recent improvements in Election Commission.,24
1245,2025-10-23 19:22:30,manifesto announced a major reform in manifesto sector.,3987
1246,2025-10-23 19:23:00,development highlighted challenges in development programs.,3045
1247,2025-10-23 19:23:30,Rahul Gandhi announced a major reform in Rahul Gandhi sector.,1188
1248,2025-10-23 19:24:00,development highlighted challenges in development programs.,54
1249,2025-10-23 19:24:30,Election Commission launched a rally focusing on Election Commission development.,4228
1250,2025-10-23 19:25:00,education urged citizens to support education initiatives.,219
1251,2025-10-23 19:25:30,Congress discussed the new Congress policy in India.,2722
1252,2025-10-23 19:26:00,education launched a rally focusing on education development.,4423
1253,2025-10-23 19:26:30,jobs launched a rally focusing on jobs development.,2204
1254,2025-10-23 19:27:00,development launched a rally focusing on development development.,3976
1255,2025-10-23 19:27:30,Election Commission urged citizens to support Election Commission initiatives.,1701
1256,2025-10-23 19:28:00,jobs discussed the new jobs policy in India.,2757
1257,2025-10-23 19:28:30,corruption criticized the opposition for corruption issues.,2826
1258,2025-10-23 19:29:00,infrastructure discussed the new infrastructure policy in India.,1264
1259,2025-10-23 19:29:30,jobs discussed the new jobs policy in India.,2236
1260,2025-10-23 19:30:00,manifesto discussed the new manifesto policy in India.,280
1261,2025-10-23 19:30:30,campaign debated on campaign reforms in Parliament.,4529
1262,2025-10-23 19:31:00,BJP announced a major reform in BJP sector.,577
1263,2025-10-23 19:31:30,poll rally promised better poll rally opportunities for youth.,3101
1264,2025-10-23 19:32:00,manifesto highlighted challenges in manifesto programs.,3382
1265,2025-10-23 19:32:30,manifesto promised better manifesto opportunities for youth.,4537
1266,2025-10-23 19:33:00,poll rally announced a major reform in poll rally sector.,3270
1267,2025-10-23 19:33:30,BJP organized a large BJP awareness campaign.,258
1268,2025-10-23 19:34:00,development launched a rally focusing on development development.,505
1269,2025-10-23 19:34:30,Congress debated on Congress reforms in Parliament.,4416
1270,2025-10-23 19:35:00,Election Commission announced a major reform in Election Commission sector.,3233
1271,2025-10-23 19:35:30,Congress debated on Congress reforms in Parliament.,393
1272,2025-10-23 19:36:00,BJP debated on BJP reforms in Parliament.,1550
1273,2025-10-23 19:36:30,healthcare discussed the new healthcare policy in India.,2788
1274,2025-10-23 19:37:00,manifesto debated on manifesto reforms in Parliament.,1239
1275,2025-10-23 19:37:30,Congress spoke about recent improvements in Congress.,1514
1276,2025-10-23 19:38:00,education spoke about recent improvements in education.,347
1277,2025-10-23 19:38:30,digital India discussed the new digital India policy in India.,1949
1278,2025-10-23 19:39:00,jobs discussed the new jobs policy in India.,4843
1279,2025-10-23 19:39:30,Modi discussed the new Modi policy in India.,2715
1280,2025-10-23 19:40:00,Congress urged citizens to support Congress initiatives.,2417
1281,2025-10-23 19:40:30,development announced a major reform in development sector.,4886
1282,2025-10-23 19:41:00,healthcare launched a rally focusing on healthcare development.,1873
1283,2025-10-23 19:41:30,Congress promised better Congress opportunities for youth.,4377
1284,2025-10-23 19:42:00,Congress criticized the opposition for Congress issues.,1057
1285,2025-10-23 19:42:30,Election Commission spoke about recent improvements in Election Commission.,3729
1286,2025-10-23 19:43:00,Election Commission launched a rally focusing on Election Commission development.,3373
1287,2025-10-23 19:43:30,manifesto debated on manifesto reforms in Parliament.,3081
1288,2025-10-23 19:44:00,Election Commission organized a large Election Commission awareness campaign.,133
1289,2025-10-23 19:44:30,healthcare criticized the opposition for healthcare issues.,1513
1290,2025-10-23 19:45:00,healthcare organized a large healthcare awareness campaign.,3611
1291,2025-10-23 19:45:30,healthcare debated on healthcare reforms in Parliament.,3487
1292,2025-10-23 19:46:00,campaign criticized the opposition for campaign issues.,1788
1293,2025-10-23 19:46:30,Election Commission announced a major reform in Election Commission sector.,3615
1294,2025-10-23 19:47:00,corruption organized a large corruption awareness campaign.,3044
1295,2025-10-23 19:47:30,Rahul Gandhi promised better Rahul Gandhi opportunities for youth.,4926
1296,2025-10-23 19:48:00,Rahul Gandhi discussed the new Rahul Gandhi policy in India.,331
1297,2025-10-23 19:48:30,healthcare promised better healthcare opportunities for youth.,883
1298,2025-10-23 19:49:00,Congress announced a major reform in Congress sector.,2320
1299,2025-10-23 19:49:30,Congress spoke about recent improvements in Congress.,3337
1300,2025-10-23 19:50:00,corruption organized a large corruption awareness campaign.,140
1301,2025-10-23 19:50:30,education debated on education reforms in Parliament.,3706
1302,2025-10-23 19:51:00,Congress discussed the new Congress policy in India.,930
1303,2025-10-23 19:51:30,education promised better education opportunities for youth.,543
1304,2025-10-23 19:52:00,Congress launched a rally focusing on Congress development.,2402
1305,2025-10-23 19:52:30,Election Commission criticized the opposition for Election Commission issues.,3681
1306,2025-10-23 19:53:00,education spoke about recent improvements in education.,3406
1307,2025-10-23 19:53:30,manifesto launched a rally focusing on manifesto development.,1513
1308,2025-10-23 19:54:00,BJP urged citizens to support BJP initiatives.,1195
1309,2025-10-23 19:54:30,manifesto announced a major reform in manifesto sector.,1356
1310,2025-10-23 19:55:00,poll rally spoke about recent improvements in poll rally.,4455
1311,2025-10-23 19:55:30,campaign debated on campaign reforms in Parliament.,3470
1312,2025-10-23 19:56:00,jobs criticized the opposition for jobs issues.,709
1313,2025-10-23 19:56:30,poll rally urged citizens to support poll rally initiatives.,238
1314,2025-10-23 19:57:00,healthcare spoke about recent improvements in healthcare.,1362
1315,2025-10-23 19:57:30,Congress launched a rally focusing on Congress development.,4580
1316,2025-10-23 19:58:00,Election Commission highlighted challenges in Election Commission programs.,2825
1317,2025-10-23 19:58:30,poll rally urged citizens to support poll rally initiatives.,4302
1318,2025-10-23 19:59:00,corruption launched a rally focusing on corruption development.,2796
1319,2025-10-23 19:59:30,digital India discussed the new digital India policy in India.,2011
1320,2025-10-23 20:00:00,jobs announced a major reform in jobs sector.,2113
1321,2025-10-23 20:00:30,Election Commission organized a large Election Commission awareness campaign.,531
1322,2025-10-23 20:01:00,Congress debated on Congress reforms in Parliament.,1844
1323,2025-10-23 20:01:30,education urged citizens to support education initiatives.,3220
1324,2025-10-23 20:02:00,Rahul Gandhi criticized the opposition for Rahul Gandhi issues.,3225
1325,2025-10-23 20:02:30,jobs urged citizens to support jobs initiatives.,2529
1326,2025-10-23 20:03:00,Modi announced a major reform in Modi sector.,4472
1327,2025-10-23 20:03:30,development criticized the opposition for development issues.,4464
1328,2025-10-23 20:04:00,healthcare debated on healthcare reforms in Parliament.,4006
1329,2025-10-23 20:04:30,education spoke about recent improvements in education.,3899
1330,2025-10-23 20:05:00,Modi spoke about recent improvements in Modi.,4410
1331,2025-10-23 20:05:30,manifesto organized a large manifesto awareness campaign.,746
1332,2025-10-23 20:06:00,corruption launched a rally focusing on corruption development.,441
1333,2025-10-23 20:06:30,BJP spoke about recent improvements in BJP.,1068
1334,2025-10-23 20:07:00,infrastructure organized a large infrastructure awareness campaign.,38
1335,2025-10-23 20:07:30,manifesto launched a rally focusing on manifesto development.,3581
1336,2025-10-23 20:08:00,manifesto urged citizens to support manifesto initiatives.,2895
1337,2025-10-23 20:08:30,development organized a large development awareness campaign.,1479
1338,2025-10-23 20:09:00,education discussed the new education policy in India.,2159
1339,2025-10-23 20:09:30,healthcare promised better healthcare opportunities for youth.,3386
1340,2025-10-23 20:10:00,BJP launched a rally focusing on BJP development.,2675
1341,2025-10-23 20:10:30,jobs urged citizens to support jobs initiatives.,2376
1342,2025-10-23 20:11:00,education discussed the new education policy in India.,1687
1343,2025-10-23 20:11:30,Modi organized a large Modi awareness campaign.,4009
1344,2025-10-23 20:12:00,campaign highlighted challenges in campaign programs.,2263
1345,2025-10-23 20:12:30,jobs highlighted challenges in jobs programs.,1555
1346,2025-10-23 20:13:00,corruption debated on corruption reforms in Parliament.,3688
1347,2025-10-23 20:13:30,Election Commission announced a major reform in Election Commission sector.,4675
1348,2025-10-23 20:14:00,jobs promised better jobs opportunities for youth.,2896
1349,2025-10-23 20:14:30,development debated on development reforms in Parliament.,1321
1350,2025-10-23 20:15:00,development launched a rally focusing on development development.,4217
1351,2025-10-23 20:15:30,Election Commission organized a large Election Commission awareness campaign.,4849
1352,2025-10-23 20:16:00,Congress urged citizens to support Congress initiatives.,553
1353,2025-10-23 20:16:30,poll rally urged citizens to support poll rally initiatives.,405
1354,2025-10-23 20:17:00,jobs announced a major reform in jobs sector.,2696
1355,2025-10-23 20:17:30,poll rally highlighted challenges in poll rally programs.,2094
1356,2025-10-23 20:18:00,infrastructure highlighted challenges in infrastructure programs.,4273
1357,2025-10-23 20:18:30,digital India urged citizens to support digital India initiatives.,409
1358,2025-10-23 20:19:00,corruption debated on corruption reforms in Parliament.,2516
1359,2025-10-23 20:19:30,campaign organized a large campaign awareness campaign.,2628
1360,2025-10-23 20:20:00,campaign spoke about recent improvements in campaign.,3129
1361,2025-10-23 20:20:30,corruption debated on corruption reforms in Parliament.,4889
1362,2025-10-23 20:21:00,Election Commission urged citizens to support Election Commission initiatives.,1143
1363,2025-10-23 20:21:30,jobs urged citizens to support jobs initiatives.,3564
1364,2025-10-23 20:22:00,jobs highlighted challenges in jobs programs.,3804
1365,2025-10-23 20:22:30,jobs discussed the new jobs policy in India.,4643
1366,2025-10-23 20:23:00,education criticized the opposition for education issues.,4392
1367,2025-10-23 20:23:30,digital India announced a major reform in digital India sector.,404
1368,2025-10-23 20:24:00,Modi criticized the opposition for Modi issues.,150
1369,2025-10-23 20:24:30,infrastructure organized a large infrastructure awareness campaign.,4648
1370,2025-10-23 20:25:00,Rahul Gandhi debated on Rahul Gandhi reforms in Parliament.,4983
1371,2025-10-23 20:25:30,healthcare debated on healthcare reforms in Parliament.,1499
1372,2025-10-23 20:26:00,infrastructure discussed the new infrastructure policy in India.,489
1373,2025-10-23 20:26:30,healthcare highlighted challenges in healthcare programs.,2832
1374,2025-10-23 20:27:00,corruption debated on corruption reforms in Parliament.,401
1375,2025-10-23 20:27:30,poll rally highlighted challenges in poll rally programs.,4656
1376,2025-10-23 20:28:00,education organized a large education awareness campaign.,3044
1377,2025-10-23 20:28:30,healthcare announced a major reform in healthcare sector.,979
1378,2025-10-23 20:29:00,healthcare discussed the new healthcare policy in India.,4410
1379,2025-10-23 20:29:30,development debated on development reforms in Parliament.,1073
1380,2025-10-23 20:30:00,Congress announced a major reform in Congress sector.,2886
1381,2025-10-23 20:30:30,jobs debated on jobs reforms in Parliament.,1183
1382,2025-10-23 20:31:00,corruption urged citizens to support corruption initiatives.,385
1383,2025-10-23 20:31:30,Congress discussed the new Congress policy in India.,1411
1384,2025-10-23 20:32:00,BJP urged citizens to support BJP initiatives.,4100
1385,2025-10-23 20:32:30,corruption announced a major reform in corruption sector.,2885
1386,2025-10-23 20:33:00,Rahul Gandhi discussed the new Rahul Gandhi policy in India.,3808
1387,2025-10-23 20:33:30,BJP debated on BJP reforms in Parliament.,4639
1388,2025-10-23 20:34:00,Modi discussed the new Modi policy in India.,1062
1389,2025-10-23 20:34:30,poll rally spoke about recent improvements in poll rally.,1709
1390,2025-10-23 20:35:00,infrastructure spoke about recent improvements in infrastructure.,627
1391,2025-10-23 20:35:30,corruption debated on corruption reforms in Parliament.,2329
1392,2025-10-23 20:36:00,campaign organized a large campaign awareness campaign.,3945
1393,2025-10-23 20:36:30,jobs urged citizens to support jobs initiatives.,3842
1394,2025-10-23 20:37:00,corruption promised better corruption opportunities for youth.,1538
1395,2025-10-23 20:37:30,Rahul Gandhi discussed the new Rahul Gandhi policy in India.,253
1396,2025-10-23 20:38:00,education organized a large education awareness campaign.,40
1397,2025-10-23 20:38:30,digital India spoke about recent improvements in digital India.,3899
1398,2025-10-23 20:39:00,Congress highlighted challenges in Congress programs.,1264
1399,2025-10-23 20:39:30,poll rally debated on poll rally reforms in Parliament.,636
1400,2025-10-23 20:40:00,Rahul Gandhi launched a rally focusing on Rahul Gandhi development.,756
1401,2025-10-23 20:40:30,jobs discussed the new jobs policy in India.,2767
1402,2025-10-23 20:41:00,infrastructure debated on infrastructure reforms in Parliament.,2623
1403,2025-10-23 20:41:30,poll rally highlighted challenges in poll rally programs.,2282
1404,2025-10-23 20:42:00,Congress announced a major reform in Congress sector.,4677
1405,2025-10-23 20:42:30,Rahul Gandhi discussed the new Rahul Gandhi policy in India.,2032
1406,2025-10-23 20:43:00,poll rally discussed the new poll rally policy in India.,2719
1407,2025-10-23 20:43:30,campaign launched a rally focusing on campaign development.,4515
1408,2025-10-23 20:44:00,manifesto urged citizens to support manifesto initiatives.,3309
1409,2025-10-23 20:44:30,campaign discussed the new campaign policy in India.,3284
1410,2025-10-23 20:45:00,development organized a large development awareness campaign.,1568
1411,2025-10-23 20:45:30,Modi promised better Modi opportunities for youth.,3366
1412,2025-10-23 20:46:00,poll rally announced a major reform in poll rally sector.,1861
1413,2025-10-23 20:46:30,Modi criticized the opposition for Modi issues.,2025
1414,2025-10-23 20:47:00,corruption announced a major reform in corruption sector.,3817
1415,2025-10-23 20:47:30,Rahul Gandhi announced a major reform in Rahul Gandhi sector.,3657
1416,2025-10-23 20:48:00,Modi criticized the opposition for Modi issues.,4133
1417,2025-10-23 20:48:30,digital India spoke about recent improvements in digital India.,1134
1418,2025-10-23 20:49:00,Election Commission debated on Election Commission reforms in Parliament.,1409
1419,2025-10-23 20:49:30,Election Commission criticized the opposition for Election Commission issues.,1073
1420,2025-10-23 20:50:00,Rahul Gandhi promised better Rahul Gandhi opportunities for youth.,3464
1421,2025-10-23 20:50:30,poll rally promised better poll rally opportunities for youth.,4794
1422,2025-10-23 20:51:00,Modi launched a rally focusing on Modi development.,1753
1423,2025-10-23 20:51:30,Election Commission launched a rally focusing on Election Commission development.,2615
1424,2025-10-23 20:52:00,development criticized the opposition for development issues.,2030
1425,2025-10-23 20:52:30,campaign launched a rally focusing on campaign development.,214
1426,2025-10-23 20:53:00,corruption highlighted challenges in corruption programs.,4507
1427,2025-10-23 20:53:30,education highlighted challenges in education programs.,3659
1428,2025-10-23 20:54:00,campaign discussed the new campaign policy in India.,3515
1429,2025-10-23 20:54:30,healthcare criticized the opposition for healthcare issues.,2038
1430,2025-10-23 20:55:00,Election Commission discussed the new Election Commission policy in India.,2825
1431,2025-10-23 20:55:30,education spoke about recent improvements in education.,2833
1432,2025-10-23 20:56:00,BJP announced a major reform in BJP sector.,1585
1433,2025-10-23 20:56:30,digital India criticized the opposition for digital India issues.,1097
1434,2025-10-23 20:57:00,digital India urged citizens to support digital India initiatives.,3234
1435,2025-10-23 20:57:30,Congress debated on Congress reforms in Parliament.,2949
1436,2025-10-23 20:58:00,infrastructure urged citizens to support infrastructure initiatives.,4202
1437,2025-10-23 20:58:30,corruption debated on corruption reforms in Parliament.,1072
1438,2025-10-23 20:59:00,Modi organized a large Modi awareness campaign.,535
1439,2025-10-23 20:59:30,Election Commission announced a major reform in Election Commission sector.,2170
1440,2025-10-23 21:00:00,education criticized the opposition for education issues.,1464
1441,2025-10-23 21:00:30,corruption launched a rally focusing on corruption development.,4285
1442,2025-10-23 21:01:00,jobs promised better jobs opportunities for youth.,3438
1443,2025-10-23 21:01:30,poll rally spoke about recent improvements in poll rally.,1367
1444,2025-10-23 21:02:00,digital India criticized the opposition for digital India issues.,1765
1445,2025-10-23 21:02:30,digital India announced a major reform in digital India sector.,3973
1446,2025-10-23 21:03:00,digital India spoke about recent improvements in digital India.,3873
1447,2025-10-23 21:03:30,corruption promised better corruption opportunities for youth.,2913
1448,2025-10-23 21:04:00,Congress discussed the new Congress policy in India.,992
1449,2025-10-23 21:04:30,jobs discussed the new jobs policy in India.,1788
1450,2025-10-23 21:05:00,Congress discussed the new Congress policy in India.,1448
1451,2025-10-23 21:05:30,jobs highlighted challenges in jobs programs.,494
1452,2025-10-23 21:06:00,healthcare announced a major reform in healthcare sector.,3955
1453,2025-10-23 21:06:30,campaign spoke about recent improvements in campaign.,4271
1454,2025-10-23 21:07:00,Election Commission highlighted challenges in Election Commission programs.,4574
1455,2025-10-23 21:07:30,digital India announced a major reform in digital India sector.,68
1456,2025-10-23 21:08:00,Modi promised better Modi opportunities for youth.,2806
1457,2025-10-23 21:08:30,education criticized the opposition for education issues.,2066
1458,2025-10-23 21:09:00,Congress organized a large Congress awareness campaign.,1029
1459,2025-10-23 21:09:30,Modi discussed the new Modi policy in India.,716
1460,2025-10-23 21:10:00,healthcare discussed the new healthcare policy in India.,4334
1461,2025-10-23 21:10:30,manifesto criticized the opposition for manifesto issues.,3245
1462,2025-10-23 21:11:00,digital India spoke about recent improvements in digital India.,4243
1463,2025-10-23 21:11:30,Rahul Gandhi urged citizens to support Rahul Gandhi initiatives.,1803
1464,2025-10-23 21:12:00,Election Commission urged citizens to support Election Commission initiatives.,1096
1465,2025-10-23 21:12:30,digital India organized a large digital India awareness campaign.,3471
1466,2025-10-23 21:13:00,Modi debated on Modi reforms in Parliament.,4472
1467,2025-10-23 21:13:30,development discussed the new development policy in India.,4295
1468,2025-10-23 21:14:00,campaign highlighted challenges in campaign programs.,4555
1469,2025-10-23 21:14:30,Election Commission spoke about recent improvements in Election Commission.,822
1470,2025-10-23 21:15:00,jobs launched a rally focusing on jobs development.,2604
1471,2025-10-23 21:15:30,jobs criticized the opposition for jobs issues.,2867
1472,2025-10-23 21:16:00,infrastructure launched a rally focusing on infrastructure development.,4653
1473,2025-10-23 21:16:30,jobs highlighted challenges in jobs programs.,1114
1474,2025-10-23 21:17:00,development highlighted challenges in development programs.,709
1475,2025-10-23 21:17:30,development promised better development opportunities for youth.,1198
1476,2025-10-23 21:18:00,development launched a rally focusing on development development.,4518
1477,2025-10-23 21:18:30,infrastructure promised better infrastructure opportunities for youth.,2028
1478,2025-10-23 21:19:00,healthcare discussed the new healthcare policy in India.,544
1479,2025-10-23 21:19:30,manifesto organized a large manifesto awareness campaign.,4336
1480,2025-10-23 21:20:00,digital India promised better digital India opportunities for youth.,823
1481,2025-10-23 21:20:30,manifesto urged citizens to support manifesto initiatives.,789
1482,2025-10-23 21:21:00,poll rally organized a large poll rally awareness campaign.,1200
1483,2025-10-23 21:21:30,healthcare organized a large healthcare awareness campaign.,2892
1484,2025-10-23 21:22:00,BJP highlighted challenges in BJP programs.,3723
1485,2025-10-23 21:22:30,BJP urged citizens to support BJP initiatives.,665
1486,2025-10-23 21:23:00,education debated on education reforms in Parliament.,1209
1487,2025-10-23 21:23:30,poll rally launched a rally focusing on poll rally development.,4519
1488,2025-10-23 21:24:00,development organized a large development awareness campaign.,4410
1489,2025-10-23 21:24:30,manifesto debated on manifesto reforms in Parliament.,3230
1490,2025-10-23 21:25:00,manifesto highlighted challenges in manifesto programs.,1989
1491,2025-10-23 21:25:30,infrastructure debated on infrastructure reforms in Parliament.,1758
1492,2025-10-23 21:26:00,manifesto discussed the new manifesto policy in India.,2541
1493,2025-10-23 21:26:30,manifesto debated on manifesto reforms in Parliament.,3324
1494,2025-10-23 21:27:00,poll rally discussed the new poll rally policy in India.,938
1495,2025-10-23 21:27:30,corruption debated on corruption reforms in Parliament.,1462
1496,2025-10-23 21:28:00,Modi promised better Modi opportunities for youth.,3859
1497,2025-10-23 21:28:30,Congress highlighted challenges in Congress programs.,3764
1498,2025-10-23 21:29:00,campaign discussed the new campaign policy in India.,3976
1499,2025-10-23 21:29:30,BJP urged citizens to support BJP initiatives.,4441
1500,2025-10-23 21:30:00,Election Commission organized a large Election Commission awareness campaign.,4078
1501,2025-10-23 21:30:30,infrastructure organized a large infrastructure awareness campaign.,4185
1502,2025-10-23 21:31:00,corruption debated on corruption reforms in Parliament.,2865
1503,2025-10-23 21:31:30,Modi discussed the new Modi policy in India.,2626
1504,2025-10-23 21:32:00,Modi spoke about recent improvements in Modi.,3595
1505,2025-10-23 21:32:30,development criticized the opposition for development issues.,2080
1506,2025-10-23 21:33:00,Rahul Gandhi urged citizens to support Rahul Gandhi initiatives.,4821
1507,2025-10-23 21:33:30,digital India spoke about recent improvements in digital India.,2372
1508,2025-10-23 21:34:00,Election Commission debated on Election Commission reforms in Parliament.,2516
1509,2025-10-23 21:34:30,BJP spoke about recent improvements in BJP.,4078
1510,2025-10-23 21:35:00,poll rally urged citizens to support poll rally initiatives.,1173
1511,2025-10-23 21:35:30,Modi announced a major reform in Modi sector.,229
1512,2025-10-23 21:36:00,education discussed the new education policy in India.,3883
1513,2025-10-23 21:36:30,Congress promised better Congress opportunities for youth.,1600
1514,2025-10-23 21:37:00,digital India organized a large digital India awareness campaign.,914
1515,2025-10-23 21:37:30,development highlighted challenges in development programs.,3008
1516,2025-10-23 21:38:00,Election Commission organized a large Election Commission awareness campaign.,3051
1517,2025-10-23 21:38:30,campaign launched a rally focusing on campaign development.,2178
1518,2025-10-23 21:39:00,campaign announced a major reform in campaign sector.,4122
1519,2025-10-23 21:39:30,Modi announced a major reform in Modi sector.,1962
1520,2025-10-23 21:40:00,Congress launched a rally focusing on Congress development.,2425
1521,2025-10-23 21:40:30,infrastructure criticized the opposition for infrastructure issues.,2284
1522,2025-10-23 21:41:00,Congress launched a rally focusing on Congress development.,2288
1523,2025-10-23 21:41:30,Modi urged citizens to support Modi initiatives.,3015
1524,2025-10-23 21:42:00,campaign highlighted challenges in campaign programs.,4193
1525,2025-10-23 21:42:30,campaign debated on campaign reforms in Parliament.,2041
1526,2025-10-23 21:43:00,Congress announced a major reform in Congress sector.,4278
1527,2025-10-23 21:43:30,poll rally launched a rally focusing on poll rally development.,4374
1528,2025-10-23 21:44:00,Congress discussed the new Congress policy in India.,2328
1529,2025-10-23 21:44:30,Modi organized a large Modi awareness campaign.,2812
1530,2025-10-23 21:45:00,infrastructure announced a major reform in infrastructure sector.,453
1531,2025-10-23 21:45:30,Election Commission urged citizens to support Election Commission initiatives.,4240
1532,2025-10-23 21:46:00,campaign announced a major reform in campaign sector.,1664
1533,2025-10-23 21:46:30,education spoke about recent improvements in education.,3991
1534,2025-10-23 21:47:00,jobs criticized the opposition for jobs issues.,3069
1535,2025-10-23 21:47:30,Election Commission urged citizens to support Election Commission initiatives.,4346
1536,2025-10-23 21:48:00,healthcare criticized the opposition for healthcare issues.,396
1537,2025-10-23 21:48:30,Rahul Gandhi promised better Rahul Gandhi opportunities for youth.,254
1538,2025-10-23 21:49:00,healthcare highlighted challenges in healthcare programs.,2317
1539,2025-10-23 21:49:30,education promised better education opportunities for youth.,46
1540,2025-10-23 21:50:00,Congress criticized the opposition for Congress issues.,242
1541,2025-10-23 21:50:30,Modi urged citizens to support Modi initiatives.,543
1542,2025-10-23 21:51:00,healthcare promised better healthcare opportunities for youth.,2099
1543,2025-10-23 21:51:30,infrastructure discussed the new infrastructure policy in India.,663
1544,2025-10-23 21:52:00,jobs announced a major reform in jobs sector.,1996
1545,2025-10-23 21:52:30,campaign organized a large campaign awareness campaign.,176
1546,2025-10-23 21:53:00,BJP announced a major reform in BJP sector.,241
1547,2025-10-23 21:53:30,campaign highlighted challenges in campaign programs.,62
1548,2025-10-23 21:54:00,Modi debated on Modi reforms in Parliament.,15
1549,2025-10-23 21:54:30,corruption announced a major reform in corruption sector.,591
1550,2025-10-23 21:55:00,manifesto debated on manifesto reforms in Parliament.,4046
1551,2025-10-23 21:55:30,manifesto debated on manifesto reforms in Parliament.,1443
1552,2025-10-23 21:56:00,BJP highlighted challenges in BJP programs.,2279
1553,2025-10-23 21:56:30,Election Commission announced a major reform in Election Commission sector.,1040
1554,2025-10-23 21:57:00,Congress highlighted challenges in Congress programs.,1024
1555,2025-10-23 21:57:30,poll rally urged citizens to support poll rally initiatives.,3712
1556,2025-10-23 21:58:00,Modi launched a rally focusing on Modi development.,2157
1557,2025-10-23 21:58:30,development launched a rally focusing on development development.,158
1558,2025-10-23 21:59:00,corruption promised better corruption opportunities for youth.,2428
1559,2025-10-23 21:59:30,Modi launched a rally focusing on Modi development.,1422
1560,2025-10-23 22:00:00,healthcare urged citizens to support healthcare initiatives.,2922
1561,2025-10-23 22:00:30,manifesto urged citizens to support manifesto initiatives.,1198
1562,2025-10-23 22:01:00,Congress organized a large Congress awareness campaign.,3548
1563,2025-10-23 22:01:30,development discussed the new development policy in India.,4077
1564,2025-10-23 22:02:00,jobs organized a large jobs awareness campaign.,3088
1565,2025-10-23 22:02:30,jobs promised better jobs opportunities for youth.,2930
1566,2025-10-23 22:03:00,poll rally announced a major reform in poll rally sector.,3674
1567,2025-10-23 22:03:30,infrastructure announced a major reform in infrastructure sector.,1860
1568,2025-10-23 22:04:00,corruption spoke about recent improvements in corruption.,4608
1569,2025-10-23 22:04:30,corruption criticized the opposition for corruption issues.,3713
1570,2025-10-23 22:05:00,digital India spoke about recent improvements in digital India.,3981
1571,2025-10-23 22:05:30,education spoke about recent improvements in education.,253
1572,2025-10-23 22:06:00,development discussed the new development policy in India.,3629
1573,2025-10-23 22:06:30,infrastructure urged citizens to support infrastructure initiatives.,3482
1574,2025-10-23 22:07:00,education criticized the opposition for education issues.,2429
1575,2025-10-23 22:07:30,poll rally urged citizens to support poll rally initiatives.,281
1576,2025-10-23 22:08:00,development debated on development reforms in Parliament.,3650
1577,2025-10-23 22:08:30,Modi highlighted challenges in Modi programs.,4568
1578,2025-10-23 22:09:00,campaign spoke about recent improvements in campaign.,3216
1579,2025-10-23 22:09:30,development announced a major reform in development sector.,2809
1580,2025-10-23 22:10:00,digital India launched a rally focusing on digital India development.,4593
1581,2025-10-23 22:10:30,manifesto launched a rally focusing on manifesto development.,60
1582,2025-10-23 22:11:00,infrastructure urged citizens to support infrastructure initiatives.,4384
1583,2025-10-23 22:11:30,manifesto criticized the opposition for manifesto issues.,2469
1584,2025-10-23 22:12:00,jobs promised better jobs opportunities for youth.,4671
1585,2025-10-23 22:12:30,Modi announced a major reform in Modi sector.,3365
1586,2025-10-23 22:13:00,poll rally promised better poll rally opportunities for youth.,4615
1587,2025-10-23 22:13:30,Rahul Gandhi launched a rally focusing on Rahul Gandhi development.,3304
1588,2025-10-23 22:14:00,jobs spoke about recent improvements in jobs.,1350
1589,2025-10-23 22:14:30,development launched a rally focusing on development development.,3930
1590,2025-10-23 22:15:00,development promised better development opportunities for youth.,4267
1591,2025-10-23 22:15:30,manifesto discussed the new manifesto policy in India.,365
1592,2025-10-23 22:16:00,poll rally criticized the opposition for poll rally issues.,4879
1593,2025-10-23 22:16:30,Congress promised better Congress opportunities for youth.,68
1594,2025-10-23 22:17:00,development announced a major reform in development sector.,206
1595,2025-10-23 22:17:30,campaign spoke about recent improvements in campaign.,4675
1596,2025-10-23 22:18:00,Rahul Gandhi criticized the opposition for Rahul Gandhi issues.,3818
1597,2025-10-23 22:18:30,Modi organized a large Modi awareness campaign.,330
1598,2025-10-23 22:19:00,healthcare promised better healthcare opportunities for youth.,2279
1599,2025-10-23 22:19:30,corruption criticized the opposition for corruption issues.,3106
1600,2025-10-23 22:20:00,healthcare promised better healthcare opportunities for youth.,2265
1601,2025-10-23 22:20:30,healthcare launched a rally focusing on healthcare development.,1700
1602,2025-10-23 22:21:00,development highlighted challenges in development programs.,1539
1603,2025-10-23 22:21:30,Congress spoke about recent improvements in Congress.,4029
1604,2025-10-23 22:22:00,healthcare discussed the new healthcare policy in India.,3805
1605,2025-10-23 22:22:30,digital India highlighted challenges in digital India programs.,1860
1606,2025-10-23 22:23:00,corruption urged citizens to support corruption initiatives.,288
1607,2025-10-23 22:23:30,healthcare debated on healthcare reforms in Parliament.,2010
1608,2025-10-23 22:24:00,BJP discussed the new BJP policy in India.,4867
1609,2025-10-23 22:24:30,Rahul Gandhi promised better Rahul Gandhi opportunities for youth.,941
1610,2025-10-23 22:25:00,Rahul Gandhi highlighted challenges in Rahul Gandhi programs.,743
1611,2025-10-23 22:25:30,BJP urged citizens to support BJP initiatives.,4220
1612,2025-10-23 22:26:00,BJP organized a large BJP awareness campaign.,1372
1613,2025-10-23 22:26:30,development spoke about recent improvements in development.,1435
1614,2025-10-23 22:27:00,campaign urged citizens to support campaign initiatives.,4626
1615,2025-10-23 22:27:30,poll rally highlighted challenges in poll rally programs.,3350
1616,2025-10-23 22:28:00,Rahul Gandhi highlighted challenges in Rahul Gandhi programs.,1352
1617,2025-10-23 22:28:30,Congress launched a rally focusing on Congress development.,1596
1618,2025-10-23 22:29:00,development organized a large development awareness campaign.,4660
1619,2025-10-23 22:29:30,BJP debated on BJP reforms in Parliament.,351
1620,2025-10-23 22:30:00,infrastructure organized a large infrastructure awareness campaign.,1162
1621,2025-10-23 22:30:30,digital India promised better digital India opportunities for youth.,491
1622,2025-10-23 22:31:00,infrastructure debated on infrastructure reforms in Parliament.,3061
1623,2025-10-23 22:31:30,corruption organized a large corruption awareness campaign.,3299
1624,2025-10-23 22:32:00,BJP organized a large BJP awareness campaign.,4722
1625,2025-10-23 22:32:30,poll rally debated on poll rally reforms in Parliament.,4021
1626,2025-10-23 22:33:00,development debated on development reforms in Parliament.,3536
1627,2025-10-23 22:33:30,poll rally launched a rally focusing on poll rally development.,285
1628,2025-10-23 22:34:00,Modi urged citizens to support Modi initiatives.,445
1629,2025-10-23 22:34:30,healthcare discussed the new healthcare policy in India.,2856
1630,2025-10-23 22:35:00,Congress promised better Congress opportunities for youth.,676
1631,2025-10-23 22:35:30,digital India organized a large digital India awareness campaign.,3764
1632,2025-10-23 22:36:00,Rahul Gandhi launched a rally focusing on Rahul Gandhi development.,1931
1633,2025-10-23 22:36:30,manifesto announced a major reform in manifesto sector.,132
1634,2025-10-23 22:37:00,infrastructure spoke about recent improvements in infrastructure.,1710
1635,2025-10-23 22:37:30,corruption promised better corruption opportunities for youth.,741
1636,2025-10-23 22:38:00,campaign discussed the new campaign policy in India.,3498
1637,2025-10-23 22:38:30,corruption debated on corruption reforms in Parliament.,2920
1638,2025-10-23 22:39:00,manifesto organized a large manifesto awareness campaign.,4838
1639,2025-10-23 22:39:30,healthcare announced a major reform in healthcare sector.,877
1640,2025-10-23 22:40:00,digital India organized a large digital India awareness campaign.,3193
1641,2025-10-23 22:40:30,infrastructure promised better infrastructure opportunities for youth.,689
1642,2025-10-23 22:41:00,healthcare highlighted challenges in healthcare programs.,4325
1643,2025-10-23 22:41:30,Modi debated on Modi reforms in Parliament.,113
1644,2025-10-23 22:42:00,campaign announced a major reform in campaign sector.,500
1645,2025-10-23 22:42:30,BJP discussed the new BJP policy in India.,2573
1646,2025-10-23 22:43:00,BJP discussed the new BJP policy in India.,125
1647,2025-10-23 22:43:30,jobs launched a rally focusing on jobs development.,3722
1648,2025-10-23 22:44:00,healthcare promised better healthcare opportunities for youth.,1242
1649,2025-10-23 22:44:30,manifesto urged citizens to support manifesto initiatives.,4764
1650,2025-10-23 22:45:00,Congress highlighted challenges in Congress programs.,4300
1651,2025-10-23 22:45:30,infrastructure discussed the new infrastructure policy in India.,2058
1652,2025-10-23 22:46:00,infrastructure discussed the new infrastructure policy in India.,2061
1653,2025-10-23 22:46:30,campaign debated on campaign reforms in Parliament.,1230
1654,2025-10-23 22:47:00,Congress highlighted challenges in Congress programs.,3939
1655,2025-10-23 22:47:30,Rahul Gandhi criticized the opposition for Rahul Gandhi issues.,2804
1656,2025-10-23 22:48:00,Congress spoke about recent improvements in Congress.,4217
1657,2025-10-23 22:48:30,Rahul Gandhi criticized the opposition for Rahul Gandhi issues.,2039
1658,2025-10-23 22:49:00,education discussed the new education policy in India.,429
1659,2025-10-23 22:49:30,infrastructure discussed the new infrastructure policy in India.,3998
1660,2025-10-23 22:50:00,corruption organized a large corruption awareness campaign.,4742
1661,2025-10-23 22:50:30,manifesto announced a major reform in manifesto sector.,2285
1662,2025-10-23 22:51:00,Rahul Gandhi spoke about recent improvements in Rahul Gandhi.,2508
1663,2025-10-23 22:51:30,Election Commission urged citizens to support Election Commission initiatives.,619
1664,2025-10-23 22:52:00,healthcare urged citizens to support healthcare initiatives.,629
1665,2025-10-23 22:52:30,Rahul Gandhi discussed the new Rahul Gandhi policy in India.,4893
1666,2025-10-23 22:53:00,infrastructure announced a major reform in infrastructure sector.,2604
1667,2025-10-23 22:53:30,jobs highlighted challenges in jobs programs.,4039
1668,2025-10-23 22:54:00,jobs discussed the new jobs policy in India.,1975
1669,2025-10-23 22:54:30,campaign launched a rally focusing on campaign development.,77
1670,2025-10-23 22:55:00,Congress urged citizens to support Congress initiatives.,2017
1671,2025-10-23 22:55:30,Modi organized a large Modi awareness campaign.,873
1672,2025-10-23 22:56:00,jobs launched a rally focusing on jobs development.,2129
1673,2025-10-23 22:56:30,corruption announced a major reform in corruption sector.,2090
1674,2025-10-23 22:57:00,digital India urged citizens to support digital India initiatives.,2699
1675,2025-10-23 22:57:30,Modi urged citizens to support Modi initiatives.,1888
1676,2025-10-23 22:58:00,infrastructure discussed the new infrastructure policy in India.,2461
1677,2025-10-23 22:58:30,poll rally debated on poll rally reforms in Parliament.,2992
1678,2025-10-23 22:59:00,Election Commission promised better Election Commission opportunities for youth.,893
1679,2025-10-23 22:59:30,Election Commission announced a major reform in Election Commission sector.,3500
1680,2025-10-23 23:00:00,Modi highlighted challenges in Modi programs.,460
1681,2025-10-23 23:00:30,Modi discussed the new Modi policy in India.,766
1682,2025-10-23 23:01:00,poll rally organized a large poll rally awareness campaign.,2649
1683,2025-10-23 23:01:30,corruption launched a rally focusing on corruption development.,2813
1684,2025-10-23 23:02:00,healthcare organized a large healthcare awareness campaign.,1750
1685,2025-10-23 23:02:30,Election Commission spoke about recent improvements in Election Commission.,2038
1686,2025-10-23 23:03:00,Modi promised better Modi opportunities for youth.,4960
1687,2025-10-23 23:03:30,infrastructure announced a major reform in infrastructure sector.,4712
1688,2025-10-23 23:04:00,manifesto announced a major reform in manifesto sector.,3192
1689,2025-10-23 23:04:30,poll rally promised better poll rally opportunities for youth.,1759
1690,2025-10-23 23:05:00,digital India organized a large digital India awareness campaign.,4735
1691,2025-10-23 23:05:30,jobs announced a major reform in jobs sector.,286
1692,2025-10-23 23:06:00,Rahul Gandhi criticized the opposition for Rahul Gandhi issues.,2817
1693,2025-10-23 23:06:30,Election Commission launched a rally focusing on Election Commission development.,2260
1694,2025-10-23 23:07:00,campaign launched a rally focusing on campaign development.,1867
1695,2025-10-23 23:07:30,education launched a rally focusing on education development.,1440
1696,2025-10-23 23:08:00,poll rally discussed the new poll rally policy in India.,3309
1697,2025-10-23 23:08:30,development highlighted challenges in development programs.,909
1698,2025-10-23 23:09:00,healthcare launched a rally focusing on healthcare development.,1478
1699,2025-10-23 23:09:30,poll rally announced a major reform in poll rally sector.,420
1700,2025-10-23 23:10:00,Election Commission spoke about recent improvements in Election Commission.,4915
1701,2025-10-23 23:10:30,Election Commission announced a major reform in Election Commission sector.,1452
1702,2025-10-23 23:11:00,development urged citizens to support development initiatives.,3337
1703,2025-10-23 23:11:30,manifesto organized a large manifesto awareness campaign.,4062
1704,2025-10-23 23:12:00,Congress debated on Congress reforms in Parliament.,184
1705,2025-10-23 23:12:30,Election Commission urged citizens to support Election Commission initiatives.,2136
1706,2025-10-23 23:13:00,education criticized the opposition for education issues.,2682
1707,2025-10-23 23:13:30,healthcare launched a rally focusing on healthcare development.,1183
1708,2025-10-23 23:14:00,development urged citizens to support development initiatives.,2407
1709,2025-10-23 23:14:30,education urged citizens to support education initiatives.,1273
1710,2025-10-23 23:15:00,infrastructure highlighted challenges in infrastructure programs.,1818
1711,2025-10-23 23:15:30,Rahul Gandhi criticized the opposition for Rahul Gandhi issues.,1458
1712,2025-10-23 23:16:00,Modi announced a major reform in Modi sector.,1603
1713,2025-10-23 23:16:30,digital India highlighted challenges in digital India programs.,1895
1714,2025-10-23 23:17:00,manifesto promised better manifesto opportunities for youth.,113
1715,2025-10-23 23:17:30,corruption launched a rally focusing on corruption development.,4902
1716,2025-10-23 23:18:00,infrastructure discussed the new infrastructure policy in India.,803
1717,2025-10-23 23:18:30,healthcare launched a rally focusing on healthcare development.,566
1718,2025-10-23 23:19:00,infrastructure organized a large infrastructure awareness campaign.,1187
1719,2025-10-23 23:19:30,jobs urged citizens to support jobs initiatives.,2648
1720,2025-10-23 23:20:00,BJP urged citizens to support BJP initiatives.,3598
1721,2025-10-23 23:20:30,Election Commission debated on Election Commission reforms in Parliament.,4790
1722,2025-10-23 23:21:00,campaign urged citizens to support campaign initiatives.,203
1723,2025-10-23 23:21:30,Election Commission discussed the new Election Commission policy in India.,654
1724,2025-10-23 23:22:00,healthcare organized a large healthcare awareness campaign.,1591
1725,2025-10-23 23:22:30,manifesto launched a rally focusing on manifesto development.,120
1726,2025-10-23 23:23:00,poll rally promised better poll rally opportunities for youth.,1850
1727,2025-10-23 23:23:30,manifesto promised better manifesto opportunities for youth.,366
1728,2025-10-23 23:24:00,digital India announced a major reform in digital India sector.,4631
1729,2025-10-23 23:24:30,healthcare highlighted challenges in healthcare programs.,2065
1730,2025-10-23 23:25:00,manifesto discussed the new manifesto policy in India.,1192
1731,2025-10-23 23:25:30,development announced a major reform in development sector.,3818
1732,2025-10-23 23:26:00,Modi promised better Modi opportunities for youth.,2408
1733,2025-10-23 23:26:30,corruption urged citizens to support corruption initiatives.,4204
1734,2025-10-23 23:27:00,campaign organized a large campaign awareness campaign.,2968
1735,2025-10-23 23:27:30,development spoke about recent improvements in development.,657
1736,2025-10-23 23:28:00,healthcare spoke about recent improvements in healthcare.,1754
1737,2025-10-23 23:28:30,BJP debated on BJP reforms in Parliament.,4313
1738,2025-10-23 23:29:00,infrastructure debated on infrastructure reforms in Parliament.,3838
1739,2025-10-23 23:29:30,infrastructure debated on infrastructure reforms in Parliament.,1418
1740,2025-10-23 23:30:00,poll rally spoke about recent improvements in poll rally.,2419
1741,2025-10-23 23:30:30,Election Commission launched a rally focusing on Election Commission development.,97
1742,2025-10-23 23:31:00,digital India organized a large digital India awareness campaign.,3956
1743,2025-10-23 23:31:30,Modi urged citizens to support Modi initiatives.,1164
1744,2025-10-23 23:32:00,Congress organized a large Congress awareness campaign.,983
1745,2025-10-23 23:32:30,poll rally criticized the opposition for poll rally issues.,4094
1746,2025-10-23 23:33:00,manifesto discussed the new manifesto policy in India.,1014
1747,2025-10-23 23:33:30,development promised better development opportunities for youth.,2388
1748,2025-10-23 23:34:00,Modi announced a major reform in Modi sector.,273
1749,2025-10-23 23:34:30,Election Commission spoke about recent improvements in Election Commission.,2061
1750,2025-10-23 23:35:00,poll rally spoke about recent improvements in poll rally.,2314
1751,2025-10-23 23:35:30,corruption discussed the new corruption policy in India.,2643
1752,2025-10-23 23:36:00,Rahul Gandhi discussed the new Rahul Gandhi policy in India.,2586
1753,2025-10-23 23:36:30,Modi launched a rally focusing on Modi development.,273
1754,2025-10-23 23:37:00,poll rally spoke about recent improvements in poll rally.,4681
1755,2025-10-23 23:37:30,Modi highlighted challenges in Modi programs.,722
1756,2025-10-23 23:38:00,Modi spoke about recent improvements in Modi.,3814
1757,2025-10-23 23:38:30,jobs promised better jobs opportunities for youth.,422
1758,2025-10-23 23:39:00,education highlighted challenges in education programs.,2462
1759,2025-10-23 23:39:30,Election Commission discussed the new Election Commission policy in India.,3783
1760,2025-10-23 23:40:00,Election Commission organized a large Election Commission awareness campaign.,1813
1761,2025-10-23 23:40:30,poll rally launched a rally focusing on poll rally development.,3197
1762,2025-10-23 23:41:00,poll rally urged citizens to support poll rally initiatives.,3304
1763,2025-10-23 23:41:30,education urged citizens to support education initiatives.,1872
1764,2025-10-23 23:42:00,BJP highlighted challenges in BJP programs.,4202
1765,2025-10-23 23:42:30,development launched a rally focusing on development development.,4279
1766,2025-10-23 23:43:00,BJP spoke about recent improvements in BJP.,118
1767,2025-10-23 23:43:30,Congress highlighted challenges in Congress programs.,2035
1768,2025-10-23 23:44:00,digital India organized a large digital India awareness campaign.,3476
1769,2025-10-23 23:44:30,BJP criticized the opposition for BJP issues.,3253
1770,2025-10-23 23:45:00,healthcare highlighted challenges in healthcare programs.,27
1771,2025-10-23 23:45:30,campaign promised better campaign opportunities for youth.,4635
1772,2025-10-23 23:46:00,Congress discussed the new Congress policy in India.,2873
1773,2025-10-23 23:46:30,BJP spoke about recent improvements in BJP.,1388
1774,2025-10-23 23:47:00,Congress launched a rally focusing on Congress development.,780
1775,2025-10-23 23:47:30,healthcare organized a large healthcare awareness campaign.,4959
1776,2025-10-23 23:48:00,corruption promised better corruption opportunities for youth.,666
1777,2025-10-23 23:48:30,healthcare spoke about recent improvements in healthcare.,38
1778,2025-10-23 23:49:00,development announced a major reform in development sector.,1182
1779,2025-10-23 23:49:30,Rahul Gandhi debated on Rahul Gandhi reforms in Parliament.,1580
1780,2025-10-23 23:50:00,jobs urged citizens to support jobs initiatives.,3799
1781,2025-10-23 23:50:30,infrastructure announced a major reform in infrastructure sector.,2670
1782,2025-10-23 23:51:00,education launched a rally focusing on education development.,1112
1783,2025-10-23 23:51:30,BJP debated on BJP reforms in Parliament.,4114
1784,2025-10-23 23:52:00,development organized a large development awareness campaign.,2671
1785,2025-10-23 23:52:30,Election Commission spoke about recent improvements in Election Commission.,3820
1786,2025-10-23 23:53:00,campaign launched a rally focusing on campaign development.,1736
1787,2025-10-23 23:53:30,healthcare urged citizens to support healthcare initiatives.,4065
1788,2025-10-23 23:54:00,campaign urged citizens to support campaign initiatives.,4027
1789,2025-10-23 23:54:30,Election Commission discussed the new Election Commission policy in India.,1471
1790,2025-10-23 23:55:00,education highlighted challenges in education programs.,4021
1791,2025-10-23 23:55:30,corruption debated on corruption reforms in Parliament.,1849
1792,2025-10-23 23:56:00,corruption promised better corruption opportunities for youth.,4029
1793,2025-10-23 23:56:30,education debated on education reforms in Parliament.,4873
1794,2025-10-23 23:57:00,Rahul Gandhi urged citizens to support Rahul Gandhi initiatives.,3130
1795,2025-10-23 23:57:30,campaign criticized the opposition for campaign issues.,2463
1796,2025-10-23 23:58:00,education highlighted challenges in education programs.,2224
1797,2025-10-23 23:58:30,Election Commission launched a rally focusing on Election Commission development.,4466
1798,2025-10-23 23:59:00,manifesto discussed the new manifesto policy in India.,4440
1799,2025-10-23 23:59:30,digital India launched a rally focusing on digital India development.,1570
1800,2025-10-24 00:00:00,Rahul Gandhi discussed the new Rahul Gandhi policy in India.,2911
1801,2025-10-24 00:00:30,development criticized the opposition for development issues.,335
1802,2025-10-24 00:01:00,Election Commission criticized the opposition for Election Commission issues.,4029
1803,2025-10-24 00:01:30,campaign discussed the new campaign policy in India.,31
1804,2025-10-24 00:02:00,corruption highlighted challenges in corruption programs.,3328
1805,2025-10-24 00:02:30,campaign discussed the new campaign policy in India.,3238
1806,2025-10-24 00:03:00,Election Commission promised better Election Commission opportunities for youth.,1966
1807,2025-10-24 00:03:30,campaign spoke about recent improvements in campaign.,2101
1808,2025-10-24 00:04:00,BJP debated on BJP reforms in Parliament.,3022
1809,2025-10-24 00:04:30,campaign criticized the opposition for campaign issues.,1453
1810,2025-10-24 00:05:00,infrastructure debated on infrastructure reforms in Parliament.,1943
1811,2025-10-24 00:05:30,Modi debated on Modi reforms in Parliament.,3550
1812,2025-10-24 00:06:00,digital India announced a major reform in digital India sector.,1079
1813,2025-10-24 00:06:30,corruption debated on corruption reforms in Parliament.,3619
1814,2025-10-24 00:07:00,corruption promised better corruption opportunities for youth.,2998
1815,2025-10-24 00:07:30,education urged citizens to support education initiatives.,3045
1816,2025-10-24 00:08:00,Modi launched a rally focusing on Modi development.,302
1817,2025-10-24 00:08:30,Election Commission promised better Election Commission opportunities for youth.,2846
1818,2025-10-24 00:09:00,campaign organized a large campaign awareness campaign.,351
1819,2025-10-24 00:09:30,poll rally promised better poll rally opportunities for youth.,2213
1820,2025-10-24 00:10:00,jobs organized a large jobs awareness campaign.,2588
1821,2025-10-24 00:10:30,jobs promised better jobs opportunities for youth.,2782
1822,2025-10-24 00:11:00,development discussed the new development policy in India.,4487
1823,2025-10-24 00:11:30,education criticized the opposition for education issues.,4943
1824,2025-10-24 00:12:00,BJP criticized the opposition for BJP issues.,3209
1825,2025-10-24 00:12:30,campaign urged citizens to support campaign initiatives.,1120
1826,2025-10-24 00:13:00,digital India spoke about recent improvements in digital India.,3208
1827,2025-10-24 00:13:30,development highlighted challenges in development programs.,3420
1828,2025-10-24 00:14:00,Rahul Gandhi organized a large Rahul Gandhi awareness campaign.,3004
1829,2025-10-24 00:14:30,development debated on development reforms in Parliament.,1611
1830,2025-10-24 00:15:00,Election Commission organized a large Election Commission awareness campaign.,42
1831,2025-10-24 00:15:30,education urged citizens to support education initiatives.,4270
1832,2025-10-24 00:16:00,jobs announced a major reform in jobs sector.,1128
1833,2025-10-24 00:16:30,education discussed the new education policy in India.,1008
1834,2025-10-24 00:17:00,Congress debated on Congress reforms in Parliament.,3968
1835,2025-10-24 00:17:30,Rahul Gandhi discussed the new Rahul Gandhi policy in India.,1513
1836,2025-10-24 00:18:00,poll rally discussed the new poll rally policy in India.,3729
1837,2025-10-24 00:18:30,infrastructure spoke about recent improvements in infrastructure.,3164
1838,2025-10-24 00:19:00,BJP debated on BJP reforms in Parliament.,3170
1839,2025-10-24 00:19:30,digital India promised better digital India opportunities for youth.,1737
1840,2025-10-24 00:20:00,corruption spoke about recent improvements in corruption.,1890
1841,2025-10-24 00:20:30,manifesto highlighted challenges in manifesto programs.,2024
1842,2025-10-24 00:21:00,BJP promised better BJP opportunities for youth.,588
1843,2025-10-24 00:21:30,infrastructure organized a large infrastructure awareness campaign.,3523
1844,2025-10-24 00:22:00,digital India highlighted challenges in digital India programs.,1029
1845,2025-10-24 00:22:30,Rahul Gandhi highlighted challenges in Rahul Gandhi programs.,2739
1846,2025-10-24 00:23:00,manifesto urged citizens to support manifesto initiatives.,1488
1847,2025-10-24 00:23:30,campaign launched a rally focusing on campaign development.,3160
1848,2025-10-24 00:24:00,campaign spoke about recent improvements in campaign.,446
1849,2025-10-24 00:24:30,campaign organized a large campaign awareness campaign.,3498
1850,2025-10-24 00:25:00,digital India announced a major reform in digital India sector.,1365
1851,2025-10-24 00:25:30,corruption launched a rally focusing on corruption development.,4305
1852,2025-10-24 00:26:00,corruption highlighted challenges in corruption programs.,3558
1853,2025-10-24 00:26:30,Election Commission criticized the opposition for Election Commission issues.,1254
1854,2025-10-24 00:27:00,digital India spoke about recent improvements in digital India.,806
1855,2025-10-24 00:27:30,infrastructure debated on infrastructure reforms in Parliament.,1483
1856,2025-10-24 00:28:00,healthcare organized a large healthcare awareness campaign.,176
1857,2025-10-24 00:28:30,BJP launched a rally focusing on BJP development.,3441
1858,2025-10-24 00:29:00,Rahul Gandhi debated on Rahul Gandhi reforms in Parliament.,488
1859,2025-10-24 00:29:30,digital India urged citizens to support digital India initiatives.,4140
1860,2025-10-24 00:30:00,campaign debated on campaign reforms in Parliament.,3814
1861,2025-10-24 00:30:30,healthcare spoke about recent improvements in healthcare.,2178
1862,2025-10-24 00:31:00,development discussed the new development policy in India.,1740
1863,2025-10-24 00:31:30,jobs debated on jobs reforms in Parliament.,402
1864,2025-10-24 00:32:00,corruption urged citizens to support corruption initiatives.,3470
1865,2025-10-24 00:32:30,Congress organized a large Congress awareness campaign.,2452
1866,2025-10-24 00:33:00,BJP announced a major reform in BJP sector.,3857
1867,2025-10-24 00:33:30,Congress debated on Congress reforms in Parliament.,3791
1868,2025-10-24 00:34:00,healthcare criticized the opposition for healthcare issues.,1268
1869,2025-10-24 00:34:30,Rahul Gandhi launched a rally focusing on Rahul Gandhi development.,1543
1870,2025-10-24 00:35:00,education discussed the new education policy in India.,1025
1871,2025-10-24 00:35:30,Election Commission promised better Election Commission opportunities for youth.,4657
1872,2025-10-24 00:36:00,BJP spoke about recent improvements in BJP.,2317
1873,2025-10-24 00:36:30,BJP urged citizens to support BJP initiatives.,4932
1874,2025-10-24 00:37:00,digital India spoke about recent improvements in digital India.,4626
1875,2025-10-24 00:37:30,infrastructure announced a major reform in infrastructure sector.,4696
1876,2025-10-24 00:38:00,campaign organized a large campaign awareness campaign.,1489
1877,2025-10-24 00:38:30,development urged citizens to support development initiatives.,1980
1878,2025-10-24 00:39:00,development debated on development reforms in Parliament.,2955
1879,2025-10-24 00:39:30,Rahul Gandhi announced a major reform in Rahul Gandhi sector.,4460
1880,2025-10-24 00:40:00,healthcare highlighted challenges in healthcare programs.,1380
1881,2025-10-24 00:40:30,development organized a large development awareness campaign.,3488
1882,2025-10-24 00:41:00,campaign spoke about recent improvements in campaign.,3138
1883,2025-10-24 00:41:30,development highlighted challenges in development programs.,621
1884,2025-10-24 00:42:00,jobs criticized the opposition for jobs issues.,1242
1885,2025-10-24 00:42:30,campaign criticized the opposition for campaign issues.,2789
1886,2025-10-24 00:43:00,manifesto spoke about recent improvements in manifesto.,119
1887,2025-10-24 00:43:30,jobs launched a rally focusing on jobs development.,3912
1888,2025-10-24 00:44:00,Rahul Gandhi promised better Rahul Gandhi opportunities for youth.,3978
1889,2025-10-24 00:44:30,corruption spoke about recent improvements in corruption.,1406
1890,2025-10-24 00:45:00,digital India debated on digital India reforms in Parliament.,1661
1891,2025-10-24 00:45:30,Election Commission highlighted challenges in Election Commission programs.,3276
1892,2025-10-24 00:46:00,BJP spoke about recent improvements in BJP.,774
1893,2025-10-24 00:46:30,BJP launched a rally focusing on BJP development.,4081
1894,2025-10-24 00:47:00,development spoke about recent improvements in development.,1591
1895,2025-10-24 00:47:30,campaign announced a major reform in campaign sector.,3038
1896,2025-10-24 00:48:00,digital India announced a major reform in digital India sector.,4270
1897,2025-10-24 00:48:30,healthcare organized a large healthcare awareness campaign.,560
1898,2025-10-24 00:49:00,corruption discussed the new corruption policy in India.,2382
1899,2025-10-24 00:49:30,education announced a major reform in education sector.,498
1900,2025-10-24 00:50:00,Congress promised better Congress opportunities for youth.,4164
1901,2025-10-24 00:50:30,manifesto urged citizens to support manifesto initiatives.,4800
1902,2025-10-24 00:51:00,Modi urged citizens to support Modi initiatives.,4355
1903,2025-10-24 00:51:30,Modi promised better Modi opportunities for youth.,3409
1904,2025-10-24 00:52:00,education launched a rally focusing on education development.,2428
1905,2025-10-24 00:52:30,Congress spoke about recent improvements in Congress.,3715
1906,2025-10-24 00:53:00,development criticized the opposition for development issues.,1692
1907,2025-10-24 00:53:30,Modi launched a rally focusing on Modi development.,2442
1908,2025-10-24 00:54:00,BJP criticized the opposition for BJP issues.,4571
1909,2025-10-24 00:54:30,BJP debated on BJP reforms in Parliament.,733
1910,2025-10-24 00:55:00,digital India highlighted challenges in digital India programs.,1307
1911,2025-10-24 00:55:30,digital India highlighted challenges in digital India programs.,719
1912,2025-10-24 00:56:00,poll rally announced a major reform in poll rally sector.,1979
1913,2025-10-24 00:56:30,healthcare spoke about recent improvements in healthcare.,4076
1914,2025-10-24 00:57:00,development urged citizens to support development initiatives.,197
1915,2025-10-24 00:57:30,Election Commission criticized the opposition for Election Commission issues.,2924
1916,2025-10-24 00:58:00,development organized a large development awareness campaign.,3138
1917,2025-10-24 00:58:30,Rahul Gandhi criticized the opposition for Rahul Gandhi issues.,3305
1918,2025-10-24 00:59:00,Election Commission announced a major reform in Election Commission sector.,3178
1919,2025-10-24 00:59:30,healthcare spoke about recent improvements in healthcare.,4955
1920,2025-10-24 01:00:00,healthcare launched a rally focusing on healthcare development.,4479
1921,2025-10-24 01:00:30,healthcare announced a major reform in healthcare sector.,2309
1922,2025-10-24 01:01:00,campaign spoke about recent improvements in campaign.,2907
1923,2025-10-24 01:01:30,digital India criticized the opposition for digital India issues.,1782
1924,2025-10-24 01:02:00,Modi launched a rally focusing on Modi development.,4493
1925,2025-10-24 01:02:30,healthcare debated on healthcare reforms in Parliament.,1330
1926,2025-10-24 01:03:00,digital India launched a rally focusing on digital India development.,3491
1927,2025-10-24 01:03:30,digital India criticized the opposition for digital India issues.,3250
1928,2025-10-24 01:04:00,development launched a rally focusing on development development.,169
1929,2025-10-24 01:04:30,development discussed the new development policy in India.,4179
1930,2025-10-24 01:05:00,poll rally discussed the new poll rally policy in India.,2432
1931,2025-10-24 01:05:30,poll rally criticized the opposition for poll rally issues.,900
1932,2025-10-24 01:06:00,poll rally organized a large poll rally awareness campaign.,2106
1933,2025-10-24 01:06:30,digital India debated on digital India reforms in Parliament.,1888
1934,2025-10-24 01:07:00,manifesto promised better manifesto opportunities for youth.,923
1935,2025-10-24 01:07:30,digital India announced a major reform in digital India sector.,1460
1936,2025-10-24 01:08:00,infrastructure criticized the opposition for infrastructure issues.,162
1937,2025-10-24 01:08:30,Election Commission launched a rally focusing on Election Commission development.,4260
1938,2025-10-24 01:09:00,Modi criticized the opposition for Modi issues.,4409
1939,2025-10-24 01:09:30,Congress discussed the new Congress policy in India.,467
1940,2025-10-24 01:10:00,Congress organized a large Congress awareness campaign.,4700
1941,2025-10-24 01:10:30,healthcare criticized the opposition for healthcare issues.,1579
1942,2025-10-24 01:11:00,Congress criticized the opposition for Congress issues.,3481
1943,2025-10-24 01:11:30,Congress highlighted challenges in Congress programs.,3554
1944,2025-10-24 01:12:00,Rahul Gandhi discussed the new Rahul Gandhi policy in India.,2954
1945,2025-10-24 01:12:30,jobs launched a rally focusing on jobs development.,3706
1946,2025-10-24 01:13:00,Rahul Gandhi announced a major reform in Rahul Gandhi sector.,3578
1947,2025-10-24 01:13:30,development debated on development reforms in Parliament.,1990
1948,2025-10-24 01:14:00,corruption discussed the new corruption policy in India.,3477
1949,2025-10-24 01:14:30,infrastructure highlighted challenges in infrastructure programs.,2007
1950,2025-10-24 01:15:00,Rahul Gandhi spoke about recent improvements in Rahul Gandhi.,1679
1951,2025-10-24 01:15:30,Congress debated on Congress reforms in Parliament.,2468
1952,2025-10-24 01:16:00,Election Commission urged citizens to support Election Commission initiatives.,4608
1953,2025-10-24 01:16:30,corruption announced a major reform in corruption sector.,1382
1954,2025-10-24 01:17:00,BJP urged citizens to support BJP initiatives.,4366
1955,2025-10-24 01:17:30,development launched a rally focusing on development development.,4560
1956,2025-10-24 01:18:00,Congress debated on Congress reforms in Parliament.,3948
1957,2025-10-24 01:18:30,education debated on education reforms in Parliament.,4545
1958,2025-10-24 01:19:00,Modi promised better Modi opportunities for youth.,3765
1959,2025-10-24 01:19:30,infrastructure announced a major reform in infrastructure sector.,1939
1960,2025-10-24 01:20:00,education spoke about recent improvements in education.,935
1961,2025-10-24 01:20:30,healthcare debated on healthcare reforms in Parliament.,4610
1962,2025-10-24 01:21:00,jobs launched a rally focusing on jobs development.,1388
1963,2025-10-24 01:21:30,healthcare discussed the new healthcare policy in India.,3117
1964,2025-10-24 01:22:00,Election Commission discussed the new Election Commission policy in India.,4155
1965,2025-10-24 01:22:30,healthcare urged citizens to support healthcare initiatives.,1891
1966,2025-10-24 01:23:00,development discussed the new development policy in India.,322
1967,2025-10-24 01:23:30,manifesto highlighted challenges in manifesto programs.,3033
1968,2025-10-24 01:24:00,infrastructure promised better infrastructure opportunities for youth.,3342
1969,2025-10-24 01:24:30,education criticized the opposition for education issues.,1684
1970,2025-10-24 01:25:00,jobs highlighted challenges in jobs programs.,1647
1971,2025-10-24 01:25:30,BJP launched a rally focusing on BJP development.,2356
1972,2025-10-24 01:26:00,Rahul Gandhi urged citizens to support Rahul Gandhi initiatives.,2428
1973,2025-10-24 01:26:30,development organized a large development awareness campaign.,2816
1974,2025-10-24 01:27:00,manifesto criticized the opposition for manifesto issues.,793
1975,2025-10-24 01:27:30,infrastructure debated on infrastructure reforms in Parliament.,1285
1976,2025-10-24 01:28:00,Modi urged citizens to support Modi initiatives.,3554
1977,2025-10-24 01:28:30,education promised better education opportunities for youth.,1739
1978,2025-10-24 01:29:00,Election Commission promised better Election Commission opportunities for youth.,2888
1979,2025-10-24 01:29:30,infrastructure highlighted challenges in infrastructure programs.,1200
1980,2025-10-24 01:30:00,Congress spoke about recent improvements in Congress.,1874
1981,2025-10-24 01:30:30,jobs launched a rally focusing on jobs development.,1049
1982,2025-10-24 01:31:00,Election Commission spoke about recent improvements in Election Commission.,334
1983,2025-10-24 01:31:30,education highlighted challenges in education programs.,1218
1984,2025-10-24 01:32:00,development launched a rally focusing on development development.,2262
1985,2025-10-24 01:32:30,Rahul Gandhi debated on Rahul Gandhi reforms in Parliament.,1343
1986,2025-10-24 01:33:00,BJP promised better BJP opportunities for youth.,3971
1987,2025-10-24 01:33:30,healthcare organized a large healthcare awareness campaign.,1422
1988,2025-10-24 01:34:00,manifesto highlighted challenges in manifesto programs.,2663
1989,2025-10-24 01:34:30,manifesto urged citizens to support manifesto initiatives.,1601
1990,2025-10-24 01:35:00,digital India debated on digital India reforms in Parliament.,1735
1991,2025-10-24 01:35:30,poll rally debated on poll rally reforms in Parliament.,1492
1992,2025-10-24 01:36:00,education organized a large education awareness campaign.,4531
1993,2025-10-24 01:36:30,poll rally organized a large poll rally awareness campaign.,2873
1994,2025-10-24 01:37:00,development debated on development reforms in Parliament.,1485
1995,2025-10-24 01:37:30,manifesto announced a major reform in manifesto sector.,497
1996,2025-10-24 01:38:00,Rahul Gandhi announced a major reform in Rahul Gandhi sector.,867
1997,2025-10-24 01:38:30,digital India highlighted challenges in digital India programs.,4611
1998,2025-10-24 01:39:00,BJP spoke about recent improvements in BJP.,103
1999,2025-10-24 01:39:30,corruption urged citizens to support corruption initiatives.,2343
2000,2025-10-24 01:40:00,Election Commission highlighted challenges in Election Commission programs.,3315
2001,2025-10-24 01:40:30,Congress urged citizens to support Congress initiatives.,1676
2002,2025-10-24 01:41:00,Congress debated on Congress reforms in Parliament.,3131
2003,2025-10-24 01:41:30,healthcare criticized the opposition for healthcare issues.,3296
2004,2025-10-24 01:42:00,jobs spoke about recent improvements in jobs.,3147
2005,2025-10-24 01:42:30,education launched a rally focusing on education development.,1912
2006,2025-10-24 01:43:00,poll rally discussed the new poll rally policy in India.,2539
2007,2025-10-24 01:43:30,jobs discussed the new jobs policy in India.,1763
2008,2025-10-24 01:44:00,Congress discussed the new Congress policy in India.,1861
2009,2025-10-24 01:44:30,Modi promised better Modi opportunities for youth.,3287
2010,2025-10-24 01:45:00,education organized a large education awareness campaign.,3426
2011,2025-10-24 01:45:30,digital India highlighted challenges in digital India programs.,4917
2012,2025-10-24 01:46:00,education highlighted challenges in education programs.,3550
2013,2025-10-24 01:46:30,manifesto criticized the opposition for manifesto issues.,3930
2014,2025-10-24 01:47:00,development promised better development opportunities for youth.,158
2015,2025-10-24 01:47:30,development launched a rally focusing on development development.,1887
2016,2025-10-24 01:48:00,BJP urged citizens to support BJP initiatives.,1147
2017,2025-10-24 01:48:30,corruption promised better corruption opportunities for youth.,3810
2018,2025-10-24 01:49:00,manifesto promised better manifesto opportunities for youth.,3291
2019,2025-10-24 01:49:30,campaign urged citizens to support campaign initiatives.,1390
2020,2025-10-24 01:50:00,Rahul Gandhi spoke about recent improvements in Rahul Gandhi.,1428
2021,2025-10-24 01:50:30,poll rally spoke about recent improvements in poll rally.,4428
2022,2025-10-24 01:51:00,BJP launched a rally focusing on BJP development.,2171
2023,2025-10-24 01:51:30,infrastructure announced a major reform in infrastructure sector.,10
2024,2025-10-24 01:52:00,development debated on development reforms in Parliament.,589
2025,2025-10-24 01:52:30,poll rally spoke about recent improvements in poll rally.,523
2026,2025-10-24 01:53:00,development highlighted challenges in development programs.,4406
2027,2025-10-24 01:53:30,digital India criticized the opposition for digital India issues.,2562
2028,2025-10-24 01:54:00,Rahul Gandhi launched a rally focusing on Rahul Gandhi development.,1658
2029,2025-10-24 01:54:30,poll rally launched a rally focusing on poll rally development.,4684
2030,2025-10-24 01:55:00,Rahul Gandhi discussed the new Rahul Gandhi policy in India.,3279
2031,2025-10-24 01:55:30,poll rally urged citizens to support poll rally initiatives.,1829
2032,2025-10-24 01:56:00,Congress launched a rally focusing on Congress development.,3316
2033,2025-10-24 01:56:30,Modi announced a major reform in Modi sector.,4334
2034,2025-10-24 01:57:00,Congress criticized the opposition for Congress issues.,3598
2035,2025-10-24 01:57:30,development launched a rally focusing on development development.,1896
2036,2025-10-24 01:58:00,manifesto debated on manifesto reforms in Parliament.,2694
2037,2025-10-24 01:58:30,campaign urged citizens to support campaign initiatives.,2723
2038,2025-10-24 01:59:00,healthcare criticized the opposition for healthcare issues.,1661
2039,2025-10-24 01:59:30,poll rally discussed the new poll rally policy in India.,4326
2040,2025-10-24 02:00:00,healthcare promised better healthcare opportunities for youth.,3389
2041,2025-10-24 02:00:30,healthcare urged citizens to support healthcare initiatives.,4813
2042,2025-10-24 02:01:00,Election Commission promised better Election Commission opportunities for youth.,1394
2043,2025-10-24 02:01:30,Rahul Gandhi announced a major reform in Rahul Gandhi sector.,1200
2044,2025-10-24 02:02:00,education organized a large education awareness campaign.,2766
2045,2025-10-24 02:02:30,education urged citizens to support education initiatives.,4951
2046,2025-10-24 02:03:00,Modi urged citizens to support Modi initiatives.,2527
2047,2025-10-24 02:03:30,digital India organized a large digital India awareness campaign.,3838
2048,2025-10-24 02:04:00,campaign urged citizens to support campaign initiatives.,962
2049,2025-10-24 02:04:30,Election Commission urged citizens to support Election Commission initiatives.,3028
2050,2025-10-24 02:05:00,Modi debated on Modi reforms in Parliament.,3587
2051,2025-10-24 02:05:30,manifesto announced a major reform in manifesto sector.,3758
2052,2025-10-24 02:06:00,corruption urged citizens to support corruption initiatives.,4050
2053,2025-10-24 02:06:30,campaign urged citizens to support campaign initiatives.,648
2054,2025-10-24 02:07:00,Rahul Gandhi discussed the new Rahul Gandhi policy in India.,2903
2055,2025-10-24 02:07:30,digital India criticized the opposition for digital India issues.,1771
2056,2025-10-24 02:08:00,jobs promised better jobs opportunities for youth.,3290
2057,2025-10-24 02:08:30,healthcare debated on healthcare reforms in Parliament.,4036
2058,2025-10-24 02:09:00,digital India highlighted challenges in digital India programs.,3428
2059,2025-10-24 02:09:30,healthcare spoke about recent improvements in healthcare.,276
2060,2025-10-24 02:10:00,BJP criticized the opposition for BJP issues.,1832
2061,2025-10-24 02:10:30,education organized a large education awareness campaign.,998
2062,2025-10-24 02:11:00,Congress discussed the new Congress policy in India.,3282
2063,2025-10-24 02:11:30,manifesto organized a large manifesto awareness campaign.,4393
2064,2025-10-24 02:12:00,Election Commission criticized the opposition for Election Commission issues.,2259
2065,2025-10-24 02:12:30,healthcare spoke about recent improvements in healthcare.,911
2066,2025-10-24 02:13:00,healthcare debated on healthcare reforms in Parliament.,3398
2067,2025-10-24 02:13:30,jobs spoke about recent improvements in jobs.,3992
2068,2025-10-24 02:14:00,infrastructure launched a rally focusing on infrastructure development.,4863
2069,2025-10-24 02:14:30,campaign discussed the new campaign policy in India.,1978
2070,2025-10-24 02:15:00,development debated on development reforms in Parliament.,396
2071,2025-10-24 02:15:30,education organized a large education awareness campaign.,1507
2072,2025-10-24 02:16:00,manifesto criticized the opposition for manifesto issues.,4617
2073,2025-10-24 02:16:30,development debated on development reforms in Parliament.,4638
2074,2025-10-24 02:17:00,campaign organized a large campaign awareness campaign.,3852
2075,2025-10-24 02:17:30,development criticized the opposition for development issues.,2979
2076,2025-10-24 02:18:00,Congress debated on Congress reforms in Parliament.,2862
2077,2025-10-24 02:18:30,corruption criticized the opposition for corruption issues.,58
2078,2025-10-24 02:19:00,Modi announced a major reform in Modi sector.,718
2079,2025-10-24 02:19:30,healthcare highlighted challenges in healthcare programs.,108
2080,2025-10-24 02:20:00,Rahul Gandhi promised better Rahul Gandhi opportunities for youth.,4712
2081,2025-10-24 02:20:30,Congress highlighted challenges in Congress programs.,4961
2082,2025-10-24 02:21:00,infrastructure spoke about recent improvements in infrastructure.,880
2083,2025-10-24 02:21:30,infrastructure discussed the new infrastructure policy in India.,3815
2084,2025-10-24 02:22:00,corruption announced a major reform in corruption sector.,3520
2085,2025-10-24 02:22:30,campaign highlighted challenges in campaign programs.,3273
2086,2025-10-24 02:23:00,healthcare launched a rally focusing on healthcare development.,922
2087,2025-10-24 02:23:30,development spoke about recent improvements in development.,1068
2088,2025-10-24 02:24:00,Modi organized a large Modi awareness campaign.,2577
2089,2025-10-24 02:24:30,poll rally organized a large poll rally awareness campaign.,4238
2090,2025-10-24 02:25:00,Election Commission promised better Election Commission opportunities for youth.,1012
2091,2025-10-24 02:25:30,campaign spoke about recent improvements in campaign.,183
2092,2025-10-24 02:26:00,Rahul Gandhi spoke about recent improvements in Rahul Gandhi.,1943
2093,2025-10-24 02:26:30,manifesto promised better manifesto opportunities for youth.,418
2094,2025-10-24 02:27:00,manifesto highlighted challenges in manifesto programs.,2766
2095,2025-10-24 02:27:30,BJP organized a large BJP awareness campaign.,1257
2096,2025-10-24 02:28:00,campaign promised better campaign opportunities for youth.,380
2097,2025-10-24 02:28:30,jobs debated on jobs reforms in Parliament.,350
2098,2025-10-24 02:29:00,corruption urged citizens to support corruption initiatives.,2396
2099,2025-10-24 02:29:30,manifesto urged citizens to support manifesto initiatives.,4558
2100,2025-10-24 02:30:00,Modi criticized the opposition for Modi issues.,2641
2101,2025-10-24 02:30:30,Congress announced a major reform in Congress sector.,2861
2102,2025-10-24 02:31:00,campaign highlighted challenges in campaign programs.,2474
2103,2025-10-24 02:31:30,Rahul Gandhi announced a major reform in Rahul Gandhi sector.,3774
2104,2025-10-24 02:32:00,healthcare criticized the opposition for healthcare issues.,398
2105,2025-10-24 02:32:30,infrastructure debated on infrastructure reforms in Parliament.,3783
2106,2025-10-24 02:33:00,BJP discussed the new BJP policy in India.,3302
2107,2025-10-24 02:33:30,jobs discussed the new jobs policy in India.,3487
2108,2025-10-24 02:34:00,poll rally organized a large poll rally awareness campaign.,4567
2109,2025-10-24 02:34:30,education discussed the new education policy in India.,1942
2110,2025-10-24 02:35:00,healthcare urged citizens to support healthcare initiatives.,2093
2111,2025-10-24 02:35:30,jobs announced a major reform in jobs sector.,2813
2112,2025-10-24 02:36:00,education highlighted challenges in education programs.,2523
2113,2025-10-24 02:36:30,development discussed the new development policy in India.,4106
2114,2025-10-24 02:37:00,education announced a major reform in education sector.,3758
2115,2025-10-24 02:37:30,campaign spoke about recent improvements in campaign.,199
2116,2025-10-24 02:38:00,healthcare announced a major reform in healthcare sector.,3435
2117,2025-10-24 02:38:30,development announced a major reform in development sector.,1754
2118,2025-10-24 02:39:00,digital India announced a major reform in digital India sector.,4125
2119,2025-10-24 02:39:30,poll rally promised better poll rally opportunities for youth.,282
2120,2025-10-24 02:40:00,Congress spoke about recent improvements in Congress.,249
2121,2025-10-24 02:40:30,Rahul Gandhi urged citizens to support Rahul Gandhi initiatives.,878
2122,2025-10-24 02:41:00,campaign organized a large campaign awareness campaign.,2692
2123,2025-10-24 02:41:30,digital India announced a major reform in digital India sector.,1656
2124,2025-10-24 02:42:00,jobs discussed the new jobs policy in India.,3370
2125,2025-10-24 02:42:30,poll rally debated on poll rally reforms in Parliament.,1874
2126,2025-10-24 02:43:00,healthcare debated on healthcare reforms in Parliament.,4949
2127,2025-10-24 02:43:30,healthcare urged citizens to support healthcare initiatives.,4906
2128,2025-10-24 02:44:00,digital India spoke about recent improvements in digital India.,364
2129,2025-10-24 02:44:30,BJP discussed the new BJP policy in India.,1002
2130,2025-10-24 02:45:00,campaign debated on campaign reforms in Parliament.,942
2131,2025-10-24 02:45:30,development highlighted challenges in development programs.,2722
2132,2025-10-24 02:46:00,development launched a rally focusing on development development.,260
2133,2025-10-24 02:46:30,infrastructure urged citizens to support infrastructure initiatives.,819
2134,2025-10-24 02:47:00,Congress urged citizens to support Congress initiatives.,4925
2135,2025-10-24 02:47:30,development urged citizens to support development initiatives.,3639
2136,2025-10-24 02:48:00,Congress promised better Congress opportunities for youth.,885
2137,2025-10-24 02:48:30,healthcare promised better healthcare opportunities for youth.,3810
2138,2025-10-24 02:49:00,BJP spoke about recent improvements in BJP.,2654
2139,2025-10-24 02:49:30,jobs highlighted challenges in jobs programs.,4452
2140,2025-10-24 02:50:00,infrastructure criticized the opposition for infrastructure issues.,2492
2141,2025-10-24 02:50:30,education urged citizens to support education initiatives.,3060
2142,2025-10-24 02:51:00,digital India discussed the new digital India policy in India.,971
2143,2025-10-24 02:51:30,poll rally highlighted challenges in poll rally programs.,3475
2144,2025-10-24 02:52:00,infrastructure promised better infrastructure opportunities for youth.,3447
2145,2025-10-24 02:52:30,manifesto discussed the new manifesto policy in India.,2489
2146,2025-10-24 02:53:00,infrastructure spoke about recent improvements in infrastructure.,3622
2147,2025-10-24 02:53:30,digital India urged citizens to support digital India initiatives.,3365
2148,2025-10-24 02:54:00,Congress debated on Congress reforms in Parliament.,4510
2149,2025-10-24 02:54:30,digital India criticized the opposition for digital India issues.,4283
2150,2025-10-24 02:55:00,Congress highlighted challenges in Congress programs.,1918
2151,2025-10-24 02:55:30,Rahul Gandhi highlighted challenges in Rahul Gandhi programs.,1304
2152,2025-10-24 02:56:00,infrastructure promised better infrastructure opportunities for youth.,4634
2153,2025-10-24 02:56:30,development debated on development reforms in Parliament.,3510
2154,2025-10-24 02:57:00,Congress launched a rally focusing on Congress development.,3014
2155,2025-10-24 02:57:30,development discussed the new development policy in India.,3665
2156,2025-10-24 02:58:00,healthcare organized a large healthcare awareness campaign.,1547
2157,2025-10-24 02:58:30,infrastructure promised better infrastructure opportunities for youth.,2759
2158,2025-10-24 02:59:00,Rahul Gandhi spoke about recent improvements in Rahul Gandhi.,344
2159,2025-10-24 02:59:30,poll rally organized a large poll rally awareness campaign.,834
2160,2025-10-24 03:00:00,BJP debated on BJP reforms in Parliament.,4954
2161,2025-10-24 03:00:30,development spoke about recent improvements in development.,4004
2162,2025-10-24 03:01:00,education discussed the new education policy in India.,4179
2163,2025-10-24 03:01:30,Congress promised better Congress opportunities for youth.,1631
2164,2025-10-24 03:02:00,Modi discussed the new Modi policy in India.,4534
2165,2025-10-24 03:02:30,corruption spoke about recent improvements in corruption.,1900
2166,2025-10-24 03:03:00,BJP launched a rally focusing on BJP development.,1278
2167,2025-10-24 03:03:30,campaign highlighted challenges in campaign programs.,2198
2168,2025-10-24 03:04:00,Rahul Gandhi spoke about recent improvements in Rahul Gandhi.,4743
2169,2025-10-24 03:04:30,campaign urged citizens to support campaign initiatives.,1380
2170,2025-10-24 03:05:00,healthcare criticized the opposition for healthcare issues.,4760
2171,2025-10-24 03:05:30,BJP spoke about recent improvements in BJP.,1077
2172,2025-10-24 03:06:00,jobs organized a large jobs awareness campaign.,4557
2173,2025-10-24 03:06:30,Election Commission debated on Election Commission reforms in Parliament.,4387
2174,2025-10-24 03:07:00,BJP highlighted challenges in BJP programs.,4768
2175,2025-10-24 03:07:30,Rahul Gandhi urged citizens to support Rahul Gandhi initiatives.,748
2176,2025-10-24 03:08:00,Congress criticized the opposition for Congress issues.,2348
2177,2025-10-24 03:08:30,digital India criticized the opposition for digital India issues.,3373
2178,2025-10-24 03:09:00,Rahul Gandhi highlighted challenges in Rahul Gandhi programs.,2431
2179,2025-10-24 03:09:30,jobs discussed the new jobs policy in India.,1626
2180,2025-10-24 03:10:00,Election Commission organized a large Election Commission awareness campaign.,363
2181,2025-10-24 03:10:30,BJP debated on BJP reforms in Parliament.,137
2182,2025-10-24 03:11:00,campaign spoke about recent improvements in campaign.,2351
2183,2025-10-24 03:11:30,Modi promised better Modi opportunities for youth.,1592
2184,2025-10-24 03:12:00,Modi launched a rally focusing on Modi development.,4997
2185,2025-10-24 03:12:30,digital India highlighted challenges in digital India programs.,1225
2186,2025-10-24 03:13:00,infrastructure launched a rally focusing on infrastructure development.,4115
2187,2025-10-24 03:13:30,Modi debated on Modi reforms in Parliament.,3625
2188,2025-10-24 03:14:00,development promised better development opportunities for youth.,2093
2189,2025-10-24 03:14:30,poll rally spoke about recent improvements in poll rally.,4445
2190,2025-10-24 03:15:00,poll rally urged citizens to support poll rally initiatives.,1635
2191,2025-10-24 03:15:30,campaign organized a large campaign awareness campaign.,1772
2192,2025-10-24 03:16:00,Rahul Gandhi launched a rally focusing on Rahul Gandhi development.,443
2193,2025-10-24 03:16:30,corruption urged citizens to support corruption initiatives.,4500
2194,2025-10-24 03:17:00,Modi organized a large Modi awareness campaign.,4568
2195,2025-10-24 03:17:30,campaign discussed the new campaign policy in India.,3733
2196,2025-10-24 03:18:00,poll rally spoke about recent improvements in poll rally.,3968
2197,2025-10-24 03:18:30,poll rally highlighted challenges in poll rally programs.,4625
2198,2025-10-24 03:19:00,Modi spoke about recent improvements in Modi.,4064
2199,2025-10-24 03:19:30,Modi organized a large Modi awareness campaign.,1818
2200,2025-10-24 03:20:00,digital India urged citizens to support digital India initiatives.,151
2201,2025-10-24 03:20:30,Election Commission highlighted challenges in Election Commission programs.,716
2202,2025-10-24 03:21:00,Modi spoke about recent improvements in Modi.,2439
2203,2025-10-24 03:21:30,poll rally launched a rally focusing on poll rally development.,2622
2204,2025-10-24 03:22:00,education discussed the new education policy in India.,1649
2205,2025-10-24 03:22:30,corruption promised better corruption opportunities for youth.,2278
2206,2025-10-24 03:23:00,Modi promised better Modi opportunities for youth.,2354
2207,2025-10-24 03:23:30,education discussed the new education policy in India.,2670
2208,2025-10-24 03:24:00,BJP highlighted challenges in BJP programs.,1705
2209,2025-10-24 03:24:30,development urged citizens to support development initiatives.,166
2210,2025-10-24 03:25:00,healthcare organized a large healthcare awareness campaign.,4965
2211,2025-10-24 03:25:30,BJP criticized the opposition for BJP issues.,4068
2212,2025-10-24 03:26:00,Congress spoke about recent improvements in Congress.,1902
2213,2025-10-24 03:26:30,poll rally spoke about recent improvements in poll rally.,3661
2214,2025-10-24 03:27:00,infrastructure highlighted challenges in infrastructure programs.,2097
2215,2025-10-24 03:27:30,poll rally debated on poll rally reforms in Parliament.,3782
2216,2025-10-24 03:28:00,campaign announced a major reform in campaign sector.,4670
2217,2025-10-24 03:28:30,campaign promised better campaign opportunities for youth.,2240
2218,2025-10-24 03:29:00,education spoke about recent improvements in education.,4897
2219,2025-10-24 03:29:30,development organized a large development awareness campaign.,2527
2220,2025-10-24 03:30:00,Modi highlighted challenges in Modi programs.,3973
2221,2025-10-24 03:30:30,Congress launched a rally focusing on Congress development.,2966
2222,2025-10-24 03:31:00,Modi debated on Modi reforms in Parliament.,4147
2223,2025-10-24 03:31:30,jobs discussed the new jobs policy in India.,1489
2224,2025-10-24 03:32:00,jobs organized a large jobs awareness campaign.,1052
2225,2025-10-24 03:32:30,BJP spoke about recent improvements in BJP.,1896
2226,2025-10-24 03:33:00,poll rally launched a rally focusing on poll rally development.,4977
2227,2025-10-24 03:33:30,digital India highlighted challenges in digital India programs.,1365
2228,2025-10-24 03:34:00,Modi highlighted challenges in Modi programs.,828
2229,2025-10-24 03:34:30,infrastructure announced a major reform in infrastructure sector.,3790
2230,2025-10-24 03:35:00,digital India criticized the opposition for digital India issues.,3169
2231,2025-10-24 03:35:30,infrastructure debated on infrastructure reforms in Parliament.,1085
2232,2025-10-24 03:36:00,poll rally spoke about recent improvements in poll rally.,3463
2233,2025-10-24 03:36:30,Modi launched a rally focusing on Modi development.,101
2234,2025-10-24 03:37:00,Modi launched a rally focusing on Modi development.,2800
2235,2025-10-24 03:37:30,digital India announced a major reform in digital India sector.,204
2236,2025-10-24 03:38:00,healthcare highlighted challenges in healthcare programs.,82
2237,2025-10-24 03:38:30,manifesto announced a major reform in manifesto sector.,202
2238,2025-10-24 03:39:00,healthcare debated on healthcare reforms in Parliament.,2613
2239,2025-10-24 03:39:30,BJP spoke about recent improvements in BJP.,1696
2240,2025-10-24 03:40:00,poll rally spoke about recent improvements in poll rally.,2942
2241,2025-10-24 03:40:30,Election Commission launched a rally focusing on Election Commission development.,426
2242,2025-10-24 03:41:00,Election Commission launched a rally focusing on Election Commission development.,251
2243,2025-10-24 03:41:30,Rahul Gandhi announced a major reform in Rahul Gandhi sector.,1770
2244,2025-10-24 03:42:00,Rahul Gandhi discussed the new Rahul Gandhi policy in India.,76
2245,2025-10-24 03:42:30,BJP highlighted challenges in BJP programs.,2061
2246,2025-10-24 03:43:00,BJP promised better BJP opportunities for youth.,3324
2247,2025-10-24 03:43:30,corruption announced a major reform in corruption sector.,4005
2248,2025-10-24 03:44:00,education spoke about recent improvements in education.,1934
2249,2025-10-24 03:44:30,development discussed the new development policy in India.,1289
2250,2025-10-24 03:45:00,Modi spoke about recent improvements in Modi.,86
2251,2025-10-24 03:45:30,jobs discussed the new jobs policy in India.,4385
2252,2025-10-24 03:46:00,development highlighted challenges in development programs.,1482
2253,2025-10-24 03:46:30,poll rally highlighted challenges in poll rally programs.,4498
2254,2025-10-24 03:47:00,BJP promised better BJP opportunities for youth.,512
2255,2025-10-24 03:47:30,Congress organized a large Congress awareness campaign.,4037
2256,2025-10-24 03:48:00,development criticized the opposition for development issues.,615
2257,2025-10-24 03:48:30,poll rally organized a large poll rally awareness campaign.,4711
2258,2025-10-24 03:49:00,Election Commission highlighted challenges in Election Commission programs.,3887
2259,2025-10-24 03:49:30,campaign urged citizens to support campaign initiatives.,1250
2260,2025-10-24 03:50:00,development spoke about recent improvements in development.,3967
2261,2025-10-24 03:50:30,development spoke about recent improvements in development.,285
2262,2025-10-24 03:51:00,education urged citizens to support education initiatives.,4150
2263,2025-10-24 03:51:30,development criticized the opposition for development issues.,563
2264,2025-10-24 03:52:00,Election Commission discussed the new Election Commission policy in India.,1238
2265,2025-10-24 03:52:30,campaign highlighted challenges in campaign programs.,1316
2266,2025-10-24 03:53:00,Congress announced a major reform in Congress sector.,4371
2267,2025-10-24 03:53:30,education organized a large education awareness campaign.,638
2268,2025-10-24 03:54:00,education highlighted challenges in education programs.,2317
2269,2025-10-24 03:54:30,BJP announced a major reform in BJP sector.,1609
2270,2025-10-24 03:55:00,Rahul Gandhi urged citizens to support Rahul Gandhi initiatives.,972
2271,2025-10-24 03:55:30,Election Commission launched a rally focusing on Election Commission development.,4155
2272,2025-10-24 03:56:00,development urged citizens to support development initiatives.,3862
2273,2025-10-24 03:56:30,poll rally urged citizens to support poll rally initiatives.,2922
2274,2025-10-24 03:57:00,campaign announced a major reform in campaign sector.,1355
2275,2025-10-24 03:57:30,jobs promised better jobs opportunities for youth.,142
2276,2025-10-24 03:58:00,manifesto highlighted challenges in manifesto programs.,4883
2277,2025-10-24 03:58:30,poll rally urged citizens to support poll rally initiatives.,1704
2278,2025-10-24 03:59:00,infrastructure criticized the opposition for infrastructure issues.,4554
2279,2025-10-24 03:59:30,digital India launched a rally focusing on digital India development.,3044
2280,2025-10-24 04:00:00,Election Commission highlighted challenges in Election Commission programs.,54
2281,2025-10-24 04:00:30,jobs urged citizens to support jobs initiatives.,4279
2282,2025-10-24 04:01:00,campaign debated on campaign reforms in Parliament.,1182
2283,2025-10-24 04:01:30,jobs launched a rally focusing on jobs development.,480
2284,2025-10-24 04:02:00,corruption promised better corruption opportunities for youth.,3276
2285,2025-10-24 04:02:30,Rahul Gandhi urged citizens to support Rahul Gandhi initiatives.,2044
2286,2025-10-24 04:03:00,education promised better education opportunities for youth.,1809
2287,2025-10-24 04:03:30,campaign urged citizens to support campaign initiatives.,529
2288,2025-10-24 04:04:00,education discussed the new education policy in India.,1969
2289,2025-10-24 04:04:30,Modi discussed the new Modi policy in India.,616
2290,2025-10-24 04:05:00,jobs discussed the new jobs policy in India.,4123
2291,2025-10-24 04:05:30,digital India criticized the opposition for digital India issues.,1396
2292,2025-10-24 04:06:00,education discussed the new education policy in India.,1644
2293,2025-10-24 04:06:30,infrastructure announced a major reform in infrastructure sector.,2978
2294,2025-10-24 04:07:00,BJP organized a large BJP awareness campaign.,4697
2295,2025-10-24 04:07:30,jobs urged citizens to support jobs initiatives.,3208
2296,2025-10-24 04:08:00,Rahul Gandhi urged citizens to support Rahul Gandhi initiatives.,4223
2297,2025-10-24 04:08:30,BJP organized a large BJP awareness campaign.,1542
2298,2025-10-24 04:09:00,BJP urged citizens to support BJP initiatives.,2838
2299,2025-10-24 04:09:30,healthcare launched a rally focusing on healthcare development.,2156
2300,2025-10-24 04:10:00,campaign discussed the new campaign policy in India.,964
2301,2025-10-24 04:10:30,healthcare spoke about recent improvements in healthcare.,2729
2302,2025-10-24 04:11:00,education organized a large education awareness campaign.,1183
2303,2025-10-24 04:11:30,Rahul Gandhi highlighted challenges in Rahul Gandhi programs.,106
2304,2025-10-24 04:12:00,development announced a major reform in development sector.,4212
2305,2025-10-24 04:12:30,development organized a large development awareness campaign.,1742
2306,2025-10-24 04:13:00,healthcare debated on healthcare reforms in Parliament.,2983
2307,2025-10-24 04:13:30,Congress discussed the new Congress policy in India.,4880
2308,2025-10-24 04:14:00,poll rally debated on poll rally reforms in Parliament.,4540
2309,2025-10-24 04:14:30,healthcare promised better healthcare opportunities for youth.,3323
2310,2025-10-24 04:15:00,development discussed the new development policy in India.,443
2311,2025-10-24 04:15:30,healthcare criticized the opposition for healthcare issues.,3771
2312,2025-10-24 04:16:00,BJP highlighted challenges in BJP programs.,4091
2313,2025-10-24 04:16:30,infrastructure discussed the new infrastructure policy in India.,306
2314,2025-10-24 04:17:00,jobs highlighted challenges in jobs programs.,2650
2315,2025-10-24 04:17:30,Congress launched a rally focusing on Congress development.,1256
2316,2025-10-24 04:18:00,digital India promised better digital India opportunities for youth.,336
2317,2025-10-24 04:18:30,poll rally promised better poll rally opportunities for youth.,723
2318,2025-10-24 04:19:00,Modi discussed the new Modi policy in India.,4289
2319,2025-10-24 04:19:30,development organized a large development awareness campaign.,2171
2320,2025-10-24 04:20:00,Rahul Gandhi spoke about recent improvements in Rahul Gandhi.,3824
2321,2025-10-24 04:20:30,education highlighted challenges in education programs.,2663
2322,2025-10-24 04:21:00,Modi launched a rally focusing on Modi development.,4951
2323,2025-10-24 04:21:30,education discussed the new education policy in India.,585
2324,2025-10-24 04:22:00,healthcare announced a major reform in healthcare sector.,4280
2325,2025-10-24 04:22:30,digital India launched a rally focusing on digital India development.,3163
2326,2025-10-24 04:23:00,Congress criticized the opposition for Congress issues.,2418
2327,2025-10-24 04:23:30,campaign urged citizens to support campaign initiatives.,497
2328,2025-10-24 04:24:00,BJP highlighted challenges in BJP programs.,828
2329,2025-10-24 04:24:30,digital India spoke about recent improvements in digital India.,3689
2330,2025-10-24 04:25:00,digital India organized a large digital India awareness campaign.,3455
2331,2025-10-24 04:25:30,development urged citizens to support development initiatives.,4977
2332,2025-10-24 04:26:00,digital India highlighted challenges in digital India programs.,4398
2333,2025-10-24 04:26:30,poll rally criticized the opposition for poll rally issues.,2550
2334,2025-10-24 04:27:00,digital India organized a large digital India awareness campaign.,2589
2335,2025-10-24 04:27:30,campaign urged citizens to support campaign initiatives.,1122
2336,2025-10-24 04:28:00,infrastructure debated on infrastructure reforms in Parliament.,3500
2337,2025-10-24 04:28:30,Rahul Gandhi highlighted challenges in Rahul Gandhi programs.,738
2338,2025-10-24 04:29:00,corruption discussed the new corruption policy in India.,2144
2339,2025-10-24 04:29:30,digital India criticized the opposition for digital India issues.,3841
2340,2025-10-24 04:30:00,healthcare promised better healthcare opportunities for youth.,403
2341,2025-10-24 04:30:30,Congress debated on Congress reforms in Parliament.,329
2342,2025-10-24 04:31:00,campaign organized a large campaign awareness campaign.,3933
2343,2025-10-24 04:31:30,development highlighted challenges in development programs.,3661
2344,2025-10-24 04:32:00,healthcare organized a large healthcare awareness campaign.,1883
2345,2025-10-24 04:32:30,corruption promised better corruption opportunities for youth.,3242
2346,2025-10-24 04:33:00,poll rally criticized the opposition for poll rally issues.,3127
2347,2025-10-24 04:33:30,education announced a major reform in education sector.,3379
2348,2025-10-24 04:34:00,corruption promised better corruption opportunities for youth.,408
2349,2025-10-24 04:34:30,digital India urged citizens to support digital India initiatives.,2214
2350,2025-10-24 04:35:00,jobs discussed the new jobs policy in India.,1207
2351,2025-10-24 04:35:30,Congress criticized the opposition for Congress issues.,1137
2352,2025-10-24 04:36:00,campaign launched a rally focusing on campaign development.,2654
2353,2025-10-24 04:36:30,jobs highlighted challenges in jobs programs.,1353
2354,2025-10-24 04:37:00,infrastructure debated on infrastructure reforms in Parliament.,2477
2355,2025-10-24 04:37:30,digital India discussed the new digital India policy in India.,3513
2356,2025-10-24 04:38:00,BJP urged citizens to support BJP initiatives.,4728
2357,2025-10-24 04:38:30,healthcare announced a major reform in healthcare sector.,4646
2358,2025-10-24 04:39:00,BJP promised better BJP opportunities for youth.,453
2359,2025-10-24 04:39:30,education debated on education reforms in Parliament.,1284
2360,2025-10-24 04:40:00,Modi spoke about recent improvements in Modi.,1011
2361,2025-10-24 04:40:30,manifesto debated on manifesto reforms in Parliament.,2366
2362,2025-10-24 04:41:00,digital India promised better digital India opportunities for youth.,2172
2363,2025-10-24 04:41:30,Election Commission discussed the new Election Commission policy in India.,10
2364,2025-10-24 04:42:00,campaign organized a large campaign awareness campaign.,3445
2365,2025-10-24 04:42:30,campaign launched a rally focusing on campaign development.,4474
2366,2025-10-24 04:43:00,education launched a rally focusing on education development.,4604
2367,2025-10-24 04:43:30,Rahul Gandhi promised better Rahul Gandhi opportunities for youth.,1453
2368,2025-10-24 04:44:00,manifesto highlighted challenges in manifesto programs.,3391
2369,2025-10-24 04:44:30,poll rally organized a large poll rally awareness campaign.,4552
2370,2025-10-24 04:45:00,BJP discussed the new BJP policy in India.,2949
2371,2025-10-24 04:45:30,campaign promised better campaign opportunities for youth.,2788
2372,2025-10-24 04:46:00,poll rally debated on poll rally reforms in Parliament.,4468
2373,2025-10-24 04:46:30,BJP criticized the opposition for BJP issues.,3026
2374,2025-10-24 04:47:00,digital India spoke about recent improvements in digital India.,179
2375,2025-10-24 04:47:30,infrastructure promised better infrastructure opportunities for youth.,1759
2376,2025-10-24 04:48:00,digital India urged citizens to support digital India initiatives.,81
2377,2025-10-24 04:48:30,education announced a major reform in education sector.,3442
2378,2025-10-24 04:49:00,BJP urged citizens to support BJP initiatives.,3733
2379,2025-10-24 04:49:30,infrastructure launched a rally focusing on infrastructure development.,2514
2380,2025-10-24 04:50:00,Modi launched a rally focusing on Modi development.,657
2381,2025-10-24 04:50:30,education urged citizens to support education initiatives.,1048
2382,2025-10-24 04:51:00,infrastructure promised better infrastructure opportunities for youth.,2629
2383,2025-10-24 04:51:30,Election Commission debated on Election Commission reforms in Parliament.,1136
2384,2025-10-24 04:52:00,Election Commission highlighted challenges in Election Commission programs.,318
2385,2025-10-24 04:52:30,healthcare debated on healthcare reforms in Parliament.,289
2386,2025-10-24 04:53:00,healthcare organized a large healthcare awareness campaign.,2351
2387,2025-10-24 04:53:30,infrastructure spoke about recent improvements in infrastructure.,3455
2388,2025-10-24 04:54:00,education announced a major reform in education sector.,3157
2389,2025-10-24 04:54:30,healthcare promised better healthcare opportunities for youth.,4045
2390,2025-10-24 04:55:00,BJP spoke about recent improvements in BJP.,321
2391,2025-10-24 04:55:30,corruption criticized the opposition for corruption issues.,755
2392,2025-10-24 04:56:00,infrastructure debated on infrastructure reforms in Parliament.,2395
2393,2025-10-24 04:56:30,Rahul Gandhi criticized the opposition for Rahul Gandhi issues.,3069
2394,2025-10-24 04:57:00,jobs organized a large jobs awareness campaign.,1454
2395,2025-10-24 04:57:30,manifesto urged citizens to support manifesto initiatives.,2787
2396,2025-10-24 04:58:00,digital India criticized the opposition for digital India issues.,84
2397,2025-10-24 04:58:30,Congress launched a rally focusing on Congress development.,3797
2398,2025-10-24 04:59:00,Election Commission discussed the new Election Commission policy in India.,1736
2399,2025-10-24 04:59:30,Election Commission spoke about recent improvements in Election Commission.,3300
2400,2025-10-24 05:00:00,Congress spoke about recent improvements in Congress.,2171
2401,2025-10-24 05:00:30,Election Commission highlighted challenges in Election Commission programs.,3058
2402,2025-10-24 05:01:00,healthcare urged citizens to support healthcare initiatives.,3413
2403,2025-10-24 05:01:30,BJP criticized the opposition for BJP issues.,3748
2404,2025-10-24 05:02:00,jobs launched a rally focusing on jobs development.,2782
2405,2025-10-24 05:02:30,manifesto promised better manifesto opportunities for youth.,1027
2406,2025-10-24 05:03:00,Election Commission promised better Election Commission opportunities for youth.,2634
2407,2025-10-24 05:03:30,Congress highlighted challenges in Congress programs.,1794
2408,2025-10-24 05:04:00,poll rally debated on poll rally reforms in Parliament.,803
2409,2025-10-24 05:04:30,poll rally spoke about recent improvements in poll rally.,2916
2410,2025-10-24 05:05:00,Congress highlighted challenges in Congress programs.,2327
2411,2025-10-24 05:05:30,healthcare highlighted challenges in healthcare programs.,801
2412,2025-10-24 05:06:00,healthcare criticized the opposition for healthcare issues.,65
2413,2025-10-24 05:06:30,education announced a major reform in education sector.,2916
2414,2025-10-24 05:07:00,infrastructure spoke about recent improvements in infrastructure.,3463
2415,2025-10-24 05:07:30,digital India announced a major reform in digital India sector.,3391
2416,2025-10-24 05:08:00,Rahul Gandhi highlighted challenges in Rahul Gandhi programs.,3082
2417,2025-10-24 05:08:30,poll rally launched a rally focusing on poll rally development.,225
2418,2025-10-24 05:09:00,Rahul Gandhi organized a large Rahul Gandhi awareness campaign.,1524
2419,2025-10-24 05:09:30,healthcare debated on healthcare reforms in Parliament.,1481
2420,2025-10-24 05:10:00,campaign promised better campaign opportunities for youth.,4238
2421,2025-10-24 05:10:30,Modi debated on Modi reforms in Parliament.,4264
2422,2025-10-24 05:11:00,healthcare launched a rally focusing on healthcare development.,1484
2423,2025-10-24 05:11:30,BJP urged citizens to support BJP initiatives.,1037
2424,2025-10-24 05:12:00,Rahul Gandhi highlighted challenges in Rahul Gandhi programs.,2677
2425,2025-10-24 05:12:30,Modi discussed the new Modi policy in India.,1461
2426,2025-10-24 05:13:00,development organized a large development awareness campaign.,948
2427,2025-10-24 05:13:30,campaign launched a rally focusing on campaign development.,4361
2428,2025-10-24 05:14:00,Modi organized a large Modi awareness campaign.,2285
2429,2025-10-24 05:14:30,education organized a large education awareness campaign.,1279
2430,2025-10-24 05:15:00,healthcare debated on healthcare reforms in Parliament.,2775
2431,2025-10-24 05:15:30,healthcare discussed the new healthcare policy in India.,129
2432,2025-10-24 05:16:00,Modi spoke about recent improvements in Modi.,2265
2433,2025-10-24 05:16:30,campaign organized a large campaign awareness campaign.,2402
2434,2025-10-24 05:17:00,education debated on education reforms in Parliament.,4401
2435,2025-10-24 05:17:30,BJP organized a large BJP awareness campaign.,4428
2436,2025-10-24 05:18:00,BJP urged citizens to support BJP initiatives.,2604
2437,2025-10-24 05:18:30,corruption launched a rally focusing on corruption development.,3770
2438,2025-10-24 05:19:00,education urged citizens to support education initiatives.,211
2439,2025-10-24 05:19:30,healthcare announced a major reform in healthcare sector.,651
2440,2025-10-24 05:20:00,BJP highlighted challenges in BJP programs.,202
2441,2025-10-24 05:20:30,Modi organized a large Modi awareness campaign.,2195
2442,2025-10-24 05:21:00,digital India urged citizens to support digital India initiatives.,4196
2443,2025-10-24 05:21:30,infrastructure promised better infrastructure opportunities for youth.,391
2444,2025-10-24 05:22:00,infrastructure criticized the opposition for infrastructure issues.,4397
2445,2025-10-24 05:22:30,manifesto launched a rally focusing on manifesto development.,2558
2446,2025-10-24 05:23:00,jobs launched a rally focusing on jobs development.,3524
2447,2025-10-24 05:23:30,manifesto discussed the new manifesto policy in India.,4891
2448,2025-10-24 05:24:00,healthcare launched a rally focusing on healthcare development.,3184
2449,2025-10-24 05:24:30,poll rally organized a large poll rally awareness campaign.,4870
2450,2025-10-24 05:25:00,Election Commission promised better Election Commission opportunities for youth.,3512
2451,2025-10-24 05:25:30,jobs announced a major reform in jobs sector.,4887
2452,2025-10-24 05:26:00,Rahul Gandhi launched a rally focusing on Rahul Gandhi development.,4906
2453,2025-10-24 05:26:30,campaign urged citizens to support campaign initiatives.,4924
2454,2025-10-24 05:27:00,education organized a large education awareness campaign.,1586
2455,2025-10-24 05:27:30,education organized a large education awareness campaign.,1455
2456,2025-10-24 05:28:00,healthcare urged citizens to support healthcare initiatives.,4947
2457,2025-10-24 05:28:30,digital India debated on digital India reforms in Parliament.,1612
2458,2025-10-24 05:29:00,Election Commission spoke about recent improvements in Election Commission.,3687
2459,2025-10-24 05:29:30,infrastructure organized a large infrastructure awareness campaign.,4481
2460,2025-10-24 05:30:00,Rahul Gandhi launched a rally focusing on Rahul Gandhi development.,3238
2461,2025-10-24 05:30:30,healthcare organized a large healthcare awareness campaign.,634
2462,2025-10-24 05:31:00,Modi organized a large Modi awareness campaign.,713
2463,2025-10-24 05:31:30,campaign urged citizens to support campaign initiatives.,4474
2464,2025-10-24 05:32:00,infrastructure promised better infrastructure opportunities for youth.,2186
2465,2025-10-24 05:32:30,corruption launched a rally focusing on corruption development.,2659
2466,2025-10-24 05:33:00,education announced a major reform in education sector.,3534
2467,2025-10-24 05:33:30,jobs spoke about recent improvements in jobs.,4530
2468,2025-10-24 05:34:00,Congress highlighted challenges in Congress programs.,22
2469,2025-10-24 05:34:30,manifesto urged citizens to support manifesto initiatives.,3256
2470,2025-10-24 05:35:00,Rahul Gandhi debated on Rahul Gandhi reforms in Parliament.,2611
2471,2025-10-24 05:35:30,jobs discussed the new jobs policy in India.,1840
2472,2025-10-24 05:36:00,healthcare organized a large healthcare awareness campaign.,34
2473,2025-10-24 05:36:30,Rahul Gandhi urged citizens to support Rahul Gandhi initiatives.,1822
2474,2025-10-24 05:37:00,education organized a large education awareness campaign.,2343
2475,2025-10-24 05:37:30,healthcare debated on healthcare reforms in Parliament.,3158
2476,2025-10-24 05:38:00,infrastructure launched a rally focusing on infrastructure development.,2159
2477,2025-10-24 05:38:30,poll rally highlighted challenges in poll rally programs.,4998
2478,2025-10-24 05:39:00,Election Commission discussed the new Election Commission policy in India.,4062
2479,2025-10-24 05:39:30,poll rally urged citizens to support poll rally initiatives.,1598
2480,2025-10-24 05:40:00,poll rally promised better poll rally opportunities for youth.,507
2481,2025-10-24 05:40:30,corruption discussed the new corruption policy in India.,422
2482,2025-10-24 05:41:00,poll rally organized a large poll rally awareness campaign.,260
2483,2025-10-24 05:41:30,poll rally promised better poll rally opportunities for youth.,1164
2484,2025-10-24 05:42:00,healthcare organized a large healthcare awareness campaign.,3591
2485,2025-10-24 05:42:30,development highlighted challenges in development programs.,4642
2486,2025-10-24 05:43:00,BJP urged citizens to support BJP initiatives.,3077
2487,2025-10-24 05:43:30,Congress announced a major reform in Congress sector.,2660
2488,2025-10-24 05:44:00,campaign organized a large campaign awareness campaign.,931
2489,2025-10-24 05:44:30,healthcare launched a rally focusing on healthcare development.,4087
2490,2025-10-24 05:45:00,poll rally highlighted challenges in poll rally programs.,4112
2491,2025-10-24 05:45:30,campaign promised better campaign opportunities for youth.,1528
2492,2025-10-24 05:46:00,healthcare promised better healthcare opportunities for youth.,4716
2493,2025-10-24 05:46:30,Rahul Gandhi launched a rally focusing on Rahul Gandhi development.,3223
2494,2025-10-24 05:47:00,BJP debated on BJP reforms in Parliament.,3330
2495,2025-10-24 05:47:30,BJP urged citizens to support BJP initiatives.,1429
2496,2025-10-24 05:48:00,campaign debated on campaign reforms in Parliament.,4816
2497,2025-10-24 05:48:30,poll rally promised better poll rally opportunities for youth.,1033
2498,2025-10-24 05:49:00,manifesto highlighted challenges in manifesto programs.,4521
2499,2025-10-24 05:49:30,corruption organized a large corruption awareness campaign.,1542
2500,2025-10-24 05:50:00,jobs organized a large jobs awareness campaign.,3853
2501,2025-10-24 05:50:30,education criticized the opposition for education issues.,58
2502,2025-10-24 05:51:00,Congress debated on Congress reforms in Parliament.,3969
2503,2025-10-24 05:51:30,jobs highlighted challenges in jobs programs.,225
2504,2025-10-24 05:52:00,education promised better education opportunities for youth.,3733
2505,2025-10-24 05:52:30,corruption debated on corruption reforms in Parliament.,1928
2506,2025-10-24 05:53:00,healthcare debated on healthcare reforms in Parliament.,934
2507,2025-10-24 05:53:30,Rahul Gandhi discussed the new Rahul Gandhi policy in India.,877
2508,2025-10-24 05:54:00,manifesto urged citizens to support manifesto initiatives.,2889
2509,2025-10-24 05:54:30,BJP criticized the opposition for BJP issues.,1286
2510,2025-10-24 05:55:00,development highlighted challenges in development programs.,3121
2511,2025-10-24 05:55:30,infrastructure announced a major reform in infrastructure sector.,846
2512,2025-10-24 05:56:00,development discussed the new development policy in India.,839
2513,2025-10-24 05:56:30,Election Commission discussed the new Election Commission policy in India.,665
2514,2025-10-24 05:57:00,infrastructure promised better infrastructure opportunities for youth.,4489
2515,2025-10-24 05:57:30,campaign debated on campaign reforms in Parliament.,4041
2516,2025-10-24 05:58:00,BJP discussed the new BJP policy in India.,1413
2517,2025-10-24 05:58:30,Election Commission discussed the new Election Commission policy in India.,3403
2518,2025-10-24 05:59:00,healthcare spoke about recent improvements in healthcare.,273
2519,2025-10-24 05:59:30,poll rally organized a large poll rally awareness campaign.,3321
2520,2025-10-24 06:00:00,healthcare debated on healthcare reforms in Parliament.,230
2521,2025-10-24 06:00:30,Congress announced a major reform in Congress sector.,76
2522,2025-10-24 06:01:00,Modi spoke about recent improvements in Modi.,2395
2523,2025-10-24 06:01:30,digital India debated on digital India reforms in Parliament.,3154
2524,2025-10-24 06:02:00,poll rally promised better poll rally opportunities for youth.,4035
2525,2025-10-24 06:02:30,Rahul Gandhi debated on Rahul Gandhi reforms in Parliament.,4694
2526,2025-10-24 06:03:00,Rahul Gandhi discussed the new Rahul Gandhi policy in India.,1816
2527,2025-10-24 06:03:30,Election Commission highlighted challenges in Election Commission programs.,61
2528,2025-10-24 06:04:00,jobs highlighted challenges in jobs programs.,3472
2529,2025-10-24 06:04:30,poll rally debated on poll rally reforms in Parliament.,3770
2530,2025-10-24 06:05:00,Rahul Gandhi highlighted challenges in Rahul Gandhi programs.,1945
2531,2025-10-24 06:05:30,digital India announced a major reform in digital India sector.,1976
2532,2025-10-24 06:06:00,Modi debated on Modi reforms in Parliament.,3282
2533,2025-10-24 06:06:30,manifesto launched a rally focusing on manifesto development.,2087
2534,2025-10-24 06:07:00,Election Commission criticized the opposition for Election Commission issues.,43
2535,2025-10-24 06:07:30,manifesto organized a large manifesto awareness campaign.,2226
2536,2025-10-24 06:08:00,infrastructure discussed the new infrastructure policy in India.,2545
2537,2025-10-24 06:08:30,Modi launched a rally focusing on Modi development.,3412
2538,2025-10-24 06:09:00,jobs urged citizens to support jobs initiatives.,3677
2539,2025-10-24 06:09:30,Modi urged citizens to support Modi initiatives.,1918
2540,2025-10-24 06:10:00,jobs criticized the opposition for jobs issues.,3480
2541,2025-10-24 06:10:30,Congress debated on Congress reforms in Parliament.,1599
2542,2025-10-24 06:11:00,education organized a large education awareness campaign.,4400
2543,2025-10-24 06:11:30,healthcare urged citizens to support healthcare initiatives.,4105
2544,2025-10-24 06:12:00,manifesto highlighted challenges in manifesto programs.,4194
2545,2025-10-24 06:12:30,Congress promised better Congress opportunities for youth.,438
2546,2025-10-24 06:13:00,manifesto debated on manifesto reforms in Parliament.,848
2547,2025-10-24 06:13:30,education spoke about recent improvements in education.,941
2548,2025-10-24 06:14:00,education launched a rally focusing on education development.,3805
2549,2025-10-24 06:14:30,corruption launched a rally focusing on corruption development.,1580
2550,2025-10-24 06:15:00,Election Commission debated on Election Commission reforms in Parliament.,2936
2551,2025-10-24 06:15:30,Modi discussed the new Modi policy in India.,4119
2552,2025-10-24 06:16:00,manifesto announced a major reform in manifesto sector.,3029
2553,2025-10-24 06:16:30,jobs organized a large jobs awareness campaign.,2436
2554,2025-10-24 06:17:00,infrastructure announced a major reform in infrastructure sector.,2242
2555,2025-10-24 06:17:30,corruption organized a large corruption awareness campaign.,4287
2556,2025-10-24 06:18:00,jobs urged citizens to support jobs initiatives.,817
2557,2025-10-24 06:18:30,corruption promised better corruption opportunities for youth.,4309
2558,2025-10-24 06:19:00,digital India criticized the opposition for digital India issues.,4239
2559,2025-10-24 06:19:30,digital India discussed the new digital India policy in India.,852
2560,2025-10-24 06:20:00,poll rally organized a large poll rally awareness campaign.,526
2561,2025-10-24 06:20:30,jobs launched a rally focusing on jobs development.,1792
2562,2025-10-24 06:21:00,poll rally spoke about recent improvements in poll rally.,797
2563,2025-10-24 06:21:30,poll rally discussed the new poll rally policy in India.,3987
2564,2025-10-24 06:22:00,digital India criticized the opposition for digital India issues.,1288
2565,2025-10-24 06:22:30,Congress launched a rally focusing on Congress development.,3769
2566,2025-10-24 06:23:00,healthcare highlighted challenges in healthcare programs.,549
2567,2025-10-24 06:23:30,healthcare discussed the new healthcare policy in India.,2490
2568,2025-10-24 06:24:00,manifesto debated on manifesto reforms in Parliament.,4736
2569,2025-10-24 06:24:30,poll rally promised better poll rally opportunities for youth.,2871
2570,2025-10-24 06:25:00,poll rally debated on poll rally reforms in Parliament.,2785
2571,2025-10-24 06:25:30,infrastructure highlighted challenges in infrastructure programs.,1386
2572,2025-10-24 06:26:00,campaign launched a rally focusing on campaign development.,2786
2573,2025-10-24 06:26:30,Modi spoke about recent improvements in Modi.,2369
2574,2025-10-24 06:27:00,Congress criticized the opposition for Congress issues.,4779
2575,2025-10-24 06:27:30,healthcare spoke about recent improvements in healthcare.,2688
2576,2025-10-24 06:28:00,jobs urged citizens to support jobs initiatives.,2468
2577,2025-10-24 06:28:30,jobs debated on jobs reforms in Parliament.,2195
2578,2025-10-24 06:29:00,digital India urged citizens to support digital India initiatives.,4389
2579,2025-10-24 06:29:30,Modi criticized the opposition for Modi issues.,2149
2580,2025-10-24 06:30:00,Modi criticized the opposition for Modi issues.,1012
2581,2025-10-24 06:30:30,Rahul Gandhi promised better Rahul Gandhi opportunities for youth.,3212
2582,2025-10-24 06:31:00,infrastructure debated on infrastructure reforms in Parliament.,2235
2583,2025-10-24 06:31:30,BJP promised better BJP opportunities for youth.,109
2584,2025-10-24 06:32:00,Rahul Gandhi highlighted challenges in Rahul Gandhi programs.,4533
2585,2025-10-24 06:32:30,BJP launched a rally focusing on BJP development.,360
2586,2025-10-24 06:33:00,healthcare debated on healthcare reforms in Parliament.,3204
2587,2025-10-24 06:33:30,campaign announced a major reform in campaign sector.,3603
2588,2025-10-24 06:34:00,healthcare announced a major reform in healthcare sector.,1310
2589,2025-10-24 06:34:30,digital India highlighted challenges in digital India programs.,3784
2590,2025-10-24 06:35:00,Modi promised better Modi opportunities for youth.,3204
2591,2025-10-24 06:35:30,jobs discussed the new jobs policy in India.,1816
2592,2025-10-24 06:36:00,education organized a large education awareness campaign.,3523
2593,2025-10-24 06:36:30,BJP spoke about recent improvements in BJP.,2768
2594,2025-10-24 06:37:00,Rahul Gandhi urged citizens to support Rahul Gandhi initiatives.,2482
2595,2025-10-24 06:37:30,healthcare criticized the opposition for healthcare issues.,3722
2596,2025-10-24 06:38:00,corruption spoke about recent improvements in corruption.,4171
2597,2025-10-24 06:38:30,manifesto launched a rally focusing on manifesto development.,1769
2598,2025-10-24 06:39:00,education organized a large education awareness campaign.,2595
2599,2025-10-24 06:39:30,development organized a large development awareness campaign.,372
2600,2025-10-24 06:40:00,education highlighted challenges in education programs.,4876
2601,2025-10-24 06:40:30,development announced a major reform in development sector.,1415
2602,2025-10-24 06:41:00,infrastructure urged citizens to support infrastructure initiatives.,1028
2603,2025-10-24 06:41:30,Congress criticized the opposition for Congress issues.,3224
2604,2025-10-24 06:42:00,Congress debated on Congress reforms in Parliament.,3004
2605,2025-10-24 06:42:30,Modi debated on Modi reforms in Parliament.,4335
2606,2025-10-24 06:43:00,digital India launched a rally focusing on digital India development.,3119
2607,2025-10-24 06:43:30,Rahul Gandhi launched a rally focusing on Rahul Gandhi development.,3205
2608,2025-10-24 06:44:00,healthcare promised better healthcare opportunities for youth.,2497
2609,2025-10-24 06:44:30,corruption spoke about recent improvements in corruption.,3974
2610,2025-10-24 06:45:00,healthcare highlighted challenges in healthcare programs.,3530
2611,2025-10-24 06:45:30,manifesto discussed the new manifesto policy in India.,1795
2612,2025-10-24 06:46:00,Rahul Gandhi announced a major reform in Rahul Gandhi sector.,3141
2613,2025-10-24 06:46:30,healthcare promised better healthcare opportunities for youth.,2126
2614,2025-10-24 06:47:00,Modi spoke about recent improvements in Modi.,1880
2615,2025-10-24 06:47:30,campaign announced a major reform in campaign sector.,2099
2616,2025-10-24 06:48:00,education announced a major reform in education sector.,1515
2617,2025-10-24 06:48:30,corruption urged citizens to support corruption initiatives.,2549
2618,2025-10-24 06:49:00,campaign organized a large campaign awareness campaign.,893
2619,2025-10-24 06:49:30,campaign urged citizens to support campaign initiatives.,3790
2620,2025-10-24 06:50:00,education promised better education opportunities for youth.,4580
2621,2025-10-24 06:50:30,infrastructure debated on infrastructure reforms in Parliament.,1935
2622,2025-10-24 06:51:00,Election Commission organized a large Election Commission awareness campaign.,1546
2623,2025-10-24 06:51:30,education criticized the opposition for education issues.,2146
2624,2025-10-24 06:52:00,jobs launched a rally focusing on jobs development.,2203
2625,2025-10-24 06:52:30,Modi criticized the opposition for Modi issues.,3689
2626,2025-10-24 06:53:00,Modi urged citizens to support Modi initiatives.,4739
2627,2025-10-24 06:53:30,education organized a large education awareness campaign.,2641
2628,2025-10-24 06:54:00,manifesto promised better manifesto opportunities for youth.,4248
2629,2025-10-24 06:54:30,Election Commission promised better Election Commission opportunities for youth.,3448
2630,2025-10-24 06:55:00,education highlighted challenges in education programs.,3123
2631,2025-10-24 06:55:30,poll rally urged citizens to support poll rally initiatives.,1117
2632,2025-10-24 06:56:00,infrastructure debated on infrastructure reforms in Parliament.,3550
2633,2025-10-24 06:56:30,infrastructure debated on infrastructure reforms in Parliament.,4358
2634,2025-10-24 06:57:00,poll rally promised better poll rally opportunities for youth.,3598
2635,2025-10-24 06:57:30,poll rally launched a rally focusing on poll rally development.,2133
2636,2025-10-24 06:58:00,Rahul Gandhi discussed the new Rahul Gandhi policy in India.,4872
2637,2025-10-24 06:58:30,Modi criticized the opposition for Modi issues.,2351
2638,2025-10-24 06:59:00,digital India organized a large digital India awareness campaign.,2074
2639,2025-10-24 06:59:30,education announced a major reform in education sector.,4489
2640,2025-10-24 07:00:00,development criticized the opposition for development issues.,35
2641,2025-10-24 07:00:30,BJP debated on BJP reforms in Parliament.,867
2642,2025-10-24 07:01:00,Modi launched a rally focusing on Modi development.,3892
2643,2025-10-24 07:01:30,poll rally announced a major reform in poll rally sector.,3932
2644,2025-10-24 07:02:00,digital India criticized the opposition for digital India issues.,203
2645,2025-10-24 07:02:30,BJP spoke about recent improvements in BJP.,2548
2646,2025-10-24 07:03:00,Congress promised better Congress opportunities for youth.,4086
2647,2025-10-24 07:03:30,digital India highlighted challenges in digital India programs.,4006
2648,2025-10-24 07:04:00,campaign organized a large campaign awareness campaign.,2670
2649,2025-10-24 07:04:30,infrastructure announced a major reform in infrastructure sector.,87
2650,2025-10-24 07:05:00,digital India criticized the opposition for digital India issues.,1040
2651,2025-10-24 07:05:30,infrastructure urged citizens to support infrastructure initiatives.,1009
2652,2025-10-24 07:06:00,manifesto discussed the new manifesto policy in India.,2270
2653,2025-10-24 07:06:30,digital India promised better digital India opportunities for youth.,4375
2654,2025-10-24 07:07:00,healthcare criticized the opposition for healthcare issues.,4576
2655,2025-10-24 07:07:30,Election Commission debated on Election Commission reforms in Parliament.,4086
2656,2025-10-24 07:08:00,infrastructure announced a major reform in infrastructure sector.,4407
2657,2025-10-24 07:08:30,infrastructure discussed the new infrastructure policy in India.,1674
2658,2025-10-24 07:09:00,digital India announced a major reform in digital India sector.,4653
2659,2025-10-24 07:09:30,BJP discussed the new BJP policy in India.,120
2660,2025-10-24 07:10:00,jobs promised better jobs opportunities for youth.,3487
2661,2025-10-24 07:10:30,poll rally promised better poll rally opportunities for youth.,2824
2662,2025-10-24 07:11:00,Election Commission announced a major reform in Election Commission sector.,1850
2663,2025-10-24 07:11:30,Congress announced a major reform in Congress sector.,1623
2664,2025-10-24 07:12:00,Election Commission announced a major reform in Election Commission sector.,3449
2665,2025-10-24 07:12:30,healthcare launched a rally focusing on healthcare development.,121
2666,2025-10-24 07:13:00,jobs announced a major reform in jobs sector.,2138
2667,2025-10-24 07:13:30,campaign highlighted challenges in campaign programs.,4291
2668,2025-10-24 07:14:00,Rahul Gandhi launched a rally focusing on Rahul Gandhi development.,4638
2669,2025-10-24 07:14:30,healthcare announced a major reform in healthcare sector.,1803
2670,2025-10-24 07:15:00,infrastructure organized a large infrastructure awareness campaign.,3382
2671,2025-10-24 07:15:30,Congress launched a rally focusing on Congress development.,2413
2672,2025-10-24 07:16:00,manifesto promised better manifesto opportunities for youth.,4373
2673,2025-10-24 07:16:30,corruption highlighted challenges in corruption programs.,1209
2674,2025-10-24 07:17:00,campaign urged citizens to support campaign initiatives.,4986
2675,2025-10-24 07:17:30,Modi debated on Modi reforms in Parliament.,755
2676,2025-10-24 07:18:00,infrastructure criticized the opposition for infrastructure issues.,866
2677,2025-10-24 07:18:30,manifesto promised better manifesto opportunities for youth.,3490
2678,2025-10-24 07:19:00,Modi highlighted challenges in Modi programs.,2402
2679,2025-10-24 07:19:30,manifesto launched a rally focusing on manifesto development.,1217
2680,2025-10-24 07:20:00,infrastructure highlighted challenges in infrastructure programs.,3524
2681,2025-10-24 07:20:30,corruption promised better corruption opportunities for youth.,2822
2682,2025-10-24 07:21:00,poll rally criticized the opposition for poll rally issues.,4683
2683,2025-10-24 07:21:30,Modi launched a rally focusing on Modi development.,245
2684,2025-10-24 07:22:00,Modi criticized the opposition for Modi issues.,427
2685,2025-10-24 07:22:30,Modi promised better Modi opportunities for youth.,1475
2686,2025-10-24 07:23:00,Congress discussed the new Congress policy in India.,4148
2687,2025-10-24 07:23:30,Rahul Gandhi discussed the new Rahul Gandhi policy in India.,4584
2688,2025-10-24 07:24:00,development criticized the opposition for development issues.,3564
2689,2025-10-24 07:24:30,Rahul Gandhi criticized the opposition for Rahul Gandhi issues.,4285
2690,2025-10-24 07:25:00,Rahul Gandhi spoke about recent improvements in Rahul Gandhi.,951
2691,2025-10-24 07:25:30,BJP launched a rally focusing on BJP development.,1942
2692,2025-10-24 07:26:00,Modi criticized the opposition for Modi issues.,1672
2693,2025-10-24 07:26:30,manifesto promised better manifesto opportunities for youth.,1652
2694,2025-10-24 07:27:00,Modi promised better Modi opportunities for youth.,1054
2695,2025-10-24 07:27:30,BJP discussed the new BJP policy in India.,2462
2696,2025-10-24 07:28:00,BJP urged citizens to support BJP initiatives.,1059
2697,2025-10-24 07:28:30,infrastructure announced a major reform in infrastructure sector.,3095
2698,2025-10-24 07:29:00,jobs debated on jobs reforms in Parliament.,3074
2699,2025-10-24 07:29:30,corruption debated on corruption reforms in Parliament.,1689
2700,2025-10-24 07:30:00,education criticized the opposition for education issues.,1682
2701,2025-10-24 07:30:30,poll rally promised better poll rally opportunities for youth.,842
2702,2025-10-24 07:31:00,infrastructure urged citizens to support infrastructure initiatives.,2521
2703,2025-10-24 07:31:30,infrastructure spoke about recent improvements in infrastructure.,570
2704,2025-10-24 07:32:00,campaign announced a major reform in campaign sector.,1827
2705,2025-10-24 07:32:30,education spoke about recent improvements in education.,2241
2706,2025-10-24 07:33:00,campaign criticized the opposition for campaign issues.,505
2707,2025-10-24 07:33:30,poll rally discussed the new poll rally policy in India.,714
2708,2025-10-24 07:34:00,Congress spoke about recent improvements in Congress.,356
2709,2025-10-24 07:34:30,Modi spoke about recent improvements in Modi.,3148
2710,2025-10-24 07:35:00,development spoke about recent improvements in development.,833
2711,2025-10-24 07:35:30,healthcare organized a large healthcare awareness campaign.,1084
2712,2025-10-24 07:36:00,healthcare debated on healthcare reforms in Parliament.,1832
2713,2025-10-24 07:36:30,education urged citizens to support education initiatives.,1790
2714,2025-10-24 07:37:00,healthcare launched a rally focusing on healthcare development.,530
2715,2025-10-24 07:37:30,healthcare urged citizens to support healthcare initiatives.,4470
2716,2025-10-24 07:38:00,Congress organized a large Congress awareness campaign.,3783
2717,2025-10-24 07:38:30,Modi highlighted challenges in Modi programs.,3576
2718,2025-10-24 07:39:00,jobs promised better jobs opportunities for youth.,1810
2719,2025-10-24 07:39:30,healthcare spoke about recent improvements in healthcare.,378
2720,2025-10-24 07:40:00,campaign criticized the opposition for campaign issues.,2989
2721,2025-10-24 07:40:30,digital India urged citizens to support digital India initiatives.,949
2722,2025-10-24 07:41:00,Rahul Gandhi promised better Rahul Gandhi opportunities for youth.,2392
2723,2025-10-24 07:41:30,Rahul Gandhi promised better Rahul Gandhi opportunities for youth.,2013
2724,2025-10-24 07:42:00,Rahul Gandhi launched a rally focusing on Rahul Gandhi development.,896
2725,2025-10-24 07:42:30,Modi spoke about recent improvements in Modi.,3787
2726,2025-10-24 07:43:00,digital India spoke about recent improvements in digital India.,4859
2727,2025-10-24 07:43:30,Congress launched a rally focusing on Congress development.,806
2728,2025-10-24 07:44:00,healthcare urged citizens to support healthcare initiatives.,3171
2729,2025-10-24 07:44:30,jobs discussed the new jobs policy in India.,4010
2730,2025-10-24 07:45:00,Rahul Gandhi highlighted challenges in Rahul Gandhi programs.,4463
2731,2025-10-24 07:45:30,corruption discussed the new corruption policy in India.,603
2732,2025-10-24 07:46:00,BJP spoke about recent improvements in BJP.,2434
2733,2025-10-24 07:46:30,jobs discussed the new jobs policy in India.,2605
2734,2025-10-24 07:47:00,poll rally highlighted challenges in poll rally programs.,4852
2735,2025-10-24 07:47:30,healthcare discussed the new healthcare policy in India.,786
2736,2025-10-24 07:48:00,poll rally discussed the new poll rally policy in India.,2764
2737,2025-10-24 07:48:30,poll rally debated on poll rally reforms in Parliament.,3391
2738,2025-10-24 07:49:00,poll rally organized a large poll rally awareness campaign.,4015
2739,2025-10-24 07:49:30,Election Commission urged citizens to support Election Commission initiatives.,3618
2740,2025-10-24 07:50:00,campaign discussed the new campaign policy in India.,4857
2741,2025-10-24 07:50:30,poll rally organized a large poll rally awareness campaign.,1508
2742,2025-10-24 07:51:00,manifesto promised better manifesto opportunities for youth.,4311
2743,2025-10-24 07:51:30,education urged citizens to support education initiatives.,3519
2744,2025-10-24 07:52:00,healthcare criticized the opposition for healthcare issues.,4990
2745,2025-10-24 07:52:30,Modi announced a major reform in Modi sector.,1563
2746,2025-10-24 07:53:00,infrastructure debated on infrastructure reforms in Parliament.,2973
2747,2025-10-24 07:53:30,Rahul Gandhi highlighted challenges in Rahul Gandhi programs.,3414
2748,2025-10-24 07:54:00,Election Commission highlighted challenges in Election Commission programs.,3069
2749,2025-10-24 07:54:30,BJP highlighted challenges in BJP programs.,1552
2750,2025-10-24 07:55:00,Election Commission announced a major reform in Election Commission sector.,1157
2751,2025-10-24 07:55:30,manifesto discussed the new manifesto policy in India.,4527
2752,2025-10-24 07:56:00,infrastructure debated on infrastructure reforms in Parliament.,4678
2753,2025-10-24 07:56:30,healthcare highlighted challenges in healthcare programs.,4507
2754,2025-10-24 07:57:00,corruption criticized the opposition for corruption issues.,3456
2755,2025-10-24 07:57:30,Modi organized a large Modi awareness campaign.,3640
2756,2025-10-24 07:58:00,campaign launched a rally focusing on campaign development.,3707
2757,2025-10-24 07:58:30,digital India launched a rally focusing on digital India development.,761
2758,2025-10-24 07:59:00,corruption discussed the new corruption policy in India.,2241
2759,2025-10-24 07:59:30,BJP promised better BJP opportunities for youth.,1689
2760,2025-10-24 08:00:00,infrastructure highlighted challenges in infrastructure programs.,3179
2761,2025-10-24 08:00:30,manifesto discussed the new manifesto policy in India.,3350
2762,2025-10-24 08:01:00,education announced a major reform in education sector.,223
2763,2025-10-24 08:01:30,infrastructure highlighted challenges in infrastructure programs.,3414
2764,2025-10-24 08:02:00,Election Commission criticized the opposition for Election Commission issues.,3776
2765,2025-10-24 08:02:30,healthcare promised better healthcare opportunities for youth.,2831
2766,2025-10-24 08:03:00,education organized a large education awareness campaign.,3163
2767,2025-10-24 08:03:30,education promised better education opportunities for youth.,1856
2768,2025-10-24 08:04:00,Modi discussed the new Modi policy in India.,4940
2769,2025-10-24 08:04:30,campaign promised better campaign opportunities for youth.,3498
2770,2025-10-24 08:05:00,Election Commission discussed the new Election Commission policy in India.,1908
2771,2025-10-24 08:05:30,Congress spoke about recent improvements in Congress.,1894
2772,2025-10-24 08:06:00,infrastructure urged citizens to support infrastructure initiatives.,4656
2773,2025-10-24 08:06:30,education highlighted challenges in education programs.,3765
2774,2025-10-24 08:07:00,education promised better education opportunities for youth.,264
2775,2025-10-24 08:07:30,development announced a major reform in development sector.,3648
2776,2025-10-24 08:08:00,Congress announced a major reform in Congress sector.,4182
2777,2025-10-24 08:08:30,healthcare urged citizens to support healthcare initiatives.,3320
2778,2025-10-24 08:09:00,manifesto promised better manifesto opportunities for youth.,958
2779,2025-10-24 08:09:30,BJP announced a major reform in BJP sector.,1740
2780,2025-10-24 08:10:00,digital India spoke about recent improvements in digital India.,4781
2781,2025-10-24 08:10:30,healthcare organized a large healthcare awareness campaign.,1854
2782,2025-10-24 08:11:00,Rahul Gandhi organized a large Rahul Gandhi awareness campaign.,201
2783,2025-10-24 08:11:30,poll rally urged citizens to support poll rally initiatives.,364
2784,2025-10-24 08:12:00,infrastructure launched a rally focusing on infrastructure development.,3023
2785,2025-10-24 08:12:30,Congress launched a rally focusing on Congress development.,3954
2786,2025-10-24 08:13:00,corruption discussed the new corruption policy in India.,4828
2787,2025-10-24 08:13:30,corruption launched a rally focusing on corruption development.,1022
2788,2025-10-24 08:14:00,poll rally discussed the new poll rally policy in India.,1206
2789,2025-10-24 08:14:30,Congress organized a large Congress awareness campaign.,1558
2790,2025-10-24 08:15:00,development highlighted challenges in development programs.,1363
2791,2025-10-24 08:15:30,Congress organized a large Congress awareness campaign.,2119
2792,2025-10-24 08:16:00,manifesto debated on manifesto reforms in Parliament.,346
2793,2025-10-24 08:16:30,Election Commission urged citizens to support Election Commission initiatives.,868
2794,2025-10-24 08:17:00,development announced a major reform in development sector.,4281
2795,2025-10-24 08:17:30,campaign promised better campaign opportunities for youth.,1279
2796,2025-10-24 08:18:00,jobs urged citizens to support jobs initiatives.,958
2797,2025-10-24 08:18:30,poll rally spoke about recent improvements in poll rally.,1408
2798,2025-10-24 08:19:00,Election Commission promised better Election Commission opportunities for youth.,3830
2799,2025-10-24 08:19:30,education urged citizens to support education initiatives.,678
2800,2025-10-24 08:20:00,poll rally debated on poll rally reforms in Parliament.,290
2801,2025-10-24 08:20:30,infrastructure promised better infrastructure opportunities for youth.,119
2802,2025-10-24 08:21:00,Congress urged citizens to support Congress initiatives.,1224
2803,2025-10-24 08:21:30,jobs organized a large jobs awareness campaign.,502
2804,2025-10-24 08:22:00,infrastructure criticized the opposition for infrastructure issues.,4149
2805,2025-10-24 08:22:30,development organized a large development awareness campaign.,1370
2806,2025-10-24 08:23:00,digital India announced a major reform in digital India sector.,2557
2807,2025-10-24 08:23:30,Modi criticized the opposition for Modi issues.,2164
2808,2025-10-24 08:24:00,digital India launched a rally focusing on digital India development.,2420
2809,2025-10-24 08:24:30,BJP criticized the opposition for BJP issues.,250
2810,2025-10-24 08:25:00,Congress urged citizens to support Congress initiatives.,3720
2811,2025-10-24 08:25:30,Rahul Gandhi promised better Rahul Gandhi opportunities for youth.,1319
2812,2025-10-24 08:26:00,Congress urged citizens to support Congress initiatives.,2183
2813,2025-10-24 08:26:30,healthcare launched a rally focusing on healthcare development.,2297
2814,2025-10-24 08:27:00,BJP debated on BJP reforms in Parliament.,2250
2815,2025-10-24 08:27:30,Election Commission promised better Election Commission opportunities for youth.,2575
2816,2025-10-24 08:28:00,infrastructure launched a rally focusing on infrastructure development.,1215
2817,2025-10-24 08:28:30,digital India announced a major reform in digital India sector.,3856
2818,2025-10-24 08:29:00,digital India promised better digital India opportunities for youth.,2260
2819,2025-10-24 08:29:30,jobs announced a major reform in jobs sector.,3974
2820,2025-10-24 08:30:00,poll rally criticized the opposition for poll rally issues.,61
2821,2025-10-24 08:30:30,jobs criticized the opposition for jobs issues.,2947
2822,2025-10-24 08:31:00,manifesto highlighted challenges in manifesto programs.,1889
2823,2025-10-24 08:31:30,Rahul Gandhi debated on Rahul Gandhi reforms in Parliament.,543
2824,2025-10-24 08:32:00,corruption spoke about recent improvements in corruption.,1733
2825,2025-10-24 08:32:30,corruption spoke about recent improvements in corruption.,3036
2826,2025-10-24 08:33:00,Modi organized a large Modi awareness campaign.,3252
2827,2025-10-24 08:33:30,poll rally discussed the new poll rally policy in India.,780
2828,2025-10-24 08:34:00,Modi announced a major reform in Modi sector.,994
2829,2025-10-24 08:34:30,healthcare organized a large healthcare awareness campaign.,4710
2830,2025-10-24 08:35:00,infrastructure launched a rally focusing on infrastructure development.,782
2831,2025-10-24 08:35:30,healthcare discussed the new healthcare policy in India.,1776
2832,2025-10-24 08:36:00,education spoke about recent improvements in education.,723
2833,2025-10-24 08:36:30,jobs urged citizens to support jobs initiatives.,602
2834,2025-10-24 08:37:00,Modi spoke about recent improvements in Modi.,953
2835,2025-10-24 08:37:30,manifesto launched a rally focusing on manifesto development.,4828
2836,2025-10-24 08:38:00,poll rally promised better poll rally opportunities for youth.,1299
2837,2025-10-24 08:38:30,digital India urged citizens to support digital India initiatives.,845
2838,2025-10-24 08:39:00,Election Commission promised better Election Commission opportunities for youth.,3634
2839,2025-10-24 08:39:30,healthcare urged citizens to support healthcare initiatives.,4186
2840,2025-10-24 08:40:00,infrastructure discussed the new infrastructure policy in India.,2743
2841,2025-10-24 08:40:30,education spoke about recent improvements in education.,2504
2842,2025-10-24 08:41:00,corruption highlighted challenges in corruption programs.,934
2843,2025-10-24 08:41:30,digital India criticized the opposition for digital India issues.,4388
2844,2025-10-24 08:42:00,Modi announced a major reform in Modi sector.,3545
2845,2025-10-24 08:42:30,manifesto discussed the new manifesto policy in India.,1540
2846,2025-10-24 08:43:00,campaign criticized the opposition for campaign issues.,1212
2847,2025-10-24 08:43:30,Rahul Gandhi highlighted challenges in Rahul Gandhi programs.,3112
2848,2025-10-24 08:44:00,corruption criticized the opposition for corruption issues.,2924
2849,2025-10-24 08:44:30,digital India criticized the opposition for digital India issues.,3706
2850,2025-10-24 08:45:00,BJP highlighted challenges in BJP programs.,4556
2851,2025-10-24 08:45:30,manifesto spoke about recent improvements in manifesto.,2586
2852,2025-10-24 08:46:00,digital India organized a large digital India awareness campaign.,3804
2853,2025-10-24 08:46:30,campaign announced a major reform in campaign sector.,1885
2854,2025-10-24 08:47:00,Election Commission debated on Election Commission reforms in Parliament.,665
2855,2025-10-24 08:47:30,development debated on development reforms in Parliament.,4016
2856,2025-10-24 08:48:00,Election Commission announced a major reform in Election Commission sector.,1711
2857,2025-10-24 08:48:30,poll rally spoke about recent improvements in poll rally.,4713
2858,2025-10-24 08:49:00,campaign organized a large campaign awareness campaign.,428
2859,2025-10-24 08:49:30,BJP promised better BJP opportunities for youth.,1790
2860,2025-10-24 08:50:00,education launched a rally focusing on education development.,936
2861,2025-10-24 08:50:30,infrastructure debated on infrastructure reforms in Parliament.,1010
2862,2025-10-24 08:51:00,healthcare organized a large healthcare awareness campaign.,1417
2863,2025-10-24 08:51:30,Rahul Gandhi launched a rally focusing on Rahul Gandhi development.,4412
2864,2025-10-24 08:52:00,Congress launched a rally focusing on Congress development.,2555
2865,2025-10-24 08:52:30,digital India urged citizens to support digital India initiatives.,1508
2866,2025-10-24 08:53:00,education promised better education opportunities for youth.,2042
2867,2025-10-24 08:53:30,corruption urged citizens to support corruption initiatives.,2696
2868,2025-10-24 08:54:00,campaign discussed the new campaign policy in India.,925
2869,2025-10-24 08:54:30,Modi criticized the opposition for Modi issues.,2581
2870,2025-10-24 08:55:00,poll rally discussed the new poll rally policy in India.,1989
2871,2025-10-24 08:55:30,BJP urged citizens to support BJP initiatives.,2692
2872,2025-10-24 08:56:00,Rahul Gandhi highlighted challenges in Rahul Gandhi programs.,3275
2873,2025-10-24 08:56:30,corruption spoke about recent improvements in corruption.,4747
2874,2025-10-24 08:57:00,education debated on education reforms in Parliament.,212
2875,2025-10-24 08:57:30,development spoke about recent improvements in development.,2075
2876,2025-10-24 08:58:00,Congress promised better Congress opportunities for youth.,1169
2877,2025-10-24 08:58:30,poll rally discussed the new poll rally policy in India.,2265
2878,2025-10-24 08:59:00,Rahul Gandhi criticized the opposition for Rahul Gandhi issues.,4068
2879,2025-10-24 08:59:30,Modi highlighted challenges in Modi programs.,3357
2880,2025-10-24 09:00:00,Election Commission criticized the opposition for Election Commission issues.,3633
2881,2025-10-24 09:00:30,corruption announced a major reform in corruption sector.,490
2882,2025-10-24 09:01:00,manifesto promised better manifesto opportunities for youth.,1391
2883,2025-10-24 09:01:30,corruption launched a rally focusing on corruption development.,2021
2884,2025-10-24 09:02:00,campaign discussed the new campaign policy in India.,1778
2885,2025-10-24 09:02:30,jobs discussed the new jobs policy in India.,2725
2886,2025-10-24 09:03:00,Election Commission spoke about recent improvements in Election Commission.,2937
2887,2025-10-24 09:03:30,Congress discussed the new Congress policy in India.,2417
2888,2025-10-24 09:04:00,infrastructure urged citizens to support infrastructure initiatives.,3341
2889,2025-10-24 09:04:30,infrastructure debated on infrastructure reforms in Parliament.,3627
2890,2025-10-24 09:05:00,Election Commission announced a major reform in Election Commission sector.,2403
2891,2025-10-24 09:05:30,infrastructure launched a rally focusing on infrastructure development.,2131
2892,2025-10-24 09:06:00,Modi highlighted challenges in Modi programs.,2439
2893,2025-10-24 09:06:30,healthcare launched a rally focusing on healthcare development.,2312
2894,2025-10-24 09:07:00,digital India announced a major reform in digital India sector.,3160
2895,2025-10-24 09:07:30,digital India organized a large digital India awareness campaign.,2713
2896,2025-10-24 09:08:00,healthcare spoke about recent improvements in healthcare.,4930
2897,2025-10-24 09:08:30,education criticized the opposition for education issues.,1393
2898,2025-10-24 09:09:00,Modi criticized the opposition for Modi issues.,2973
2899,2025-10-24 09:09:30,development spoke about recent improvements in development.,2981
2900,2025-10-24 09:10:00,development debated on development reforms in Parliament.,2422
2901,2025-10-24 09:10:30,manifesto announced a major reform in manifesto sector.,1955
2902,2025-10-24 09:11:00,jobs launched a rally focusing on jobs development.,4100
2903,2025-10-24 09:11:30,BJP urged citizens to support BJP initiatives.,708
2904,2025-10-24 09:12:00,manifesto spoke about recent improvements in manifesto.,62
2905,2025-10-24 09:12:30,campaign organized a large campaign awareness campaign.,3126
2906,2025-10-24 09:13:00,Rahul Gandhi urged citizens to support Rahul Gandhi initiatives.,2371
2907,2025-10-24 09:13:30,Modi launched a rally focusing on Modi development.,616
2908,2025-10-24 09:14:00,campaign highlighted challenges in campaign programs.,4082
2909,2025-10-24 09:14:30,poll rally promised better poll rally opportunities for youth.,4182
2910,2025-10-24 09:15:00,campaign urged citizens to support campaign initiatives.,4562
2911,2025-10-24 09:15:30,healthcare announced a major reform in healthcare sector.,3180
2912,2025-10-24 09:16:00,education organized a large education awareness campaign.,4529
2913,2025-10-24 09:16:30,corruption criticized the opposition for corruption issues.,4285
2914,2025-10-24 09:17:00,Congress organized a large Congress awareness campaign.,4206
2915,2025-10-24 09:17:30,Rahul Gandhi promised better Rahul Gandhi opportunities for youth.,4220
2916,2025-10-24 09:18:00,education criticized the opposition for education issues.,4169
2917,2025-10-24 09:18:30,corruption launched a rally focusing on corruption development.,1389
2918,2025-10-24 09:19:00,Election Commission debated on Election Commission reforms in Parliament.,3610
2919,2025-10-24 09:19:30,campaign announced a major reform in campaign sector.,1668
2920,2025-10-24 09:20:00,development announced a major reform in development sector.,2302
2921,2025-10-24 09:20:30,healthcare discussed the new healthcare policy in India.,63
2922,2025-10-24 09:21:00,digital India debated on digital India reforms in Parliament.,4150
2923,2025-10-24 09:21:30,campaign debated on campaign reforms in Parliament.,4302
2924,2025-10-24 09:22:00,manifesto promised better manifesto opportunities for youth.,4561
2925,2025-10-24 09:22:30,Congress launched a rally focusing on Congress development.,2138
2926,2025-10-24 09:23:00,Rahul Gandhi launched a rally focusing on Rahul Gandhi development.,1372
2927,2025-10-24 09:23:30,manifesto urged citizens to support manifesto initiatives.,2174
2928,2025-10-24 09:24:00,Modi launched a rally focusing on Modi development.,2399
2929,2025-10-24 09:24:30,campaign urged citizens to support campaign initiatives.,222
2930,2025-10-24 09:25:00,BJP launched a rally focusing on BJP development.,486
2931,2025-10-24 09:25:30,digital India debated on digital India reforms in Parliament.,1082
2932,2025-10-24 09:26:00,infrastructure discussed the new infrastructure policy in India.,2706
2933,2025-10-24 09:26:30,Rahul Gandhi urged citizens to support Rahul Gandhi initiatives.,1970
2934,2025-10-24 09:27:00,Rahul Gandhi discussed the new Rahul Gandhi policy in India.,4012
2935,2025-10-24 09:27:30,digital India discussed the new digital India policy in India.,2238
2936,2025-10-24 09:28:00,manifesto debated on manifesto reforms in Parliament.,1570
2937,2025-10-24 09:28:30,Congress organized a large Congress awareness campaign.,3759
2938,2025-10-24 09:29:00,digital India debated on digital India reforms in Parliament.,811
2939,2025-10-24 09:29:30,infrastructure announced a major reform in infrastructure sector.,3827
2940,2025-10-24 09:30:00,Modi urged citizens to support Modi initiatives.,2670
2941,2025-10-24 09:30:30,digital India urged citizens to support digital India initiatives.,3794
2942,2025-10-24 09:31:00,Election Commission highlighted challenges in Election Commission programs.,3915
2943,2025-10-24 09:31:30,Congress discussed the new Congress policy in India.,4988
2944,2025-10-24 09:32:00,Election Commission highlighted challenges in Election Commission programs.,1572
2945,2025-10-24 09:32:30,Modi announced a major reform in Modi sector.,3952
2946,2025-10-24 09:33:00,jobs debated on jobs reforms in Parliament.,1104
2947,2025-10-24 09:33:30,Rahul Gandhi highlighted challenges in Rahul Gandhi programs.,457
2948,2025-10-24 09:34:00,campaign highlighted challenges in campaign programs.,1277
2949,2025-10-24 09:34:30,development urged citizens to support development initiatives.,4915
2950,2025-10-24 09:35:00,Rahul Gandhi debated on Rahul Gandhi reforms in Parliament.,1358
2951,2025-10-24 09:35:30,jobs launched a rally focusing on jobs development.,196
2952,2025-10-24 09:36:00,BJP urged citizens to support BJP initiatives.,1845
2953,2025-10-24 09:36:30,digital India debated on digital India reforms in Parliament.,2839
2954,2025-10-24 09:37:00,infrastructure highlighted challenges in infrastructure programs.,2530
2955,2025-10-24 09:37:30,healthcare urged citizens to support healthcare initiatives.,2842
2956,2025-10-24 09:38:00,corruption promised better corruption opportunities for youth.,1463
2957,2025-10-24 09:38:30,Modi urged citizens to support Modi initiatives.,90
2958,2025-10-24 09:39:00,digital India debated on digital India reforms in Parliament.,4481
2959,2025-10-24 09:39:30,manifesto discussed the new manifesto policy in India.,2789
2960,2025-10-24 09:40:00,healthcare announced a major reform in healthcare sector.,2963
2961,2025-10-24 09:40:30,education debated on education reforms in Parliament.,775
2962,2025-10-24 09:41:00,digital India highlighted challenges in digital India programs.,303
2963,2025-10-24 09:41:30,jobs spoke about recent improvements in jobs.,407
2964,2025-10-24 09:42:00,development promised better development opportunities for youth.,2642
2965,2025-10-24 09:42:30,healthcare promised better healthcare opportunities for youth.,2067
2966,2025-10-24 09:43:00,infrastructure organized a large infrastructure awareness campaign.,1881
2967,2025-10-24 09:43:30,Congress announced a major reform in Congress sector.,1335
2968,2025-10-24 09:44:00,Rahul Gandhi urged citizens to support Rahul Gandhi initiatives.,2579
2969,2025-10-24 09:44:30,digital India spoke about recent improvements in digital India.,4857
2970,2025-10-24 09:45:00,development criticized the opposition for development issues.,4841
2971,2025-10-24 09:45:30,healthcare spoke about recent improvements in healthcare.,815
2972,2025-10-24 09:46:00,healthcare spoke about recent improvements in healthcare.,4820
2973,2025-10-24 09:46:30,poll rally urged citizens to support poll rally initiatives.,1637
2974,2025-10-24 09:47:00,development organized a large development awareness campaign.,1691
2975,2025-10-24 09:47:30,Congress debated on Congress reforms in Parliament.,4411
2976,2025-10-24 09:48:00,BJP spoke about recent improvements in BJP.,1250
2977,2025-10-24 09:48:30,Rahul Gandhi discussed the new Rahul Gandhi policy in India.,3217
2978,2025-10-24 09:49:00,poll rally urged citizens to support poll rally initiatives.,286
2979,2025-10-24 09:49:30,campaign discussed the new campaign policy in India.,4616
2980,2025-10-24 09:50:00,poll rally highlighted challenges in poll rally programs.,1006
2981,2025-10-24 09:50:30,manifesto criticized the opposition for manifesto issues.,4390
2982,2025-10-24 09:51:00,BJP highlighted challenges in BJP programs.,4297
2983,2025-10-24 09:51:30,development debated on development reforms in Parliament.,2170
2984,2025-10-24 09:52:00,Rahul Gandhi organized a large Rahul Gandhi awareness campaign.,972
2985,2025-10-24 09:52:30,manifesto highlighted challenges in manifesto programs.,1348
2986,2025-10-24 09:53:00,infrastructure announced a major reform in infrastructure sector.,1108
2987,2025-10-24 09:53:30,jobs debated on jobs reforms in Parliament.,2679
2988,2025-10-24 09:54:00,manifesto announced a major reform in manifesto sector.,4925
2989,2025-10-24 09:54:30,digital India highlighted challenges in digital India programs.,4572
2990,2025-10-24 09:55:00,manifesto discussed the new manifesto policy in India.,3076
2991,2025-10-24 09:55:30,jobs announced a major reform in jobs sector.,1003
2992,2025-10-24 09:56:00,digital India launched a rally focusing on digital India development.,2570
2993,2025-10-24 09:56:30,Election Commission announced a major reform in Election Commission sector.,1221
2994,2025-10-24 09:57:00,Election Commission highlighted challenges in Election Commission programs.,1965
2995,2025-10-24 09:57:30,BJP discussed the new BJP policy in India.,3625
2996,2025-10-24 09:58:00,Modi spoke about recent improvements in Modi.,727
2997,2025-10-24 09:58:30,development promised better development opportunities for youth.,4870
2998,2025-10-24 09:59:00,Rahul Gandhi announced a major reform in Rahul Gandhi sector.,1930
2999,2025-10-24 09:59:30,digital India criticized the opposition for digital India issues.,3980
3000,2025-10-24 10:00:00,BJP highlighted challenges in BJP programs.,2851
3001,2025-10-24 10:00:30,manifesto highlighted challenges in manifesto programs.,2510
3002,2025-10-24 10:01:00,corruption debated on corruption reforms in Parliament.,1839
3003,2025-10-24 10:01:30,digital India announced a major reform in digital India sector.,4698
3004,2025-10-24 10:02:00,Congress organized a large Congress awareness campaign.,4854
3005,2025-10-24 10:02:30,healthcare announced a major reform in healthcare sector.,3472
3006,2025-10-24 10:03:00,BJP spoke about recent improvements in BJP.,936
3007,2025-10-24 10:03:30,Congress announced a major reform in Congress sector.,3583
3008,2025-10-24 10:04:00,campaign debated on campaign reforms in Parliament.,729
3009,2025-10-24 10:04:30,campaign organized a large campaign awareness campaign.,3074
3010,2025-10-24 10:05:00,digital India announced a major reform in digital India sector.,769
3011,2025-10-24 10:05:30,development launched a rally focusing on development development.,4811
3012,2025-10-24 10:06:00,digital India spoke about recent improvements in digital India.,4021
3013,2025-10-24 10:06:30,jobs announced a major reform in jobs sector.,2605
3014,2025-10-24 10:07:00,manifesto debated on manifesto reforms in Parliament.,4803
3015,2025-10-24 10:07:30,Election Commission promised better Election Commission opportunities for youth.,3519
3016,2025-10-24 10:08:00,Modi announced a major reform in Modi sector.,3008
3017,2025-10-24 10:08:30,corruption discussed the new corruption policy in India.,3782
3018,2025-10-24 10:09:00,education highlighted challenges in education programs.,4258
3019,2025-10-24 10:09:30,campaign spoke about recent improvements in campaign.,2805
3020,2025-10-24 10:10:00,manifesto debated on manifesto reforms in Parliament.,10
3021,2025-10-24 10:10:30,campaign promised better campaign opportunities for youth.,4313
3022,2025-10-24 10:11:00,manifesto organized a large manifesto awareness campaign.,775
3023,2025-10-24 10:11:30,infrastructure discussed the new infrastructure policy in India.,4751
3024,2025-10-24 10:12:00,BJP urged citizens to support BJP initiatives.,833
3025,2025-10-24 10:12:30,jobs announced a major reform in jobs sector.,4067
3026,2025-10-24 10:13:00,Rahul Gandhi discussed the new Rahul Gandhi policy in India.,1185
3027,2025-10-24 10:13:30,healthcare discussed the new healthcare policy in India.,2767
3028,2025-10-24 10:14:00,digital India discussed the new digital India policy in India.,4092
3029,2025-10-24 10:14:30,education launched a rally focusing on education development.,2325
3030,2025-10-24 10:15:00,BJP announced a major reform in BJP sector.,4863
3031,2025-10-24 10:15:30,manifesto organized a large manifesto awareness campaign.,2383
3032,2025-10-24 10:16:00,manifesto announced a major reform in manifesto sector.,2077
3033,2025-10-24 10:16:30,Modi announced a major reform in Modi sector.,3100
3034,2025-10-24 10:17:00,poll rally urged citizens to support poll rally initiatives.,1900
3035,2025-10-24 10:17:30,healthcare spoke about recent improvements in healthcare.,2333
3036,2025-10-24 10:18:00,Election Commission urged citizens to support Election Commission initiatives.,807
3037,2025-10-24 10:18:30,campaign debated on campaign reforms in Parliament.,3939
3038,2025-10-24 10:19:00,healthcare highlighted challenges in healthcare programs.,829
3039,2025-10-24 10:19:30,education highlighted challenges in education programs.,4591
3040,2025-10-24 10:20:00,campaign organized a large campaign awareness campaign.,350
3041,2025-10-24 10:20:30,corruption criticized the opposition for corruption issues.,3063
3042,2025-10-24 10:21:00,BJP organized a large BJP awareness campaign.,1606
3043,2025-10-24 10:21:30,healthcare highlighted challenges in healthcare programs.,2215
3044,2025-10-24 10:22:00,Modi urged citizens to support Modi initiatives.,1699
3045,2025-10-24 10:22:30,BJP urged citizens to support BJP initiatives.,2293
3046,2025-10-24 10:23:00,healthcare urged citizens to support healthcare initiatives.,61
3047,2025-10-24 10:23:30,Election Commission urged citizens to support Election Commission initiatives.,3533
3048,2025-10-24 10:24:00,Congress discussed the new Congress policy in India.,2892
3049,2025-10-24 10:24:30,jobs promised better jobs opportunities for youth.,2297
3050,2025-10-24 10:25:00,campaign organized a large campaign awareness campaign.,1267
3051,2025-10-24 10:25:30,healthcare discussed the new healthcare policy in India.,1332
3052,2025-10-24 10:26:00,jobs discussed the new jobs policy in India.,175
3053,2025-10-24 10:26:30,digital India debated on digital India reforms in Parliament.,3892
3054,2025-10-24 10:27:00,healthcare highlighted challenges in healthcare programs.,1958
3055,2025-10-24 10:27:30,campaign criticized the opposition for campaign issues.,884
3056,2025-10-24 10:28:00,digital India spoke about recent improvements in digital India.,1108
3057,2025-10-24 10:28:30,campaign promised better campaign opportunities for youth.,4158
3058,2025-10-24 10:29:00,BJP spoke about recent improvements in BJP.,399
3059,2025-10-24 10:29:30,infrastructure debated on infrastructure reforms in Parliament.,1797
3060,2025-10-24 10:30:00,development spoke about recent improvements in development.,1389
3061,2025-10-24 10:30:30,Election Commission criticized the opposition for Election Commission issues.,1671
3062,2025-10-24 10:31:00,healthcare criticized the opposition for healthcare issues.,1361
3063,2025-10-24 10:31:30,healthcare discussed the new healthcare policy in India.,4223
3064,2025-10-24 10:32:00,digital India criticized the opposition for digital India issues.,3487
3065,2025-10-24 10:32:30,education criticized the opposition for education issues.,4165
3066,2025-10-24 10:33:00,education launched a rally focusing on education development.,2187
3067,2025-10-24 10:33:30,corruption organized a large corruption awareness campaign.,4901
3068,2025-10-24 10:34:00,poll rally promised better poll rally opportunities for youth.,4824
3069,2025-10-24 10:34:30,Rahul Gandhi criticized the opposition for Rahul Gandhi issues.,551
3070,2025-10-24 10:35:00,manifesto spoke about recent improvements in manifesto.,3939
3071,2025-10-24 10:35:30,infrastructure urged citizens to support infrastructure initiatives.,1679
3072,2025-10-24 10:36:00,digital India spoke about recent improvements in digital India.,1598
3073,2025-10-24 10:36:30,infrastructure spoke about recent improvements in infrastructure.,549
3074,2025-10-24 10:37:00,BJP criticized the opposition for BJP issues.,1646
3075,2025-10-24 10:37:30,jobs discussed the new jobs policy in India.,739
3076,2025-10-24 10:38:00,BJP urged citizens to support BJP initiatives.,2268
3077,2025-10-24 10:38:30,Rahul Gandhi promised better Rahul Gandhi opportunities for youth.,366
3078,2025-10-24 10:39:00,Congress highlighted challenges in Congress programs.,4748
3079,2025-10-24 10:39:30,BJP urged citizens to support BJP initiatives.,183
3080,2025-10-24 10:40:00,Congress announced a major reform in Congress sector.,2019
3081,2025-10-24 10:40:30,healthcare criticized the opposition for healthcare issues.,1659
3082,2025-10-24 10:41:00,Rahul Gandhi criticized the opposition for Rahul Gandhi issues.,4187
3083,2025-10-24 10:41:30,campaign debated on campaign reforms in Parliament.,2188
3084,2025-10-24 10:42:00,digital India criticized the opposition for digital India issues.,1056
3085,2025-10-24 10:42:30,Congress spoke about recent improvements in Congress.,4454
3086,2025-10-24 10:43:00,healthcare organized a large healthcare awareness campaign.,3590
3087,2025-10-24 10:43:30,jobs promised better jobs opportunities for youth.,1771
3088,2025-10-24 10:44:00,manifesto launched a rally focusing on manifesto development.,595
3089,2025-10-24 10:44:30,corruption announced a major reform in corruption sector.,2868
3090,2025-10-24 10:45:00,BJP spoke about recent improvements in BJP.,1390
3091,2025-10-24 10:45:30,Modi criticized the opposition for Modi issues.,660
3092,2025-10-24 10:46:00,corruption promised better corruption opportunities for youth.,2732
3093,2025-10-24 10:46:30,campaign organized a large campaign awareness campaign.,1445
3094,2025-10-24 10:47:00,poll rally promised better poll rally opportunities for youth.,3386
3095,2025-10-24 10:47:30,development highlighted challenges in development programs.,3182
3096,2025-10-24 10:48:00,jobs discussed the new jobs policy in India.,1798
3097,2025-10-24 10:48:30,Modi criticized the opposition for Modi issues.,806
3098,2025-10-24 10:49:00,Congress announced a major reform in Congress sector.,1479
3099,2025-10-24 10:49:30,development organized a large development awareness campaign.,4354
3100,2025-10-24 10:50:00,jobs announced a major reform in jobs sector.,877
3101,2025-10-24 10:50:30,healthcare announced a major reform in healthcare sector.,98
3102,2025-10-24 10:51:00,campaign promised better campaign opportunities for youth.,3630
3103,2025-10-24 10:51:30,infrastructure launched a rally focusing on infrastructure development.,4695
3104,2025-10-24 10:52:00,development launched a rally focusing on development development.,698
3105,2025-10-24 10:52:30,Congress criticized the opposition for Congress issues.,4837
3106,2025-10-24 10:53:00,manifesto launched a rally focusing on manifesto development.,4784
3107,2025-10-24 10:53:30,Rahul Gandhi criticized the opposition for Rahul Gandhi issues.,1007
3108,2025-10-24 10:54:00,healthcare launched a rally focusing on healthcare development.,3542
3109,2025-10-24 10:54:30,manifesto criticized the opposition for manifesto issues.,4882
3110,2025-10-24 10:55:00,corruption discussed the new corruption policy in India.,2342
3111,2025-10-24 10:55:30,education debated on education reforms in Parliament.,4764
3112,2025-10-24 10:56:00,jobs highlighted challenges in jobs programs.,1007
3113,2025-10-24 10:56:30,healthcare organized a large healthcare awareness campaign.,4584
3114,2025-10-24 10:57:00,Congress organized a large Congress awareness campaign.,4924
3115,2025-10-24 10:57:30,corruption spoke about recent improvements in corruption.,2762
3116,2025-10-24 10:58:00,Election Commission organized a large Election Commission awareness campaign.,2862
3117,2025-10-24 10:58:30,poll rally promised better poll rally opportunities for youth.,3791
3118,2025-10-24 10:59:00,BJP debated on BJP reforms in Parliament.,4228
3119,2025-10-24 10:59:30,healthcare organized a large healthcare awareness campaign.,450
3120,2025-10-24 11:00:00,poll rally organized a large poll rally awareness campaign.,1060
3121,2025-10-24 11:00:30,corruption criticized the opposition for corruption issues.,1697
3122,2025-10-24 11:01:00,healthcare spoke about recent improvements in healthcare.,2402
3123,2025-10-24 11:01:30,Congress organized a large Congress awareness campaign.,2142
3124,2025-10-24 11:02:00,infrastructure organized a large infrastructure awareness campaign.,1511
3125,2025-10-24 11:02:30,Congress organized a large Congress awareness campaign.,3229
3126,2025-10-24 11:03:00,digital India launched a rally focusing on digital India development.,633
3127,2025-10-24 11:03:30,Modi announced a major reform in Modi sector.,1816
3128,2025-10-24 11:04:00,Modi launched a rally focusing on Modi development.,1551
3129,2025-10-24 11:04:30,education promised better education opportunities for youth.,1014
3130,2025-10-24 11:05:00,jobs promised better jobs opportunities for youth.,3285
3131,2025-10-24 11:05:30,digital India debated on digital India reforms in Parliament.,2765
3132,2025-10-24 11:06:00,corruption debated on corruption reforms in Parliament.,3236
3133,2025-10-24 11:06:30,development criticized the opposition for development issues.,4292
3134,2025-10-24 11:07:00,education urged citizens to support education initiatives.,4829
3135,2025-10-24 11:07:30,infrastructure organized a large infrastructure awareness campaign.,2709
3136,2025-10-24 11:08:00,manifesto criticized the opposition for manifesto issues.,3062
3137,2025-10-24 11:08:30,BJP debated on BJP reforms in Parliament.,216
3138,2025-10-24 11:09:00,poll rally announced a major reform in poll rally sector.,4480
3139,2025-10-24 11:09:30,infrastructure highlighted challenges in infrastructure programs.,2079
3140,2025-10-24 11:10:00,poll rally urged citizens to support poll rally initiatives.,576
3141,2025-10-24 11:10:30,corruption debated on corruption reforms in Parliament.,4849
3142,2025-10-24 11:11:00,healthcare organized a large healthcare awareness campaign.,3112
3143,2025-10-24 11:11:30,corruption highlighted challenges in corruption programs.,4666
3144,2025-10-24 11:12:00,Election Commission launched a rally focusing on Election Commission development.,3606
3145,2025-10-24 11:12:30,Election Commission urged citizens to support Election Commission initiatives.,4557
3146,2025-10-24 11:13:00,development criticized the opposition for development issues.,1999
3147,2025-10-24 11:13:30,healthcare urged citizens to support healthcare initiatives.,702
3148,2025-10-24 11:14:00,development debated on development reforms in Parliament.,1907
3149,2025-10-24 11:14:30,BJP announced a major reform in BJP sector.,2663
3150,2025-10-24 11:15:00,Congress spoke about recent improvements in Congress.,1503
3151,2025-10-24 11:15:30,BJP spoke about recent improvements in BJP.,3018
3152,2025-10-24 11:16:00,infrastructure organized a large infrastructure awareness campaign.,1187
3153,2025-10-24 11:16:30,infrastructure promised better infrastructure opportunities for youth.,4495
3154,2025-10-24 11:17:00,Modi promised better Modi opportunities for youth.,4049
3155,2025-10-24 11:17:30,poll rally urged citizens to support poll rally initiatives.,3453
3156,2025-10-24 11:18:00,jobs announced a major reform in jobs sector.,2270
3157,2025-10-24 11:18:30,BJP urged citizens to support BJP initiatives.,3689
3158,2025-10-24 11:19:00,education criticized the opposition for education issues.,2621
3159,2025-10-24 11:19:30,education promised better education opportunities for youth.,3397
3160,2025-10-24 11:20:00,development discussed the new development policy in India.,1393
3161,2025-10-24 11:20:30,campaign criticized the opposition for campaign issues.,3365
3162,2025-10-24 11:21:00,BJP debated on BJP reforms in Parliament.,3286
3163,2025-10-24 11:21:30,jobs highlighted challenges in jobs programs.,4665
3164,2025-10-24 11:22:00,Election Commission spoke about recent improvements in Election Commission.,3825
3165,2025-10-24 11:22:30,poll rally promised better poll rally opportunities for youth.,2059
3166,2025-10-24 11:23:00,infrastructure launched a rally focusing on infrastructure development.,2459
3167,2025-10-24 11:23:30,education debated on education reforms in Parliament.,3314
3168,2025-10-24 11:24:00,BJP launched a rally focusing on BJP development.,4429
3169,2025-10-24 11:24:30,jobs debated on jobs reforms in Parliament.,2014
3170,2025-10-24 11:25:00,campaign organized a large campaign awareness campaign.,2339
3171,2025-10-24 11:25:30,infrastructure launched a rally focusing on infrastructure development.,2058
3172,2025-10-24 11:26:00,infrastructure highlighted challenges in infrastructure programs.,1608
3173,2025-10-24 11:26:30,education highlighted challenges in education programs.,3430
3174,2025-10-24 11:27:00,jobs promised better jobs opportunities for youth.,2232
3175,2025-10-24 11:27:30,Election Commission debated on Election Commission reforms in Parliament.,1851
3176,2025-10-24 11:28:00,poll rally urged citizens to support poll rally initiatives.,1257
3177,2025-10-24 11:28:30,manifesto organized a large manifesto awareness campaign.,943
3178,2025-10-24 11:29:00,jobs launched a rally focusing on jobs development.,3445
3179,2025-10-24 11:29:30,Election Commission urged citizens to support Election Commission initiatives.,4318
3180,2025-10-24 11:30:00,poll rally spoke about recent improvements in poll rally.,3533
3181,2025-10-24 11:30:30,Election Commission promised better Election Commission opportunities for youth.,1831
3182,2025-10-24 11:31:00,infrastructure urged citizens to support infrastructure initiatives.,1198
3183,2025-10-24 11:31:30,campaign organized a large campaign awareness campaign.,1436
3184,2025-10-24 11:32:00,corruption urged citizens to support corruption initiatives.,453
3185,2025-10-24 11:32:30,Election Commission spoke about recent improvements in Election Commission.,4771
3186,2025-10-24 11:33:00,corruption spoke about recent improvements in corruption.,3851
3187,2025-10-24 11:33:30,infrastructure promised better infrastructure opportunities for youth.,4512
3188,2025-10-24 11:34:00,jobs highlighted challenges in jobs programs.,3598
3189,2025-10-24 11:34:30,Modi announced a major reform in Modi sector.,2026
3190,2025-10-24 11:35:00,Congress spoke about recent improvements in Congress.,4233
3191,2025-10-24 11:35:30,digital India urged citizens to support digital India initiatives.,467
3192,2025-10-24 11:36:00,corruption organized a large corruption awareness campaign.,4150
3193,2025-10-24 11:36:30,healthcare highlighted challenges in healthcare programs.,677
3194,2025-10-24 11:37:00,manifesto announced a major reform in manifesto sector.,1808
3195,2025-10-24 11:37:30,infrastructure promised better infrastructure opportunities for youth.,1624
3196,2025-10-24 11:38:00,Modi criticized the opposition for Modi issues.,3533
3197,2025-10-24 11:38:30,jobs organized a large jobs awareness campaign.,3089
3198,2025-10-24 11:39:00,campaign organized a large campaign awareness campaign.,4747
3199,2025-10-24 11:39:30,jobs promised better jobs opportunities for youth.,2934
3200,2025-10-24 11:40:00,digital India debated on digital India reforms in Parliament.,2844
3201,2025-10-24 11:40:30,corruption urged citizens to support corruption initiatives.,3429
3202,2025-10-24 11:41:00,Rahul Gandhi spoke about recent improvements in Rahul Gandhi.,2853
3203,2025-10-24 11:41:30,corruption debated on corruption reforms in Parliament.,3204
3204,2025-10-24 11:42:00,digital India announced a major reform in digital India sector.,2653
3205,2025-10-24 11:42:30,digital India announced a major reform in digital India sector.,1124
3206,2025-10-24 11:43:00,Election Commission debated on Election Commission reforms in Parliament.,4580
3207,2025-10-24 11:43:30,education urged citizens to support education initiatives.,2132
3208,2025-10-24 11:44:00,development highlighted challenges in development programs.,663
3209,2025-10-24 11:44:30,campaign announced a major reform in campaign sector.,3646
3210,2025-10-24 11:45:00,digital India promised better digital India opportunities for youth.,2631
3211,2025-10-24 11:45:30,poll rally discussed the new poll rally policy in India.,1412
3212,2025-10-24 11:46:00,jobs discussed the new jobs policy in India.,3516
3213,2025-10-24 11:46:30,corruption discussed the new corruption policy in India.,2244
3214,2025-10-24 11:47:00,development criticized the opposition for development issues.,4441
3215,2025-10-24 11:47:30,manifesto organized a large manifesto awareness campaign.,1713
3216,2025-10-24 11:48:00,infrastructure criticized the opposition for infrastructure issues.,1563
3217,2025-10-24 11:48:30,Congress announced a major reform in Congress sector.,2944
3218,2025-10-24 11:49:00,Election Commission launched a rally focusing on Election Commission development.,941
3219,2025-10-24 11:49:30,jobs launched a rally focusing on jobs development.,2466
3220,2025-10-24 11:50:00,campaign launched a rally focusing on campaign development.,566
3221,2025-10-24 11:50:30,education spoke about recent improvements in education.,4977
3222,2025-10-24 11:51:00,BJP debated on BJP reforms in Parliament.,1391
3223,2025-10-24 11:51:30,jobs announced a major reform in jobs sector.,1936
3224,2025-10-24 11:52:00,campaign launched a rally focusing on campaign development.,4218
3225,2025-10-24 11:52:30,jobs spoke about recent improvements in jobs.,4600
3226,2025-10-24 11:53:00,infrastructure launched a rally focusing on infrastructure development.,1622
3227,2025-10-24 11:53:30,poll rally spoke about recent improvements in poll rally.,928
3228,2025-10-24 11:54:00,Election Commission highlighted challenges in Election Commission programs.,2495
3229,2025-10-24 11:54:30,digital India debated on digital India reforms in Parliament.,187
3230,2025-10-24 11:55:00,poll rally debated on poll rally reforms in Parliament.,1584
3231,2025-10-24 11:55:30,BJP criticized the opposition for BJP issues.,2598
3232,2025-10-24 11:56:00,jobs organized a large jobs awareness campaign.,3051
3233,2025-10-24 11:56:30,corruption spoke about recent improvements in corruption.,4975
3234,2025-10-24 11:57:00,manifesto launched a rally focusing on manifesto development.,318
3235,2025-10-24 11:57:30,Rahul Gandhi highlighted challenges in Rahul Gandhi programs.,2186
3236,2025-10-24 11:58:00,healthcare debated on healthcare reforms in Parliament.,3604
3237,2025-10-24 11:58:30,healthcare announced a major reform in healthcare sector.,3370
3238,2025-10-24 11:59:00,campaign promised better campaign opportunities for youth.,4572
3239,2025-10-24 11:59:30,manifesto spoke about recent improvements in manifesto.,663
3240,2025-10-24 12:00:00,Congress launched a rally focusing on Congress development.,4332
3241,2025-10-24 12:00:30,education debated on education reforms in Parliament.,842
3242,2025-10-24 12:01:00,BJP organized a large BJP awareness campaign.,633
3243,2025-10-24 12:01:30,corruption promised better corruption opportunities for youth.,919
3244,2025-10-24 12:02:00,healthcare highlighted challenges in healthcare programs.,417
3245,2025-10-24 12:02:30,Congress promised better Congress opportunities for youth.,4754
3246,2025-10-24 12:03:00,Election Commission spoke about recent improvements in Election Commission.,3114
3247,2025-10-24 12:03:30,development organized a large development awareness campaign.,65
3248,2025-10-24 12:04:00,Modi criticized the opposition for Modi issues.,1956
3249,2025-10-24 12:04:30,poll rally criticized the opposition for poll rally issues.,4571
3250,2025-10-24 12:05:00,poll rally spoke about recent improvements in poll rally.,1391
3251,2025-10-24 12:05:30,Election Commission debated on Election Commission reforms in Parliament.,1252
3252,2025-10-24 12:06:00,healthcare debated on healthcare reforms in Parliament.,84
3253,2025-10-24 12:06:30,corruption debated on corruption reforms in Parliament.,4422
3254,2025-10-24 12:07:00,infrastructure launched a rally focusing on infrastructure development.,4987
3255,2025-10-24 12:07:30,corruption spoke about recent improvements in corruption.,3559
3256,2025-10-24 12:08:00,Election Commission launched a rally focusing on Election Commission development.,4647
3257,2025-10-24 12:08:30,infrastructure debated on infrastructure reforms in Parliament.,2545
3258,2025-10-24 12:09:00,Modi debated on Modi reforms in Parliament.,3307
3259,2025-10-24 12:09:30,Congress announced a major reform in Congress sector.,949
3260,2025-10-24 12:10:00,corruption highlighted challenges in corruption programs.,4615
3261,2025-10-24 12:10:30,manifesto launched a rally focusing on manifesto development.,4422
3262,2025-10-24 12:11:00,BJP organized a large BJP awareness campaign.,4236
3263,2025-10-24 12:11:30,Election Commission spoke about recent improvements in Election Commission.,2412
3264,2025-10-24 12:12:00,campaign spoke about recent improvements in campaign.,4528
3265,2025-10-24 12:12:30,digital India discussed the new digital India policy in India.,690
3266,2025-10-24 12:13:00,infrastructure announced a major reform in infrastructure sector.,1000
3267,2025-10-24 12:13:30,infrastructure urged citizens to support infrastructure initiatives.,4508
3268,2025-10-24 12:14:00,Congress discussed the new Congress policy in India.,141
3269,2025-10-24 12:14:30,Election Commission organized a large Election Commission awareness campaign.,4772
3270,2025-10-24 12:15:00,corruption announced a major reform in corruption sector.,3821
3271,2025-10-24 12:15:30,development discussed the new development policy in India.,4724
3272,2025-10-24 12:16:00,jobs announced a major reform in jobs sector.,3410
3273,2025-10-24 12:16:30,poll rally launched a rally focusing on poll rally development.,3243
3274,2025-10-24 12:17:00,Modi urged citizens to support Modi initiatives.,154
3275,2025-10-24 12:17:30,digital India launched a rally focusing on digital India development.,97
3276,2025-10-24 12:18:00,corruption criticized the opposition for corruption issues.,4883
3277,2025-10-24 12:18:30,Congress organized a large Congress awareness campaign.,217
3278,2025-10-24 12:19:00,BJP launched a rally focusing on BJP development.,2622
3279,2025-10-24 12:19:30,jobs highlighted challenges in jobs programs.,4602
3280,2025-10-24 12:20:00,development discussed the new development policy in India.,4465
3281,2025-10-24 12:20:30,Modi urged citizens to support Modi initiatives.,3432
3282,2025-10-24 12:21:00,BJP urged citizens to support BJP initiatives.,4026
3283,2025-10-24 12:21:30,healthcare debated on healthcare reforms in Parliament.,560
3284,2025-10-24 12:22:00,infrastructure discussed the new infrastructure policy in India.,1726
3285,2025-10-24 12:22:30,poll rally organized a large poll rally awareness campaign.,4497
3286,2025-10-24 12:23:00,Election Commission highlighted challenges in Election Commission programs.,3348
3287,2025-10-24 12:23:30,poll rally promised better poll rally opportunities for youth.,1716
3288,2025-10-24 12:24:00,education criticized the opposition for education issues.,1759
3289,2025-10-24 12:24:30,infrastructure spoke about recent improvements in infrastructure.,354
3290,2025-10-24 12:25:00,development discussed the new development policy in India.,2277
3291,2025-10-24 12:25:30,education announced a major reform in education sector.,3096
3292,2025-10-24 12:26:00,healthcare discussed the new healthcare policy in India.,4219
3293,2025-10-24 12:26:30,digital India highlighted challenges in digital India programs.,587
3294,2025-10-24 12:27:00,campaign discussed the new campaign policy in India.,2328
3295,2025-10-24 12:27:30,campaign announced a major reform in campaign sector.,2729
3296,2025-10-24 12:28:00,Rahul Gandhi criticized the opposition for Rahul Gandhi issues.,3255
3297,2025-10-24 12:28:30,poll rally organized a large poll rally awareness campaign.,1665
3298,2025-10-24 12:29:00,healthcare discussed the new healthcare policy in India.,249
3299,2025-10-24 12:29:30,healthcare highlighted challenges in healthcare programs.,1127
3300,2025-10-24 12:30:00,education urged citizens to support education initiatives.,4734
3301,2025-10-24 12:30:30,Rahul Gandhi criticized the opposition for Rahul Gandhi issues.,3543
3302,2025-10-24 12:31:00,Congress organized a large Congress awareness campaign.,2665
3303,2025-10-24 12:31:30,campaign criticized the opposition for campaign issues.,4822
3304,2025-10-24 12:32:00,poll rally debated on poll rally reforms in Parliament.,4128
3305,2025-10-24 12:32:30,Modi announced a major reform in Modi sector.,3982
3306,2025-10-24 12:33:00,campaign urged citizens to support campaign initiatives.,4204
3307,2025-10-24 12:33:30,Congress spoke about recent improvements in Congress.,3874
3308,2025-10-24 12:34:00,campaign urged citizens to support campaign initiatives.,1027
3309,2025-10-24 12:34:30,Congress debated on Congress reforms in Parliament.,4799
3310,2025-10-24 12:35:00,jobs urged citizens to support jobs initiatives.,911
3311,2025-10-24 12:35:30,corruption debated on corruption reforms in Parliament.,4247
3312,2025-10-24 12:36:00,Election Commission announced a major reform in Election Commission sector.,1129
3313,2025-10-24 12:36:30,corruption organized a large corruption awareness campaign.,2792
3314,2025-10-24 12:37:00,manifesto spoke about recent improvements in manifesto.,780
3315,2025-10-24 12:37:30,development criticized the opposition for development issues.,2186
3316,2025-10-24 12:38:00,poll rally urged citizens to support poll rally initiatives.,3651
3317,2025-10-24 12:38:30,education promised better education opportunities for youth.,3913
3318,2025-10-24 12:39:00,poll rally launched a rally focusing on poll rally development.,3023
3319,2025-10-24 12:39:30,Rahul Gandhi highlighted challenges in Rahul Gandhi programs.,2422
3320,2025-10-24 12:40:00,poll rally organized a large poll rally awareness campaign.,2505
3321,2025-10-24 12:40:30,corruption spoke about recent improvements in corruption.,3933
3322,2025-10-24 12:41:00,digital India criticized the opposition for digital India issues.,4869
3323,2025-10-24 12:41:30,corruption announced a major reform in corruption sector.,2259
3324,2025-10-24 12:42:00,jobs debated on jobs reforms in Parliament.,4926
3325,2025-10-24 12:42:30,healthcare urged citizens to support healthcare initiatives.,1498
3326,2025-10-24 12:43:00,jobs highlighted challenges in jobs programs.,664
3327,2025-10-24 12:43:30,BJP promised better BJP opportunities for youth.,2297
3328,2025-10-24 12:44:00,jobs promised better jobs opportunities for youth.,4058
3329,2025-10-24 12:44:30,manifesto criticized the opposition for manifesto issues.,3758
3330,2025-10-24 12:45:00,Election Commission discussed the new Election Commission policy in India.,4341
3331,2025-10-24 12:45:30,Modi promised better Modi opportunities for youth.,3929
3332,2025-10-24 12:46:00,jobs announced a major reform in jobs sector.,2416
3333,2025-10-24 12:46:30,poll rally promised better poll rally opportunities for youth.,1743
3334,2025-10-24 12:47:00,Election Commission highlighted challenges in Election Commission programs.,4936
3335,2025-10-24 12:47:30,poll rally announced a major reform in poll rally sector.,4252
3336,2025-10-24 12:48:00,poll rally debated on poll rally reforms in Parliament.,3243
3337,2025-10-24 12:48:30,Election Commission discussed the new Election Commission policy in India.,4072
3338,2025-10-24 12:49:00,Congress criticized the opposition for Congress issues.,1067
3339,2025-10-24 12:49:30,BJP highlighted challenges in BJP programs.,1264
3340,2025-10-24 12:50:00,corruption urged citizens to support corruption initiatives.,4767
3341,2025-10-24 12:50:30,campaign launched a rally focusing on campaign development.,313
3342,2025-10-24 12:51:00,manifesto announced a major reform in manifesto sector.,4355
3343,2025-10-24 12:51:30,healthcare announced a major reform in healthcare sector.,2268
3344,2025-10-24 12:52:00,digital India launched a rally focusing on digital India development.,38
3345,2025-10-24 12:52:30,healthcare spoke about recent improvements in healthcare.,1989
3346,2025-10-24 12:53:00,Rahul Gandhi discussed the new Rahul Gandhi policy in India.,4067
3347,2025-10-24 12:53:30,digital India urged citizens to support digital India initiatives.,2875
3348,2025-10-24 12:54:00,manifesto promised better manifesto opportunities for youth.,4737
3349,2025-10-24 12:54:30,campaign debated on campaign reforms in Parliament.,2985
3350,2025-10-24 12:55:00,manifesto announced a major reform in manifesto sector.,3876
3351,2025-10-24 12:55:30,Election Commission urged citizens to support Election Commission initiatives.,1169
3352,2025-10-24 12:56:00,Congress announced a major reform in Congress sector.,2764
3353,2025-10-24 12:56:30,jobs spoke about recent improvements in jobs.,3738
3354,2025-10-24 12:57:00,Modi announced a major reform in Modi sector.,3051
3355,2025-10-24 12:57:30,jobs organized a large jobs awareness campaign.,2644
3356,2025-10-24 12:58:00,corruption organized a large corruption awareness campaign.,3539
3357,2025-10-24 12:58:30,manifesto spoke about recent improvements in manifesto.,3648
3358,2025-10-24 12:59:00,corruption launched a rally focusing on corruption development.,4120
3359,2025-10-24 12:59:30,development spoke about recent improvements in development.,4174
3360,2025-10-24 13:00:00,Election Commission organized a large Election Commission awareness campaign.,4181
3361,2025-10-24 13:00:30,Election Commission promised better Election Commission opportunities for youth.,3916
3362,2025-10-24 13:01:00,campaign discussed the new campaign policy in India.,1503
3363,2025-10-24 13:01:30,healthcare discussed the new healthcare policy in India.,359
3364,2025-10-24 13:02:00,campaign urged citizens to support campaign initiatives.,1699
3365,2025-10-24 13:02:30,healthcare announced a major reform in healthcare sector.,2160
3366,2025-10-24 13:03:00,manifesto highlighted challenges in manifesto programs.,12
3367,2025-10-24 13:03:30,manifesto urged citizens to support manifesto initiatives.,3168
3368,2025-10-24 13:04:00,development criticized the opposition for development issues.,94
3369,2025-10-24 13:04:30,manifesto promised better manifesto opportunities for youth.,4983
3370,2025-10-24 13:05:00,Congress criticized the opposition for Congress issues.,3383
3371,2025-10-24 13:05:30,development promised better development opportunities for youth.,579
3372,2025-10-24 13:06:00,development urged citizens to support development initiatives.,1946
3373,2025-10-24 13:06:30,manifesto discussed the new manifesto policy in India.,3397
3374,2025-10-24 13:07:00,manifesto highlighted challenges in manifesto programs.,4494
3375,2025-10-24 13:07:30,jobs organized a large jobs awareness campaign.,3718
3376,2025-10-24 13:08:00,BJP discussed the new BJP policy in India.,4660
3377,2025-10-24 13:08:30,jobs urged citizens to support jobs initiatives.,632
3378,2025-10-24 13:09:00,poll rally promised better poll rally opportunities for youth.,2948
3379,2025-10-24 13:09:30,manifesto announced a major reform in manifesto sector.,22
3380,2025-10-24 13:10:00,jobs organized a large jobs awareness campaign.,2968
3381,2025-10-24 13:10:30,digital India launched a rally focusing on digital India development.,2769
3382,2025-10-24 13:11:00,jobs urged citizens to support jobs initiatives.,471
3383,2025-10-24 13:11:30,campaign urged citizens to support campaign initiatives.,4368
3384,2025-10-24 13:12:00,Modi discussed the new Modi policy in India.,2034
3385,2025-10-24 13:12:30,development launched a rally focusing on development development.,3205
3386,2025-10-24 13:13:00,education announced a major reform in education sector.,2504
3387,2025-10-24 13:13:30,BJP discussed the new BJP policy in India.,2409
3388,2025-10-24 13:14:00,BJP debated on BJP reforms in Parliament.,1571
3389,2025-10-24 13:14:30,corruption criticized the opposition for corruption issues.,4676
3390,2025-10-24 13:15:00,Modi discussed the new Modi policy in India.,576
3391,2025-10-24 13:15:30,corruption criticized the opposition for corruption issues.,2830
3392,2025-10-24 13:16:00,campaign debated on campaign reforms in Parliament.,4051
3393,2025-10-24 13:16:30,poll rally announced a major reform in poll rally sector.,3516
3394,2025-10-24 13:17:00,campaign spoke about recent improvements in campaign.,4433
3395,2025-10-24 13:17:30,campaign highlighted challenges in campaign programs.,4459
3396,2025-10-24 13:18:00,manifesto announced a major reform in manifesto sector.,4989
3397,2025-10-24 13:18:30,manifesto criticized the opposition for manifesto issues.,4002
3398,2025-10-24 13:19:00,manifesto debated on manifesto reforms in Parliament.,4340
3399,2025-10-24 13:19:30,poll rally promised better poll rally opportunities for youth.,1652
3400,2025-10-24 13:20:00,campaign spoke about recent improvements in campaign.,376
3401,2025-10-24 13:20:30,Congress highlighted challenges in Congress programs.,4119
3402,2025-10-24 13:21:00,jobs urged citizens to support jobs initiatives.,2662
3403,2025-10-24 13:21:30,infrastructure launched a rally focusing on infrastructure development.,1644
3404,2025-10-24 13:22:00,campaign promised better campaign opportunities for youth.,4384
3405,2025-10-24 13:22:30,development promised better development opportunities for youth.,3443
3406,2025-10-24 13:23:00,healthcare promised better healthcare opportunities for youth.,4804
3407,2025-10-24 13:23:30,BJP promised better BJP opportunities for youth.,916
3408,2025-10-24 13:24:00,poll rally launched a rally focusing on poll rally development.,352
3409,2025-10-24 13:24:30,healthcare highlighted challenges in healthcare programs.,1796
3410,2025-10-24 13:25:00,digital India highlighted challenges in digital India programs.,3374
3411,2025-10-24 13:25:30,campaign urged citizens to support campaign initiatives.,3778
3412,2025-10-24 13:26:00,education urged citizens to support education initiatives.,1651
3413,2025-10-24 13:26:30,digital India urged citizens to support digital India initiatives.,2717
3414,2025-10-24 13:27:00,BJP organized a large BJP awareness campaign.,99
3415,2025-10-24 13:27:30,digital India discussed the new digital India policy in India.,306
3416,2025-10-24 13:28:00,manifesto urged citizens to support manifesto initiatives.,4518
3417,2025-10-24 13:28:30,digital India announced a major reform in digital India sector.,1657
3418,2025-10-24 13:29:00,jobs announced a major reform in jobs sector.,788
3419,2025-10-24 13:29:30,development criticized the opposition for development issues.,4780
3420,2025-10-24 13:30:00,Congress debated on Congress reforms in Parliament.,3467
3421,2025-10-24 13:30:30,infrastructure promised better infrastructure opportunities for youth.,4113
3422,2025-10-24 13:31:00,healthcare urged citizens to support healthcare initiatives.,1779
3423,2025-10-24 13:31:30,jobs highlighted challenges in jobs programs.,364
3424,2025-10-24 13:32:00,BJP highlighted challenges in BJP programs.,591
3425,2025-10-24 13:32:30,infrastructure announced a major reform in infrastructure sector.,1926
3426,2025-10-24 13:33:00,campaign announced a major reform in campaign sector.,3241
3427,2025-10-24 13:33:30,BJP launched a rally focusing on BJP development.,2312
3428,2025-10-24 13:34:00,healthcare criticized the opposition for healthcare issues.,2668
3429,2025-10-24 13:34:30,Modi promised better Modi opportunities for youth.,3031
3430,2025-10-24 13:35:00,infrastructure urged citizens to support infrastructure initiatives.,938
3431,2025-10-24 13:35:30,campaign spoke about recent improvements in campaign.,2772
3432,2025-10-24 13:36:00,BJP criticized the opposition for BJP issues.,2178
3433,2025-10-24 13:36:30,poll rally debated on poll rally reforms in Parliament.,3444
3434,2025-10-24 13:37:00,digital India debated on digital India reforms in Parliament.,3342
3435,2025-10-24 13:37:30,campaign urged citizens to support campaign initiatives.,4225
3436,2025-10-24 13:38:00,Modi urged citizens to support Modi initiatives.,3885
3437,2025-10-24 13:38:30,Modi launched a rally focusing on Modi development.,3391
3438,2025-10-24 13:39:00,campaign urged citizens to support campaign initiatives.,1407
3439,2025-10-24 13:39:30,Rahul Gandhi urged citizens to support Rahul Gandhi initiatives.,345
3440,2025-10-24 13:40:00,healthcare discussed the new healthcare policy in India.,2177
3441,2025-10-24 13:40:30,campaign launched a rally focusing on campaign development.,2771
3442,2025-10-24 13:41:00,education spoke about recent improvements in education.,4009
3443,2025-10-24 13:41:30,digital India launched a rally focusing on digital India development.,16
3444,2025-10-24 13:42:00,BJP announced a major reform in BJP sector.,2692
3445,2025-10-24 13:42:30,jobs spoke about recent improvements in jobs.,1904
3446,2025-10-24 13:43:00,corruption announced a major reform in corruption sector.,2939
3447,2025-10-24 13:43:30,healthcare launched a rally focusing on healthcare development.,4302
3448,2025-10-24 13:44:00,Election Commission spoke about recent improvements in Election Commission.,984
3449,2025-10-24 13:44:30,manifesto criticized the opposition for manifesto issues.,292
3450,2025-10-24 13:45:00,Modi criticized the opposition for Modi issues.,2424
3451,2025-10-24 13:45:30,Rahul Gandhi criticized the opposition for Rahul Gandhi issues.,3257
3452,2025-10-24 13:46:00,Rahul Gandhi debated on Rahul Gandhi reforms in Parliament.,271
3453,2025-10-24 13:46:30,digital India urged citizens to support digital India initiatives.,3440
3454,2025-10-24 13:47:00,Rahul Gandhi launched a rally focusing on Rahul Gandhi development.,53
3455,2025-10-24 13:47:30,Congress announced a major reform in Congress sector.,3314
3456,2025-10-24 13:48:00,digital India spoke about recent improvements in digital India.,2965
3457,2025-10-24 13:48:30,poll rally criticized the opposition for poll rally issues.,2736
3458,2025-10-24 13:49:00,Modi organized a large Modi awareness campaign.,4577
3459,2025-10-24 13:49:30,infrastructure criticized the opposition for infrastructure issues.,669
3460,2025-10-24 13:50:00,Modi launched a rally focusing on Modi development.,546
3461,2025-10-24 13:50:30,Modi discussed the new Modi policy in India.,2492
3462,2025-10-24 13:51:00,Modi discussed the new Modi policy in India.,1485
3463,2025-10-24 13:51:30,poll rally discussed the new poll rally policy in India.,2631
3464,2025-10-24 13:52:00,Rahul Gandhi launched a rally focusing on Rahul Gandhi development.,3796
3465,2025-10-24 13:52:30,BJP spoke about recent improvements in BJP.,2333
3466,2025-10-24 13:53:00,education announced a major reform in education sector.,1547
3467,2025-10-24 13:53:30,manifesto discussed the new manifesto policy in India.,370
3468,2025-10-24 13:54:00,poll rally urged citizens to support poll rally initiatives.,723
3469,2025-10-24 13:54:30,Modi organized a large Modi awareness campaign.,971
3470,2025-10-24 13:55:00,Rahul Gandhi announced a major reform in Rahul Gandhi sector.,3872
3471,2025-10-24 13:55:30,campaign debated on campaign reforms in Parliament.,4780
3472,2025-10-24 13:56:00,Election Commission spoke about recent improvements in Election Commission.,2420
3473,2025-10-24 13:56:30,infrastructure organized a large infrastructure awareness campaign.,4594
3474,2025-10-24 13:57:00,Rahul Gandhi criticized the opposition for Rahul Gandhi issues.,887
3475,2025-10-24 13:57:30,healthcare criticized the opposition for healthcare issues.,1743
3476,2025-10-24 13:58:00,BJP urged citizens to support BJP initiatives.,3006
3477,2025-10-24 13:58:30,poll rally debated on poll rally reforms in Parliament.,509
3478,2025-10-24 13:59:00,development urged citizens to support development initiatives.,2364
3479,2025-10-24 13:59:30,Modi launched a rally focusing on Modi development.,4041
3480,2025-10-24 14:00:00,BJP announced a major reform in BJP sector.,4814
3481,2025-10-24 14:00:30,manifesto organized a large manifesto awareness campaign.,1915
3482,2025-10-24 14:01:00,development organized a large development awareness campaign.,455
3483,2025-10-24 14:01:30,manifesto debated on manifesto reforms in Parliament.,2140
3484,2025-10-24 14:02:00,BJP discussed the new BJP policy in India.,1155
3485,2025-10-24 14:02:30,poll rally announced a major reform in poll rally sector.,543
3486,2025-10-24 14:03:00,jobs announced a major reform in jobs sector.,3355
3487,2025-10-24 14:03:30,campaign promised better campaign opportunities for youth.,1258
3488,2025-10-24 14:04:00,jobs promised better jobs opportunities for youth.,4431
3489,2025-10-24 14:04:30,poll rally debated on poll rally reforms in Parliament.,833
3490,2025-10-24 14:05:00,healthcare urged citizens to support healthcare initiatives.,4019
3491,2025-10-24 14:05:30,Rahul Gandhi criticized the opposition for Rahul Gandhi issues.,2812
3492,2025-10-24 14:06:00,corruption discussed the new corruption policy in India.,2260
3493,2025-10-24 14:06:30,Rahul Gandhi highlighted challenges in Rahul Gandhi programs.,3367
3494,2025-10-24 14:07:00,poll rally launched a rally focusing on poll rally development.,2667
3495,2025-10-24 14:07:30,development organized a large development awareness campaign.,1425
3496,2025-10-24 14:08:00,Congress criticized the opposition for Congress issues.,1744
3497,2025-10-24 14:08:30,education announced a major reform in education sector.,4592
3498,2025-10-24 14:09:00,campaign promised better campaign opportunities for youth.,2967
3499,2025-10-24 14:09:30,education highlighted challenges in education programs.,515
3500,2025-10-24 14:10:00,BJP discussed the new BJP policy in India.,313
3501,2025-10-24 14:10:30,education urged citizens to support education initiatives.,3457
3502,2025-10-24 14:11:00,campaign criticized the opposition for campaign issues.,168
3503,2025-10-24 14:11:30,infrastructure criticized the opposition for infrastructure issues.,1985
3504,2025-10-24 14:12:00,digital India urged citizens to support digital India initiatives.,930
3505,2025-10-24 14:12:30,digital India spoke about recent improvements in digital India.,364
3506,2025-10-24 14:13:00,poll rally urged citizens to support poll rally initiatives.,2591
3507,2025-10-24 14:13:30,Election Commission discussed the new Election Commission policy in India.,1993
3508,2025-10-24 14:14:00,Congress debated on Congress reforms in Parliament.,3642
3509,2025-10-24 14:14:30,Congress launched a rally focusing on Congress development.,3006
3510,2025-10-24 14:15:00,infrastructure debated on infrastructure reforms in Parliament.,3108
3511,2025-10-24 14:15:30,Modi announced a major reform in Modi sector.,2118
3512,2025-10-24 14:16:00,healthcare discussed the new healthcare policy in India.,2725
3513,2025-10-24 14:16:30,infrastructure announced a major reform in infrastructure sector.,2775
3514,2025-10-24 14:17:00,Election Commission highlighted challenges in Election Commission programs.,420
3515,2025-10-24 14:17:30,BJP discussed the new BJP policy in India.,3694
3516,2025-10-24 14:18:00,poll rally spoke about recent improvements in poll rally.,3953
3517,2025-10-24 14:18:30,development urged citizens to support development initiatives.,548
3518,2025-10-24 14:19:00,jobs criticized the opposition for jobs issues.,1238
3519,2025-10-24 14:19:30,corruption criticized the opposition for corruption issues.,1045
3520,2025-10-24 14:20:00,digital India highlighted challenges in digital India programs.,3151
3521,2025-10-24 14:20:30,corruption announced a major reform in corruption sector.,4120
3522,2025-10-24 14:21:00,education criticized the opposition for education issues.,3101
3523,2025-10-24 14:21:30,Rahul Gandhi organized a large Rahul Gandhi awareness campaign.,3778
3524,2025-10-24 14:22:00,jobs organized a large jobs awareness campaign.,457
3525,2025-10-24 14:22:30,poll rally urged citizens to support poll rally initiatives.,3398
3526,2025-10-24 14:23:00,development highlighted challenges in development programs.,4453
3527,2025-10-24 14:23:30,campaign spoke about recent improvements in campaign.,1558
3528,2025-10-24 14:24:00,jobs announced a major reform in jobs sector.,2386
3529,2025-10-24 14:24:30,healthcare promised better healthcare opportunities for youth.,2348
3530,2025-10-24 14:25:00,Rahul Gandhi urged citizens to support Rahul Gandhi initiatives.,4559
3531,2025-10-24 14:25:30,Congress launched a rally focusing on Congress development.,4061
3532,2025-10-24 14:26:00,infrastructure promised better infrastructure opportunities for youth.,3833
3533,2025-10-24 14:26:30,BJP discussed the new BJP policy in India.,592
3534,2025-10-24 14:27:00,Election Commission spoke about recent improvements in Election Commission.,4560
3535,2025-10-24 14:27:30,development launched a rally focusing on development development.,1651
3536,2025-10-24 14:28:00,corruption debated on corruption reforms in Parliament.,4884
3537,2025-10-24 14:28:30,Modi criticized the opposition for Modi issues.,3887
3538,2025-10-24 14:29:00,healthcare promised better healthcare opportunities for youth.,761
3539,2025-10-24 14:29:30,campaign criticized the opposition for campaign issues.,496
3540,2025-10-24 14:30:00,infrastructure discussed the new infrastructure policy in India.,4601
3541,2025-10-24 14:30:30,development promised better development opportunities for youth.,376
3542,2025-10-24 14:31:00,development organized a large development awareness campaign.,4275
3543,2025-10-24 14:31:30,education debated on education reforms in Parliament.,3885
3544,2025-10-24 14:32:00,Election Commission discussed the new Election Commission policy in India.,3098
3545,2025-10-24 14:32:30,corruption organized a large corruption awareness campaign.,758
3546,2025-10-24 14:33:00,Election Commission launched a rally focusing on Election Commission development.,4631
3547,2025-10-24 14:33:30,infrastructure discussed the new infrastructure policy in India.,2965
3548,2025-10-24 14:34:00,manifesto urged citizens to support manifesto initiatives.,4533
3549,2025-10-24 14:34:30,education launched a rally focusing on education development.,588
3550,2025-10-24 14:35:00,healthcare launched a rally focusing on healthcare development.,203
3551,2025-10-24 14:35:30,corruption criticized the opposition for corruption issues.,638
3552,2025-10-24 14:36:00,Election Commission criticized the opposition for Election Commission issues.,544
3553,2025-10-24 14:36:30,Rahul Gandhi launched a rally focusing on Rahul Gandhi development.,4517
3554,2025-10-24 14:37:00,digital India announced a major reform in digital India sector.,1593
3555,2025-10-24 14:37:30,development spoke about recent improvements in development.,4799
3556,2025-10-24 14:38:00,manifesto promised better manifesto opportunities for youth.,4573
3557,2025-10-24 14:38:30,healthcare launched a rally focusing on healthcare development.,4694
3558,2025-10-24 14:39:00,campaign highlighted challenges in campaign programs.,2633
3559,2025-10-24 14:39:30,Election Commission organized a large Election Commission awareness campaign.,2631
3560,2025-10-24 14:40:00,Modi debated on Modi reforms in Parliament.,3974
3561,2025-10-24 14:40:30,manifesto debated on manifesto reforms in Parliament.,1344
3562,2025-10-24 14:41:00,BJP debated on BJP reforms in Parliament.,3566
3563,2025-10-24 14:41:30,campaign spoke about recent improvements in campaign.,1886
3564,2025-10-24 14:42:00,BJP announced a major reform in BJP sector.,191
3565,2025-10-24 14:42:30,campaign criticized the opposition for campaign issues.,2582
3566,2025-10-24 14:43:00,BJP debated on BJP reforms in Parliament.,513
3567,2025-10-24 14:43:30,education urged citizens to support education initiatives.,4281
3568,2025-10-24 14:44:00,infrastructure announced a major reform in infrastructure sector.,4089
3569,2025-10-24 14:44:30,infrastructure spoke about recent improvements in infrastructure.,3012
3570,2025-10-24 14:45:00,Congress organized a large Congress awareness campaign.,1991
3571,2025-10-24 14:45:30,Modi organized a large Modi awareness campaign.,2783
3572,2025-10-24 14:46:00,corruption discussed the new corruption policy in India.,1215
3573,2025-10-24 14:46:30,digital India highlighted challenges in digital India programs.,4493
3574,2025-10-24 14:47:00,Modi discussed the new Modi policy in India.,2220
3575,2025-10-24 14:47:30,development organized a large development awareness campaign.,4580
3576,2025-10-24 14:48:00,infrastructure promised better infrastructure opportunities for youth.,3921
3577,2025-10-24 14:48:30,Election Commission spoke about recent improvements in Election Commission.,727
3578,2025-10-24 14:49:00,Congress debated on Congress reforms in Parliament.,4603
3579,2025-10-24 14:49:30,healthcare criticized the opposition for healthcare issues.,233
3580,2025-10-24 14:50:00,BJP highlighted challenges in BJP programs.,2767
3581,2025-10-24 14:50:30,campaign debated on campaign reforms in Parliament.,965
3582,2025-10-24 14:51:00,Election Commission spoke about recent improvements in Election Commission.,747
3583,2025-10-24 14:51:30,development organized a large development awareness campaign.,3388
3584,2025-10-24 14:52:00,healthcare announced a major reform in healthcare sector.,2425
3585,2025-10-24 14:52:30,development announced a major reform in development sector.,152
3586,2025-10-24 14:53:00,Rahul Gandhi discussed the new Rahul Gandhi policy in India.,3725
3587,2025-10-24 14:53:30,manifesto debated on manifesto reforms in Parliament.,4143
3588,2025-10-24 14:54:00,manifesto discussed the new manifesto policy in India.,699
3589,2025-10-24 14:54:30,poll rally promised better poll rally opportunities for youth.,2097
3590,2025-10-24 14:55:00,BJP discussed the new BJP policy in India.,1529
3591,2025-10-24 14:55:30,poll rally launched a rally focusing on poll rally development.,4887
3592,2025-10-24 14:56:00,Modi urged citizens to support Modi initiatives.,1746
3593,2025-10-24 14:56:30,poll rally promised better poll rally opportunities for youth.,4700
3594,2025-10-24 14:57:00,jobs launched a rally focusing on jobs development.,1463
3595,2025-10-24 14:57:30,Election Commission organized a large Election Commission awareness campaign.,4126
3596,2025-10-24 14:58:00,Rahul Gandhi launched a rally focusing on Rahul Gandhi development.,668
3597,2025-10-24 14:58:30,corruption spoke about recent improvements in corruption.,4120
3598,2025-10-24 14:59:00,education announced a major reform in education sector.,3941
3599,2025-10-24 14:59:30,Congress promised better Congress opportunities for youth.,614
3600,2025-10-24 15:00:00,Rahul Gandhi announced a major reform in Rahul Gandhi sector.,432
3601,2025-10-24 15:00:30,poll rally launched a rally focusing on poll rally development.,4809
3602,2025-10-24 15:01:00,Modi organized a large Modi awareness campaign.,4357
3603,2025-10-24 15:01:30,education organized a large education awareness campaign.,256
3604,2025-10-24 15:02:00,digital India discussed the new digital India policy in India.,3128
3605,2025-10-24 15:02:30,development organized a large development awareness campaign.,4369
3606,2025-10-24 15:03:00,development promised better development opportunities for youth.,183
3607,2025-10-24 15:03:30,BJP spoke about recent improvements in BJP.,635
3608,2025-10-24 15:04:00,infrastructure urged citizens to support infrastructure initiatives.,3325
3609,2025-10-24 15:04:30,digital India promised better digital India opportunities for youth.,3780
3610,2025-10-24 15:05:00,infrastructure urged citizens to support infrastructure initiatives.,4863
3611,2025-10-24 15:05:30,infrastructure highlighted challenges in infrastructure programs.,2564
3612,2025-10-24 15:06:00,Rahul Gandhi organized a large Rahul Gandhi awareness campaign.,3584
3613,2025-10-24 15:06:30,campaign criticized the opposition for campaign issues.,834
3614,2025-10-24 15:07:00,corruption discussed the new corruption policy in India.,1211
3615,2025-10-24 15:07:30,Modi launched a rally focusing on Modi development.,4403
3616,2025-10-24 15:08:00,digital India highlighted challenges in digital India programs.,4598
3617,2025-10-24 15:08:30,manifesto announced a major reform in manifesto sector.,1852
3618,2025-10-24 15:09:00,infrastructure highlighted challenges in infrastructure programs.,359
3619,2025-10-24 15:09:30,BJP promised better BJP opportunities for youth.,1291
3620,2025-10-24 15:10:00,BJP urged citizens to support BJP initiatives.,4070
3621,2025-10-24 15:10:30,Election Commission highlighted challenges in Election Commission programs.,2977
3622,2025-10-24 15:11:00,jobs highlighted challenges in jobs programs.,1937
3623,2025-10-24 15:11:30,development organized a large development awareness campaign.,2317
3624,2025-10-24 15:12:00,healthcare organized a large healthcare awareness campaign.,1241
3625,2025-10-24 15:12:30,digital India urged citizens to support digital India initiatives.,4751
3626,2025-10-24 15:13:00,campaign highlighted challenges in campaign programs.,827
3627,2025-10-24 15:13:30,Rahul Gandhi spoke about recent improvements in Rahul Gandhi.,2853
3628,2025-10-24 15:14:00,Modi urged citizens to support Modi initiatives.,1649
3629,2025-10-24 15:14:30,infrastructure urged citizens to support infrastructure initiatives.,3703
3630,2025-10-24 15:15:00,healthcare spoke about recent improvements in healthcare.,916
3631,2025-10-24 15:15:30,Congress spoke about recent improvements in Congress.,3848
3632,2025-10-24 15:16:00,healthcare launched a rally focusing on healthcare development.,2300
3633,2025-10-24 15:16:30,healthcare highlighted challenges in healthcare programs.,2854
3634,2025-10-24 15:17:00,Election Commission highlighted challenges in Election Commission programs.,1875
3635,2025-10-24 15:17:30,poll rally spoke about recent improvements in poll rally.,4566
3636,2025-10-24 15:18:00,digital India discussed the new digital India policy in India.,2889
3637,2025-10-24 15:18:30,campaign organized a large campaign awareness campaign.,4356
3638,2025-10-24 15:19:00,Election Commission criticized the opposition for Election Commission issues.,3480
3639,2025-10-24 15:19:30,infrastructure spoke about recent improvements in infrastructure.,1755
3640,2025-10-24 15:20:00,education criticized the opposition for education issues.,3223
3641,2025-10-24 15:20:30,Rahul Gandhi promised better Rahul Gandhi opportunities for youth.,2700
3642,2025-10-24 15:21:00,digital India announced a major reform in digital India sector.,2774
3643,2025-10-24 15:21:30,digital India urged citizens to support digital India initiatives.,4245
3644,2025-10-24 15:22:00,education announced a major reform in education sector.,1569
3645,2025-10-24 15:22:30,healthcare launched a rally focusing on healthcare development.,2584
3646,2025-10-24 15:23:00,Congress spoke about recent improvements in Congress.,251
3647,2025-10-24 15:23:30,Congress highlighted challenges in Congress programs.,4524
3648,2025-10-24 15:24:00,infrastructure promised better infrastructure opportunities for youth.,4049
3649,2025-10-24 15:24:30,manifesto announced a major reform in manifesto sector.,34
3650,2025-10-24 15:25:00,Rahul Gandhi urged citizens to support Rahul Gandhi initiatives.,3781
3651,2025-10-24 15:25:30,manifesto highlighted challenges in manifesto programs.,3829
3652,2025-10-24 15:26:00,development urged citizens to support development initiatives.,2467
3653,2025-10-24 15:26:30,Election Commission discussed the new Election Commission policy in India.,3491
3654,2025-10-24 15:27:00,poll rally criticized the opposition for poll rally issues.,4492
3655,2025-10-24 15:27:30,corruption promised better corruption opportunities for youth.,3138
3656,2025-10-24 15:28:00,manifesto spoke about recent improvements in manifesto.,1568
3657,2025-10-24 15:28:30,education urged citizens to support education initiatives.,2423
3658,2025-10-24 15:29:00,poll rally launched a rally focusing on poll rally development.,465
3659,2025-10-24 15:29:30,Congress organized a large Congress awareness campaign.,3328
3660,2025-10-24 15:30:00,BJP criticized the opposition for BJP issues.,1852
3661,2025-10-24 15:30:30,education criticized the opposition for education issues.,527
3662,2025-10-24 15:31:00,education promised better education opportunities for youth.,866
3663,2025-10-24 15:31:30,infrastructure organized a large infrastructure awareness campaign.,3285
3664,2025-10-24 15:32:00,Congress launched a rally focusing on Congress development.,3065
3665,2025-10-24 15:32:30,campaign highlighted challenges in campaign programs.,1242
3666,2025-10-24 15:33:00,poll rally urged citizens to support poll rally initiatives.,4340
3667,2025-10-24 15:33:30,Modi promised better Modi opportunities for youth.,4256
3668,2025-10-24 15:34:00,Congress announced a major reform in Congress sector.,2241
3669,2025-10-24 15:34:30,Election Commission announced a major reform in Election Commission sector.,2140
3670,2025-10-24 15:35:00,Congress urged citizens to support Congress initiatives.,965
3671,2025-10-24 15:35:30,development urged citizens to support development initiatives.,1381
3672,2025-10-24 15:36:00,poll rally debated on poll rally reforms in Parliament.,1996
3673,2025-10-24 15:36:30,Congress discussed the new Congress policy in India.,1742
3674,2025-10-24 15:37:00,corruption discussed the new corruption policy in India.,3910
3675,2025-10-24 15:37:30,Modi launched a rally focusing on Modi development.,620
3676,2025-10-24 15:38:00,development organized a large development awareness campaign.,3478
3677,2025-10-24 15:38:30,BJP organized a large BJP awareness campaign.,3669
3678,2025-10-24 15:39:00,development discussed the new development policy in India.,1738
3679,2025-10-24 15:39:30,Congress launched a rally focusing on Congress development.,1552
3680,2025-10-24 15:40:00,corruption criticized the opposition for corruption issues.,4178
3681,2025-10-24 15:40:30,jobs debated on jobs reforms in Parliament.,1578
3682,2025-10-24 15:41:00,digital India criticized the opposition for digital India issues.,2060
3683,2025-10-24 15:41:30,Election Commission promised better Election Commission opportunities for youth.,1799
3684,2025-10-24 15:42:00,manifesto debated on manifesto reforms in Parliament.,779
3685,2025-10-24 15:42:30,infrastructure announced a major reform in infrastructure sector.,3500
3686,2025-10-24 15:43:00,Congress spoke about recent improvements in Congress.,3250
3687,2025-10-24 15:43:30,manifesto organized a large manifesto awareness campaign.,2337
3688,2025-10-24 15:44:00,Election Commission launched a rally focusing on Election Commission development.,1705
3689,2025-10-24 15:44:30,development organized a large development awareness campaign.,1560
3690,2025-10-24 15:45:00,Election Commission discussed the new Election Commission policy in India.,3925
3691,2025-10-24 15:45:30,Congress organized a large Congress awareness campaign.,3201
3692,2025-10-24 15:46:00,poll rally criticized the opposition for poll rally issues.,1208
3693,2025-10-24 15:46:30,poll rally debated on poll rally reforms in Parliament.,1479
3694,2025-10-24 15:47:00,BJP criticized the opposition for BJP issues.,1003
3695,2025-10-24 15:47:30,manifesto spoke about recent improvements in manifesto.,4612
3696,2025-10-24 15:48:00,development spoke about recent improvements in development.,2762
3697,2025-10-24 15:48:30,corruption promised better corruption opportunities for youth.,853
3698,2025-10-24 15:49:00,infrastructure highlighted challenges in infrastructure programs.,2467
3699,2025-10-24 15:49:30,Modi announced a major reform in Modi sector.,949
3700,2025-10-24 15:50:00,Modi highlighted challenges in Modi programs.,1828
3701,2025-10-24 15:50:30,infrastructure debated on infrastructure reforms in Parliament.,3653
3702,2025-10-24 15:51:00,campaign highlighted challenges in campaign programs.,292
3703,2025-10-24 15:51:30,healthcare spoke about recent improvements in healthcare.,2533
3704,2025-10-24 15:52:00,Rahul Gandhi organized a large Rahul Gandhi awareness campaign.,2815
3705,2025-10-24 15:52:30,corruption organized a large corruption awareness campaign.,1576
3706,2025-10-24 15:53:00,education highlighted challenges in education programs.,4056
3707,2025-10-24 15:53:30,digital India discussed the new digital India policy in India.,874
3708,2025-10-24 15:54:00,education organized a large education awareness campaign.,4792
3709,2025-10-24 15:54:30,Modi criticized the opposition for Modi issues.,1955
3710,2025-10-24 15:55:00,campaign debated on campaign reforms in Parliament.,3395
3711,2025-10-24 15:55:30,jobs discussed the new jobs policy in India.,306
3712,2025-10-24 15:56:00,digital India debated on digital India reforms in Parliament.,562
3713,2025-10-24 15:56:30,infrastructure promised better infrastructure opportunities for youth.,2610
3714,2025-10-24 15:57:00,poll rally highlighted challenges in poll rally programs.,1191
3715,2025-10-24 15:57:30,jobs spoke about recent improvements in jobs.,1209
3716,2025-10-24 15:58:00,infrastructure highlighted challenges in infrastructure programs.,4388
3717,2025-10-24 15:58:30,Election Commission highlighted challenges in Election Commission programs.,3888
3718,2025-10-24 15:59:00,education urged citizens to support education initiatives.,1714
3719,2025-10-24 15:59:30,development urged citizens to support development initiatives.,3290
3720,2025-10-24 16:00:00,jobs launched a rally focusing on jobs development.,3397
3721,2025-10-24 16:00:30,Congress urged citizens to support Congress initiatives.,1373
3722,2025-10-24 16:01:00,infrastructure launched a rally focusing on infrastructure development.,4861
3723,2025-10-24 16:01:30,Rahul Gandhi highlighted challenges in Rahul Gandhi programs.,4821
3724,2025-10-24 16:02:00,digital India highlighted challenges in digital India programs.,2491
3725,2025-10-24 16:02:30,Congress launched a rally focusing on Congress development.,3815
3726,2025-10-24 16:03:00,digital India organized a large digital India awareness campaign.,1943
3727,2025-10-24 16:03:30,Congress organized a large Congress awareness campaign.,876
3728,2025-10-24 16:04:00,corruption discussed the new corruption policy in India.,1218
3729,2025-10-24 16:04:30,development criticized the opposition for development issues.,3133
3730,2025-10-24 16:05:00,Election Commission urged citizens to support Election Commission initiatives.,2494
3731,2025-10-24 16:05:30,infrastructure promised better infrastructure opportunities for youth.,4529
3732,2025-10-24 16:06:00,jobs criticized the opposition for jobs issues.,55
3733,2025-10-24 16:06:30,BJP organized a large BJP awareness campaign.,1905
3734,2025-10-24 16:07:00,poll rally debated on poll rally reforms in Parliament.,2583
3735,2025-10-24 16:07:30,jobs criticized the opposition for jobs issues.,3168
3736,2025-10-24 16:08:00,Congress urged citizens to support Congress initiatives.,3041
3737,2025-10-24 16:08:30,poll rally spoke about recent improvements in poll rally.,2827
3738,2025-10-24 16:09:00,Election Commission announced a major reform in Election Commission sector.,38
3739,2025-10-24 16:09:30,poll rally launched a rally focusing on poll rally development.,3823
3740,2025-10-24 16:10:00,infrastructure debated on infrastructure reforms in Parliament.,2189
3741,2025-10-24 16:10:30,corruption debated on corruption reforms in Parliament.,3660
3742,2025-10-24 16:11:00,BJP urged citizens to support BJP initiatives.,4636
3743,2025-10-24 16:11:30,BJP launched a rally focusing on BJP development.,4187
3744,2025-10-24 16:12:00,Congress highlighted challenges in Congress programs.,4364
3745,2025-10-24 16:12:30,corruption organized a large corruption awareness campaign.,2580
3746,2025-10-24 16:13:00,healthcare debated on healthcare reforms in Parliament.,3460
3747,2025-10-24 16:13:30,digital India organized a large digital India awareness campaign.,1733
3748,2025-10-24 16:14:00,infrastructure promised better infrastructure opportunities for youth.,2246
3749,2025-10-24 16:14:30,development urged citizens to support development initiatives.,493
3750,2025-10-24 16:15:00,education debated on education reforms in Parliament.,2804
3751,2025-10-24 16:15:30,healthcare urged citizens to support healthcare initiatives.,1186
3752,2025-10-24 16:16:00,BJP highlighted challenges in BJP programs.,1932
3753,2025-10-24 16:16:30,Rahul Gandhi criticized the opposition for Rahul Gandhi issues.,3057
3754,2025-10-24 16:17:00,digital India highlighted challenges in digital India programs.,4533
3755,2025-10-24 16:17:30,Congress announced a major reform in Congress sector.,1003
3756,2025-10-24 16:18:00,education debated on education reforms in Parliament.,1983
3757,2025-10-24 16:18:30,Election Commission spoke about recent improvements in Election Commission.,3197
3758,2025-10-24 16:19:00,campaign criticized the opposition for campaign issues.,2849
3759,2025-10-24 16:19:30,healthcare discussed the new healthcare policy in India.,655
3760,2025-10-24 16:20:00,healthcare highlighted challenges in healthcare programs.,1080
3761,2025-10-24 16:20:30,Modi announced a major reform in Modi sector.,1084
3762,2025-10-24 16:21:00,digital India highlighted challenges in digital India programs.,917
3763,2025-10-24 16:21:30,Rahul Gandhi launched a rally focusing on Rahul Gandhi development.,3774
3764,2025-10-24 16:22:00,BJP highlighted challenges in BJP programs.,2598
3765,2025-10-24 16:22:30,education discussed the new education policy in India.,4449
3766,2025-10-24 16:23:00,education debated on education reforms in Parliament.,3306
3767,2025-10-24 16:23:30,campaign urged citizens to support campaign initiatives.,2052
3768,2025-10-24 16:24:00,BJP spoke about recent improvements in BJP.,245
3769,2025-10-24 16:24:30,poll rally urged citizens to support poll rally initiatives.,2271
3770,2025-10-24 16:25:00,Rahul Gandhi discussed the new Rahul Gandhi policy in India.,3205
3771,2025-10-24 16:25:30,digital India criticized the opposition for digital India issues.,272
3772,2025-10-24 16:26:00,Congress promised better Congress opportunities for youth.,2023
3773,2025-10-24 16:26:30,healthcare highlighted challenges in healthcare programs.,1049
3774,2025-10-24 16:27:00,development discussed the new development policy in India.,4801
3775,2025-10-24 16:27:30,BJP discussed the new BJP policy in India.,181
3776,2025-10-24 16:28:00,digital India announced a major reform in digital India sector.,1729
3777,2025-10-24 16:28:30,infrastructure announced a major reform in infrastructure sector.,394
3778,2025-10-24 16:29:00,Modi discussed the new Modi policy in India.,307
3779,2025-10-24 16:29:30,development criticized the opposition for development issues.,3880
3780,2025-10-24 16:30:00,Election Commission promised better Election Commission opportunities for youth.,1109
3781,2025-10-24 16:30:30,manifesto organized a large manifesto awareness campaign.,4590
3782,2025-10-24 16:31:00,education organized a large education awareness campaign.,1931
3783,2025-10-24 16:31:30,digital India criticized the opposition for digital India issues.,3979
3784,2025-10-24 16:32:00,Rahul Gandhi discussed the new Rahul Gandhi policy in India.,1905
3785,2025-10-24 16:32:30,education discussed the new education policy in India.,1206
3786,2025-10-24 16:33:00,manifesto announced a major reform in manifesto sector.,4790
3787,2025-10-24 16:33:30,Modi launched a rally focusing on Modi development.,464
3788,2025-10-24 16:34:00,manifesto highlighted challenges in manifesto programs.,988
3789,2025-10-24 16:34:30,Election Commission promised better Election Commission opportunities for youth.,4540
3790,2025-10-24 16:35:00,education discussed the new education policy in India.,2804
3791,2025-10-24 16:35:30,Congress criticized the opposition for Congress issues.,1666
3792,2025-10-24 16:36:00,digital India spoke about recent improvements in digital India.,3020
3793,2025-10-24 16:36:30,Congress highlighted challenges in Congress programs.,26
3794,2025-10-24 16:37:00,manifesto debated on manifesto reforms in Parliament.,4490
3795,2025-10-24 16:37:30,poll rally promised better poll rally opportunities for youth.,2078
3796,2025-10-24 16:38:00,corruption debated on corruption reforms in Parliament.,3975
3797,2025-10-24 16:38:30,jobs launched a rally focusing on jobs development.,2496
3798,2025-10-24 16:39:00,Congress promised better Congress opportunities for youth.,1361
3799,2025-10-24 16:39:30,poll rally debated on poll rally reforms in Parliament.,3370
3800,2025-10-24 16:40:00,Modi urged citizens to support Modi initiatives.,1237
3801,2025-10-24 16:40:30,Rahul Gandhi promised better Rahul Gandhi opportunities for youth.,2737
3802,2025-10-24 16:41:00,digital India promised better digital India opportunities for youth.,1559
3803,2025-10-24 16:41:30,Rahul Gandhi promised better Rahul Gandhi opportunities for youth.,2438
3804,2025-10-24 16:42:00,Election Commission spoke about recent improvements in Election Commission.,3824
3805,2025-10-24 16:42:30,Congress debated on Congress reforms in Parliament.,560
3806,2025-10-24 16:43:00,development urged citizens to support development initiatives.,1007
3807,2025-10-24 16:43:30,Congress urged citizens to support Congress initiatives.,3667
3808,2025-10-24 16:44:00,jobs organized a large jobs awareness campaign.,3251
3809,2025-10-24 16:44:30,healthcare launched a rally focusing on healthcare development.,953
3810,2025-10-24 16:45:00,BJP promised better BJP opportunities for youth.,2296
3811,2025-10-24 16:45:30,corruption debated on corruption reforms in Parliament.,704
3812,2025-10-24 16:46:00,Election Commission criticized the opposition for Election Commission issues.,4833
3813,2025-10-24 16:46:30,Election Commission announced a major reform in Election Commission sector.,3104
3814,2025-10-24 16:47:00,Congress promised better Congress opportunities for youth.,1391
3815,2025-10-24 16:47:30,campaign promised better campaign opportunities for youth.,1511
3816,2025-10-24 16:48:00,Modi launched a rally focusing on Modi development.,4104
3817,2025-10-24 16:48:30,campaign discussed the new campaign policy in India.,3439
3818,2025-10-24 16:49:00,campaign organized a large campaign awareness campaign.,2632
3819,2025-10-24 16:49:30,Congress discussed the new Congress policy in India.,454
3820,2025-10-24 16:50:00,healthcare highlighted challenges in healthcare programs.,787
3821,2025-10-24 16:50:30,Modi debated on Modi reforms in Parliament.,1174
3822,2025-10-24 16:51:00,BJP highlighted challenges in BJP programs.,4195
3823,2025-10-24 16:51:30,jobs spoke about recent improvements in jobs.,1910
3824,2025-10-24 16:52:00,Rahul Gandhi urged citizens to support Rahul Gandhi initiatives.,4595
3825,2025-10-24 16:52:30,Congress promised better Congress opportunities for youth.,4663
3826,2025-10-24 16:53:00,campaign announced a major reform in campaign sector.,4458
3827,2025-10-24 16:53:30,healthcare announced a major reform in healthcare sector.,1313
3828,2025-10-24 16:54:00,development spoke about recent improvements in development.,182
3829,2025-10-24 16:54:30,education announced a major reform in education sector.,4596
3830,2025-10-24 16:55:00,BJP organized a large BJP awareness campaign.,71
3831,2025-10-24 16:55:30,BJP urged citizens to support BJP initiatives.,2417
3832,2025-10-24 16:56:00,digital India organized a large digital India awareness campaign.,1325
3833,2025-10-24 16:56:30,corruption organized a large corruption awareness campaign.,1276
3834,2025-10-24 16:57:00,education promised better education opportunities for youth.,1288
3835,2025-10-24 16:57:30,education organized a large education awareness campaign.,2293
3836,2025-10-24 16:58:00,jobs debated on jobs reforms in Parliament.,1558
3837,2025-10-24 16:58:30,Modi organized a large Modi awareness campaign.,2750
3838,2025-10-24 16:59:00,Rahul Gandhi announced a major reform in Rahul Gandhi sector.,2709
3839,2025-10-24 16:59:30,Modi promised better Modi opportunities for youth.,1258
3840,2025-10-24 17:00:00,development promised better development opportunities for youth.,1507
3841,2025-10-24 17:00:30,campaign urged citizens to support campaign initiatives.,1215
3842,2025-10-24 17:01:00,Rahul Gandhi announced a major reform in Rahul Gandhi sector.,4290
3843,2025-10-24 17:01:30,campaign launched a rally focusing on campaign development.,3571
3844,2025-10-24 17:02:00,Rahul Gandhi spoke about recent improvements in Rahul Gandhi.,4303
3845,2025-10-24 17:02:30,corruption criticized the opposition for corruption issues.,2410
3846,2025-10-24 17:03:00,development organized a large development awareness campaign.,4192
3847,2025-10-24 17:03:30,manifesto spoke about recent improvements in manifesto.,3429
3848,2025-10-24 17:04:00,poll rally announced a major reform in poll rally sector.,3385
3849,2025-10-24 17:04:30,digital India debated on digital India reforms in Parliament.,1665
3850,2025-10-24 17:05:00,Congress criticized the opposition for Congress issues.,1106
3851,2025-10-24 17:05:30,Congress organized a large Congress awareness campaign.,4228
3852,2025-10-24 17:06:00,Rahul Gandhi launched a rally focusing on Rahul Gandhi development.,4566
3853,2025-10-24 17:06:30,poll rally highlighted challenges in poll rally programs.,664
3854,2025-10-24 17:07:00,corruption promised better corruption opportunities for youth.,2525
3855,2025-10-24 17:07:30,jobs spoke about recent improvements in jobs.,1762
3856,2025-10-24 17:08:00,Election Commission urged citizens to support Election Commission initiatives.,395
3857,2025-10-24 17:08:30,BJP launched a rally focusing on BJP development.,1936
3858,2025-10-24 17:09:00,Modi criticized the opposition for Modi issues.,3547
3859,2025-10-24 17:09:30,Modi organized a large Modi awareness campaign.,113
3860,2025-10-24 17:10:00,poll rally announced a major reform in poll rally sector.,3701
3861,2025-10-24 17:10:30,corruption criticized the opposition for corruption issues.,4159
3862,2025-10-24 17:11:00,Election Commission highlighted challenges in Election Commission programs.,1467
3863,2025-10-24 17:11:30,education debated on education reforms in Parliament.,2231
3864,2025-10-24 17:12:00,corruption highlighted challenges in corruption programs.,4873
3865,2025-10-24 17:12:30,jobs highlighted challenges in jobs programs.,4673
3866,2025-10-24 17:13:00,Congress announced a major reform in Congress sector.,4217
3867,2025-10-24 17:13:30,infrastructure criticized the opposition for infrastructure issues.,707
3868,2025-10-24 17:14:00,Rahul Gandhi discussed the new Rahul Gandhi policy in India.,2022
3869,2025-10-24 17:14:30,healthcare highlighted challenges in healthcare programs.,803
3870,2025-10-24 17:15:00,corruption launched a rally focusing on corruption development.,2019
3871,2025-10-24 17:15:30,poll rally criticized the opposition for poll rally issues.,513
3872,2025-10-24 17:16:00,Congress discussed the new Congress policy in India.,326
3873,2025-10-24 17:16:30,Congress criticized the opposition for Congress issues.,2120
3874,2025-10-24 17:17:00,manifesto urged citizens to support manifesto initiatives.,1123
3875,2025-10-24 17:17:30,Modi spoke about recent improvements in Modi.,2241
3876,2025-10-24 17:18:00,infrastructure highlighted challenges in infrastructure programs.,2331
3877,2025-10-24 17:18:30,digital India urged citizens to support digital India initiatives.,1119
3878,2025-10-24 17:19:00,Rahul Gandhi organized a large Rahul Gandhi awareness campaign.,480
3879,2025-10-24 17:19:30,corruption highlighted challenges in corruption programs.,2412
3880,2025-10-24 17:20:00,corruption spoke about recent improvements in corruption.,1602
3881,2025-10-24 17:20:30,digital India promised better digital India opportunities for youth.,2014
3882,2025-10-24 17:21:00,BJP organized a large BJP awareness campaign.,4602
3883,2025-10-24 17:21:30,Election Commission promised better Election Commission opportunities for youth.,3218
3884,2025-10-24 17:22:00,development highlighted challenges in development programs.,4394
3885,2025-10-24 17:22:30,education discussed the new education policy in India.,3470
3886,2025-10-24 17:23:00,education criticized the opposition for education issues.,479
3887,2025-10-24 17:23:30,Election Commission criticized the opposition for Election Commission issues.,4053
3888,2025-10-24 17:24:00,campaign organized a large campaign awareness campaign.,2773
3889,2025-10-24 17:24:30,corruption urged citizens to support corruption initiatives.,4358
3890,2025-10-24 17:25:00,Election Commission highlighted challenges in Election Commission programs.,4498
3891,2025-10-24 17:25:30,education promised better education opportunities for youth.,2349
3892,2025-10-24 17:26:00,corruption highlighted challenges in corruption programs.,2804
3893,2025-10-24 17:26:30,poll rally criticized the opposition for poll rally issues.,3240
3894,2025-10-24 17:27:00,corruption organized a large corruption awareness campaign.,1876
3895,2025-10-24 17:27:30,Rahul Gandhi organized a large Rahul Gandhi awareness campaign.,1099
3896,2025-10-24 17:28:00,digital India spoke about recent improvements in digital India.,1115
3897,2025-10-24 17:28:30,Election Commission spoke about recent improvements in Election Commission.,437
3898,2025-10-24 17:29:00,corruption debated on corruption reforms in Parliament.,3491
3899,2025-10-24 17:29:30,digital India debated on digital India reforms in Parliament.,4228
3900,2025-10-24 17:30:00,BJP spoke about recent improvements in BJP.,3988
3901,2025-10-24 17:30:30,infrastructure discussed the new infrastructure policy in India.,4369
3902,2025-10-24 17:31:00,jobs promised better jobs opportunities for youth.,3569
3903,2025-10-24 17:31:30,Rahul Gandhi debated on Rahul Gandhi reforms in Parliament.,1362
3904,2025-10-24 17:32:00,BJP promised better BJP opportunities for youth.,1208
3905,2025-10-24 17:32:30,digital India spoke about recent improvements in digital India.,4568
3906,2025-10-24 17:33:00,campaign highlighted challenges in campaign programs.,4110
3907,2025-10-24 17:33:30,digital India discussed the new digital India policy in India.,4659
3908,2025-10-24 17:34:00,manifesto spoke about recent improvements in manifesto.,3507
3909,2025-10-24 17:34:30,Congress urged citizens to support Congress initiatives.,3100
3910,2025-10-24 17:35:00,poll rally organized a large poll rally awareness campaign.,3999
3911,2025-10-24 17:35:30,infrastructure debated on infrastructure reforms in Parliament.,4265
3912,2025-10-24 17:36:00,healthcare promised better healthcare opportunities for youth.,4891
3913,2025-10-24 17:36:30,digital India announced a major reform in digital India sector.,4777
3914,2025-10-24 17:37:00,campaign debated on campaign reforms in Parliament.,2515
3915,2025-10-24 17:37:30,jobs criticized the opposition for jobs issues.,2628
3916,2025-10-24 17:38:00,BJP discussed the new BJP policy in India.,1536
3917,2025-10-24 17:38:30,education debated on education reforms in Parliament.,1983
3918,2025-10-24 17:39:00,corruption promised better corruption opportunities for youth.,4908
3919,2025-10-24 17:39:30,healthcare highlighted challenges in healthcare programs.,1642
3920,2025-10-24 17:40:00,infrastructure announced a major reform in infrastructure sector.,124
3921,2025-10-24 17:40:30,Congress criticized the opposition for Congress issues.,3454
3922,2025-10-24 17:41:00,education criticized the opposition for education issues.,126
3923,2025-10-24 17:41:30,corruption highlighted challenges in corruption programs.,235
3924,2025-10-24 17:42:00,Congress launched a rally focusing on Congress development.,922
3925,2025-10-24 17:42:30,Congress discussed the new Congress policy in India.,1394
3926,2025-10-24 17:43:00,Congress highlighted challenges in Congress programs.,2378
3927,2025-10-24 17:43:30,development discussed the new development policy in India.,1418
3928,2025-10-24 17:44:00,Election Commission debated on Election Commission reforms in Parliament.,4211
3929,2025-10-24 17:44:30,BJP highlighted challenges in BJP programs.,900
3930,2025-10-24 17:45:00,infrastructure discussed the new infrastructure policy in India.,4335
3931,2025-10-24 17:45:30,BJP highlighted challenges in BJP programs.,2111
3932,2025-10-24 17:46:00,infrastructure discussed the new infrastructure policy in India.,1345
3933,2025-10-24 17:46:30,campaign spoke about recent improvements in campaign.,2976
3934,2025-10-24 17:47:00,healthcare announced a major reform in healthcare sector.,1380
3935,2025-10-24 17:47:30,poll rally urged citizens to support poll rally initiatives.,4412
3936,2025-10-24 17:48:00,Modi debated on Modi reforms in Parliament.,3927
3937,2025-10-24 17:48:30,manifesto organized a large manifesto awareness campaign.,1081
3938,2025-10-24 17:49:00,healthcare launched a rally focusing on healthcare development.,3803
3939,2025-10-24 17:49:30,Rahul Gandhi organized a large Rahul Gandhi awareness campaign.,1910
3940,2025-10-24 17:50:00,poll rally announced a major reform in poll rally sector.,2086
3941,2025-10-24 17:50:30,BJP launched a rally focusing on BJP development.,300
3942,2025-10-24 17:51:00,infrastructure highlighted challenges in infrastructure programs.,4958
3943,2025-10-24 17:51:30,jobs launched a rally focusing on jobs development.,1227
3944,2025-10-24 17:52:00,education criticized the opposition for education issues.,44
3945,2025-10-24 17:52:30,Modi debated on Modi reforms in Parliament.,2754
3946,2025-10-24 17:53:00,campaign discussed the new campaign policy in India.,2272
3947,2025-10-24 17:53:30,Rahul Gandhi discussed the new Rahul Gandhi policy in India.,956
3948,2025-10-24 17:54:00,campaign announced a major reform in campaign sector.,1559
3949,2025-10-24 17:54:30,Modi debated on Modi reforms in Parliament.,3014
3950,2025-10-24 17:55:00,corruption discussed the new corruption policy in India.,4468
3951,2025-10-24 17:55:30,infrastructure highlighted challenges in infrastructure programs.,3516
3952,2025-10-24 17:56:00,manifesto urged citizens to support manifesto initiatives.,3683
3953,2025-10-24 17:56:30,BJP debated on BJP reforms in Parliament.,4092
3954,2025-10-24 17:57:00,jobs announced a major reform in jobs sector.,2797
3955,2025-10-24 17:57:30,poll rally criticized the opposition for poll rally issues.,504
3956,2025-10-24 17:58:00,corruption promised better corruption opportunities for youth.,888
3957,2025-10-24 17:58:30,manifesto urged citizens to support manifesto initiatives.,4386
3958,2025-10-24 17:59:00,education highlighted challenges in education programs.,3645
3959,2025-10-24 17:59:30,manifesto debated on manifesto reforms in Parliament.,1856
3960,2025-10-24 18:00:00,education announced a major reform in education sector.,2580
3961,2025-10-24 18:00:30,Rahul Gandhi spoke about recent improvements in Rahul Gandhi.,455
3962,2025-10-24 18:01:00,campaign spoke about recent improvements in campaign.,3593
3963,2025-10-24 18:01:30,jobs launched a rally focusing on jobs development.,3467
3964,2025-10-24 18:02:00,development highlighted challenges in development programs.,3976
3965,2025-10-24 18:02:30,healthcare launched a rally focusing on healthcare development.,1677
3966,2025-10-24 18:03:00,poll rally discussed the new poll rally policy in India.,3136
3967,2025-10-24 18:03:30,Rahul Gandhi launched a rally focusing on Rahul Gandhi development.,1955
3968,2025-10-24 18:04:00,education spoke about recent improvements in education.,4121
3969,2025-10-24 18:04:30,manifesto debated on manifesto reforms in Parliament.,2154
3970,2025-10-24 18:05:00,education highlighted challenges in education programs.,843
3971,2025-10-24 18:05:30,campaign urged citizens to support campaign initiatives.,3968
3972,2025-10-24 18:06:00,poll rally urged citizens to support poll rally initiatives.,4150
3973,2025-10-24 18:06:30,manifesto debated on manifesto reforms in Parliament.,1796
3974,2025-10-24 18:07:00,Rahul Gandhi announced a major reform in Rahul Gandhi sector.,3525
3975,2025-10-24 18:07:30,Rahul Gandhi criticized the opposition for Rahul Gandhi issues.,1594
3976,2025-10-24 18:08:00,education urged citizens to support education initiatives.,4129
3977,2025-10-24 18:08:30,Rahul Gandhi announced a major reform in Rahul Gandhi sector.,403
3978,2025-10-24 18:09:00,Modi organized a large Modi awareness campaign.,1033
3979,2025-10-24 18:09:30,Rahul Gandhi promised better Rahul Gandhi opportunities for youth.,2456
3980,2025-10-24 18:10:00,Election Commission spoke about recent improvements in Election Commission.,642
3981,2025-10-24 18:10:30,healthcare launched a rally focusing on healthcare development.,4476
3982,2025-10-24 18:11:00,education announced a major reform in education sector.,4514
3983,2025-10-24 18:11:30,healthcare promised better healthcare opportunities for youth.,163
3984,2025-10-24 18:12:00,campaign spoke about recent improvements in campaign.,4242
3985,2025-10-24 18:12:30,education debated on education reforms in Parliament.,4419
3986,2025-10-24 18:13:00,digital India discussed the new digital India policy in India.,2314
3987,2025-10-24 18:13:30,infrastructure urged citizens to support infrastructure initiatives.,34
3988,2025-10-24 18:14:00,jobs spoke about recent improvements in jobs.,2936
3989,2025-10-24 18:14:30,Rahul Gandhi discussed the new Rahul Gandhi policy in India.,3730
3990,2025-10-24 18:15:00,infrastructure discussed the new infrastructure policy in India.,4162
3991,2025-10-24 18:15:30,jobs launched a rally focusing on jobs development.,660
3992,2025-10-24 18:16:00,Congress highlighted challenges in Congress programs.,3302
3993,2025-10-24 18:16:30,development promised better development opportunities for youth.,3878
3994,2025-10-24 18:17:00,Congress highlighted challenges in Congress programs.,1846
3995,2025-10-24 18:17:30,education promised better education opportunities for youth.,4021
3996,2025-10-24 18:18:00,poll rally announced a major reform in poll rally sector.,683
3997,2025-10-24 18:18:30,healthcare highlighted challenges in healthcare programs.,1076
3998,2025-10-24 18:19:00,education announced a major reform in education sector.,4232
3999,2025-10-24 18:19:30,Election Commission announced a major reform in Election Commission sector.,1776
4000,2025-10-24 18:20:00,Congress announced a major reform in Congress sector.,3333
4001,2025-10-24 18:20:30,healthcare criticized the opposition for healthcare issues.,3851
4002,2025-10-24 18:21:00,poll rally discussed the new poll rally policy in India.,275
4003,2025-10-24 18:21:30,campaign criticized the opposition for campaign issues.,2809
4004,2025-10-24 18:22:00,Rahul Gandhi debated on Rahul Gandhi reforms in Parliament.,2856
4005,2025-10-24 18:22:30,Modi criticized the opposition for Modi issues.,1574
4006,2025-10-24 18:23:00,infrastructure debated on infrastructure reforms in Parliament.,2157
4007,2025-10-24 18:23:30,Congress launched a rally focusing on Congress development.,1293
4008,2025-10-24 18:24:00,campaign highlighted challenges in campaign programs.,4980
4009,2025-10-24 18:24:30,corruption announced a major reform in corruption sector.,4993
4010,2025-10-24 18:25:00,Congress spoke about recent improvements in Congress.,3052
4011,2025-10-24 18:25:30,BJP discussed the new BJP policy in India.,4231
4012,2025-10-24 18:26:00,campaign urged citizens to support campaign initiatives.,2239
4013,2025-10-24 18:26:30,campaign debated on campaign reforms in Parliament.,3158
4014,2025-10-24 18:27:00,digital India spoke about recent improvements in digital India.,84
4015,2025-10-24 18:27:30,education launched a rally focusing on education development.,2827
4016,2025-10-24 18:28:00,corruption criticized the opposition for corruption issues.,2026
4017,2025-10-24 18:28:30,Congress criticized the opposition for Congress issues.,2381
4018,2025-10-24 18:29:00,jobs discussed the new jobs policy in India.,1473
4019,2025-10-24 18:29:30,Modi launched a rally focusing on Modi development.,279
4020,2025-10-24 18:30:00,education launched a rally focusing on education development.,1108
4021,2025-10-24 18:30:30,Congress discussed the new Congress policy in India.,3726
4022,2025-10-24 18:31:00,Modi announced a major reform in Modi sector.,4123
4023,2025-10-24 18:31:30,Election Commission urged citizens to support Election Commission initiatives.,2235
4024,2025-10-24 18:32:00,BJP discussed the new BJP policy in India.,614
4025,2025-10-24 18:32:30,education discussed the new education policy in India.,948
4026,2025-10-24 18:33:00,jobs organized a large jobs awareness campaign.,4257
4027,2025-10-24 18:33:30,jobs promised better jobs opportunities for youth.,1168
4028,2025-10-24 18:34:00,healthcare urged citizens to support healthcare initiatives.,387
4029,2025-10-24 18:34:30,digital India spoke about recent improvements in digital India.,3591
4030,2025-10-24 18:35:00,Election Commission announced a major reform in Election Commission sector.,283
4031,2025-10-24 18:35:30,digital India announced a major reform in digital India sector.,3170
4032,2025-10-24 18:36:00,campaign promised better campaign opportunities for youth.,2879
4033,2025-10-24 18:36:30,Election Commission organized a large Election Commission awareness campaign.,4007
4034,2025-10-24 18:37:00,manifesto promised better manifesto opportunities for youth.,4665
4035,2025-10-24 18:37:30,development announced a major reform in development sector.,1827
4036,2025-10-24 18:38:00,manifesto debated on manifesto reforms in Parliament.,1851
4037,2025-10-24 18:38:30,manifesto debated on manifesto reforms in Parliament.,516
4038,2025-10-24 18:39:00,Congress launched a rally focusing on Congress development.,569
4039,2025-10-24 18:39:30,poll rally highlighted challenges in poll rally programs.,3585
4040,2025-10-24 18:40:00,corruption criticized the opposition for corruption issues.,703
4041,2025-10-24 18:40:30,corruption urged citizens to support corruption initiatives.,55
4042,2025-10-24 18:41:00,digital India discussed the new digital India policy in India.,4105
4043,2025-10-24 18:41:30,BJP criticized the opposition for BJP issues.,4126
4044,2025-10-24 18:42:00,digital India urged citizens to support digital India initiatives.,3130
4045,2025-10-24 18:42:30,development announced a major reform in development sector.,3754
4046,2025-10-24 18:43:00,development discussed the new development policy in India.,1123
4047,2025-10-24 18:43:30,development discussed the new development policy in India.,1148
4048,2025-10-24 18:44:00,education announced a major reform in education sector.,2025
4049,2025-10-24 18:44:30,education discussed the new education policy in India.,1540
4050,2025-10-24 18:45:00,campaign announced a major reform in campaign sector.,59
4051,2025-10-24 18:45:30,Rahul Gandhi highlighted challenges in Rahul Gandhi programs.,4037
4052,2025-10-24 18:46:00,development promised better development opportunities for youth.,1084
4053,2025-10-24 18:46:30,infrastructure announced a major reform in infrastructure sector.,4472
4054,2025-10-24 18:47:00,infrastructure criticized the opposition for infrastructure issues.,3181
4055,2025-10-24 18:47:30,digital India promised better digital India opportunities for youth.,4019
4056,2025-10-24 18:48:00,BJP criticized the opposition for BJP issues.,1122
4057,2025-10-24 18:48:30,digital India discussed the new digital India policy in India.,745
4058,2025-10-24 18:49:00,poll rally launched a rally focusing on poll rally development.,4704
4059,2025-10-24 18:49:30,Rahul Gandhi announced a major reform in Rahul Gandhi sector.,4306
4060,2025-10-24 18:50:00,healthcare announced a major reform in healthcare sector.,4792
4061,2025-10-24 18:50:30,poll rally spoke about recent improvements in poll rally.,1143
4062,2025-10-24 18:51:00,BJP announced a major reform in BJP sector.,3472
4063,2025-10-24 18:51:30,Congress highlighted challenges in Congress programs.,2794
4064,2025-10-24 18:52:00,Congress announced a major reform in Congress sector.,4427
4065,2025-10-24 18:52:30,healthcare promised better healthcare opportunities for youth.,4157
4066,2025-10-24 18:53:00,Rahul Gandhi highlighted challenges in Rahul Gandhi programs.,4137
4067,2025-10-24 18:53:30,poll rally discussed the new poll rally policy in India.,2914
4068,2025-10-24 18:54:00,jobs announced a major reform in jobs sector.,3116
4069,2025-10-24 18:54:30,poll rally urged citizens to support poll rally initiatives.,1009
4070,2025-10-24 18:55:00,Congress launched a rally focusing on Congress development.,257
4071,2025-10-24 18:55:30,corruption discussed the new corruption policy in India.,1697
4072,2025-10-24 18:56:00,Election Commission launched a rally focusing on Election Commission development.,3399
4073,2025-10-24 18:56:30,BJP discussed the new BJP policy in India.,3436
4074,2025-10-24 18:57:00,jobs organized a large jobs awareness campaign.,1588
4075,2025-10-24 18:57:30,digital India debated on digital India reforms in Parliament.,1187
4076,2025-10-24 18:58:00,education promised better education opportunities for youth.,308
4077,2025-10-24 18:58:30,Modi promised better Modi opportunities for youth.,3905
4078,2025-10-24 18:59:00,Modi highlighted challenges in Modi programs.,192
4079,2025-10-24 18:59:30,manifesto urged citizens to support manifesto initiatives.,1825
4080,2025-10-24 19:00:00,campaign highlighted challenges in campaign programs.,132
4081,2025-10-24 19:00:30,Congress highlighted challenges in Congress programs.,2341
4082,2025-10-24 19:01:00,digital India launched a rally focusing on digital India development.,2030
4083,2025-10-24 19:01:30,Congress organized a large Congress awareness campaign.,138
4084,2025-10-24 19:02:00,campaign discussed the new campaign policy in India.,3529
4085,2025-10-24 19:02:30,digital India organized a large digital India awareness campaign.,2258
4086,2025-10-24 19:03:00,Congress highlighted challenges in Congress programs.,3149
4087,2025-10-24 19:03:30,jobs launched a rally focusing on jobs development.,1961
4088,2025-10-24 19:04:00,jobs urged citizens to support jobs initiatives.,2146
4089,2025-10-24 19:04:30,Modi urged citizens to support Modi initiatives.,897
4090,2025-10-24 19:05:00,corruption debated on corruption reforms in Parliament.,3607
4091,2025-10-24 19:05:30,corruption promised better corruption opportunities for youth.,2277
4092,2025-10-24 19:06:00,Congress highlighted challenges in Congress programs.,3590
4093,2025-10-24 19:06:30,jobs criticized the opposition for jobs issues.,2013
4094,2025-10-24 19:07:00,manifesto announced a major reform in manifesto sector.,4454
4095,2025-10-24 19:07:30,Congress launched a rally focusing on Congress development.,132
4096,2025-10-24 19:08:00,jobs discussed the new jobs policy in India.,2070
4097,2025-10-24 19:08:30,jobs spoke about recent improvements in jobs.,3779
4098,2025-10-24 19:09:00,corruption launched a rally focusing on corruption development.,236
4099,2025-10-24 19:09:30,healthcare urged citizens to support healthcare initiatives.,4729
4100,2025-10-24 19:10:00,Modi criticized the opposition for Modi issues.,1137
4101,2025-10-24 19:10:30,BJP launched a rally focusing on BJP development.,1768
4102,2025-10-24 19:11:00,education announced a major reform in education sector.,445
4103,2025-10-24 19:11:30,manifesto announced a major reform in manifesto sector.,4443
4104,2025-10-24 19:12:00,Rahul Gandhi criticized the opposition for Rahul Gandhi issues.,1055
4105,2025-10-24 19:12:30,jobs discussed the new jobs policy in India.,1707
4106,2025-10-24 19:13:00,corruption discussed the new corruption policy in India.,3516
4107,2025-10-24 19:13:30,manifesto launched a rally focusing on manifesto development.,2306
4108,2025-10-24 19:14:00,infrastructure announced a major reform in infrastructure sector.,398
4109,2025-10-24 19:14:30,manifesto debated on manifesto reforms in Parliament.,2037
4110,2025-10-24 19:15:00,healthcare criticized the opposition for healthcare issues.,690
4111,2025-10-24 19:15:30,education debated on education reforms in Parliament.,377
4112,2025-10-24 19:16:00,education launched a rally focusing on education development.,3748
4113,2025-10-24 19:16:30,manifesto launched a rally focusing on manifesto development.,4752
4114,2025-10-24 19:17:00,Election Commission criticized the opposition for Election Commission issues.,3091
4115,2025-10-24 19:17:30,development criticized the opposition for development issues.,3442
4116,2025-10-24 19:18:00,digital India launched a rally focusing on digital India development.,4618
4117,2025-10-24 19:18:30,development discussed the new development policy in India.,2281
4118,2025-10-24 19:19:00,development launched a rally focusing on development development.,3260
4119,2025-10-24 19:19:30,healthcare highlighted challenges in healthcare programs.,1373
4120,2025-10-24 19:20:00,development launched a rally focusing on development development.,4789
4121,2025-10-24 19:20:30,development debated on development reforms in Parliament.,3285
4122,2025-10-24 19:21:00,campaign organized a large campaign awareness campaign.,1349
4123,2025-10-24 19:21:30,corruption discussed the new corruption policy in India.,2885
4124,2025-10-24 19:22:00,campaign organized a large campaign awareness campaign.,4283
4125,2025-10-24 19:22:30,digital India organized a large digital India awareness campaign.,268
4126,2025-10-24 19:23:00,BJP launched a rally focusing on BJP development.,1409
4127,2025-10-24 19:23:30,Election Commission organized a large Election Commission awareness campaign.,2977
4128,2025-10-24 19:24:00,poll rally promised better poll rally opportunities for youth.,1052
4129,2025-10-24 19:24:30,poll rally spoke about recent improvements in poll rally.,2755
4130,2025-10-24 19:25:00,Congress organized a large Congress awareness campaign.,3615
4131,2025-10-24 19:25:30,Modi criticized the opposition for Modi issues.,4214
4132,2025-10-24 19:26:00,Rahul Gandhi criticized the opposition for Rahul Gandhi issues.,3021
4133,2025-10-24 19:26:30,campaign highlighted challenges in campaign programs.,3380
4134,2025-10-24 19:27:00,campaign urged citizens to support campaign initiatives.,3566
4135,2025-10-24 19:27:30,Rahul Gandhi spoke about recent improvements in Rahul Gandhi.,4442
4136,2025-10-24 19:28:00,corruption discussed the new corruption policy in India.,3046
4137,2025-10-24 19:28:30,Congress promised better Congress opportunities for youth.,2861
4138,2025-10-24 19:29:00,education highlighted challenges in education programs.,4572
4139,2025-10-24 19:29:30,BJP organized a large BJP awareness campaign.,3316
4140,2025-10-24 19:30:00,poll rally criticized the opposition for poll rally issues.,1186
4141,2025-10-24 19:30:30,Congress launched a rally focusing on Congress development.,2636
4142,2025-10-24 19:31:00,healthcare highlighted challenges in healthcare programs.,2777
4143,2025-10-24 19:31:30,development criticized the opposition for development issues.,2819
4144,2025-10-24 19:32:00,Election Commission promised better Election Commission opportunities for youth.,4661
4145,2025-10-24 19:32:30,manifesto highlighted challenges in manifesto programs.,994
4146,2025-10-24 19:33:00,Modi promised better Modi opportunities for youth.,2254
4147,2025-10-24 19:33:30,manifesto highlighted challenges in manifesto programs.,3991
4148,2025-10-24 19:34:00,jobs highlighted challenges in jobs programs.,2120
4149,2025-10-24 19:34:30,BJP launched a rally focusing on BJP development.,4641
4150,2025-10-24 19:35:00,jobs highlighted challenges in jobs programs.,1637
4151,2025-10-24 19:35:30,education criticized the opposition for education issues.,706
4152,2025-10-24 19:36:00,education debated on education reforms in Parliament.,243
4153,2025-10-24 19:36:30,Rahul Gandhi discussed the new Rahul Gandhi policy in India.,3207
4154,2025-10-24 19:37:00,Rahul Gandhi launched a rally focusing on Rahul Gandhi development.,1383
4155,2025-10-24 19:37:30,healthcare organized a large healthcare awareness campaign.,4783
4156,2025-10-24 19:38:00,jobs highlighted challenges in jobs programs.,1464
4157,2025-10-24 19:38:30,poll rally announced a major reform in poll rally sector.,1517
4158,2025-10-24 19:39:00,Rahul Gandhi debated on Rahul Gandhi reforms in Parliament.,1306
4159,2025-10-24 19:39:30,Modi launched a rally focusing on Modi development.,2491
4160,2025-10-24 19:40:00,education promised better education opportunities for youth.,741
4161,2025-10-24 19:40:30,manifesto launched a rally focusing on manifesto development.,4489
4162,2025-10-24 19:41:00,education announced a major reform in education sector.,710
4163,2025-10-24 19:41:30,infrastructure organized a large infrastructure awareness campaign.,3154
4164,2025-10-24 19:42:00,education promised better education opportunities for youth.,374
4165,2025-10-24 19:42:30,jobs spoke about recent improvements in jobs.,1415
4166,2025-10-24 19:43:00,jobs criticized the opposition for jobs issues.,2257
4167,2025-10-24 19:43:30,BJP spoke about recent improvements in BJP.,1156
4168,2025-10-24 19:44:00,corruption organized a large corruption awareness campaign.,1224
4169,2025-10-24 19:44:30,education criticized the opposition for education issues.,3771
4170,2025-10-24 19:45:00,infrastructure discussed the new infrastructure policy in India.,2606
4171,2025-10-24 19:45:30,Rahul Gandhi announced a major reform in Rahul Gandhi sector.,3583
4172,2025-10-24 19:46:00,poll rally discussed the new poll rally policy in India.,2625
4173,2025-10-24 19:46:30,healthcare promised better healthcare opportunities for youth.,4892
4174,2025-10-24 19:47:00,development promised better development opportunities for youth.,4413
4175,2025-10-24 19:47:30,Congress spoke about recent improvements in Congress.,1573
4176,2025-10-24 19:48:00,Congress organized a large Congress awareness campaign.,613
4177,2025-10-24 19:48:30,healthcare spoke about recent improvements in healthcare.,2770
4178,2025-10-24 19:49:00,jobs discussed the new jobs policy in India.,4556
4179,2025-10-24 19:49:30,Election Commission spoke about recent improvements in Election Commission.,1741
4180,2025-10-24 19:50:00,Modi announced a major reform in Modi sector.,3768
4181,2025-10-24 19:50:30,poll rally promised better poll rally opportunities for youth.,2327
4182,2025-10-24 19:51:00,Rahul Gandhi discussed the new Rahul Gandhi policy in India.,887
4183,2025-10-24 19:51:30,poll rally spoke about recent improvements in poll rally.,540
4184,2025-10-24 19:52:00,infrastructure urged citizens to support infrastructure initiatives.,3393
4185,2025-10-24 19:52:30,BJP organized a large BJP awareness campaign.,4977
4186,2025-10-24 19:53:00,Congress highlighted challenges in Congress programs.,1742
4187,2025-10-24 19:53:30,development debated on development reforms in Parliament.,3843
4188,2025-10-24 19:54:00,jobs spoke about recent improvements in jobs.,887
4189,2025-10-24 19:54:30,healthcare promised better healthcare opportunities for youth.,3942
4190,2025-10-24 19:55:00,corruption organized a large corruption awareness campaign.,2782
4191,2025-10-24 19:55:30,manifesto discussed the new manifesto policy in India.,368
4192,2025-10-24 19:56:00,education launched a rally focusing on education development.,1561
4193,2025-10-24 19:56:30,healthcare debated on healthcare reforms in Parliament.,711
4194,2025-10-24 19:57:00,jobs discussed the new jobs policy in India.,3628
4195,2025-10-24 19:57:30,campaign spoke about recent improvements in campaign.,291
4196,2025-10-24 19:58:00,Rahul Gandhi launched a rally focusing on Rahul Gandhi development.,3427
4197,2025-10-24 19:58:30,poll rally spoke about recent improvements in poll rally.,3916
4198,2025-10-24 19:59:00,infrastructure discussed the new infrastructure policy in India.,1017
4199,2025-10-24 19:59:30,Modi spoke about recent improvements in Modi.,860
4200,2025-10-24 20:00:00,healthcare spoke about recent improvements in healthcare.,985
4201,2025-10-24 20:00:30,infrastructure announced a major reform in infrastructure sector.,924
4202,2025-10-24 20:01:00,development spoke about recent improvements in development.,4131
4203,2025-10-24 20:01:30,corruption discussed the new corruption policy in India.,1234
4204,2025-10-24 20:02:00,jobs discussed the new jobs policy in India.,4565
4205,2025-10-24 20:02:30,manifesto urged citizens to support manifesto initiatives.,3530
4206,2025-10-24 20:03:00,infrastructure organized a large infrastructure awareness campaign.,3953
4207,2025-10-24 20:03:30,Rahul Gandhi highlighted challenges in Rahul Gandhi programs.,4272
4208,2025-10-24 20:04:00,jobs debated on jobs reforms in Parliament.,2196
4209,2025-10-24 20:04:30,manifesto announced a major reform in manifesto sector.,625
4210,2025-10-24 20:05:00,manifesto announced a major reform in manifesto sector.,2422
4211,2025-10-24 20:05:30,corruption launched a rally focusing on corruption development.,439
4212,2025-10-24 20:06:00,poll rally discussed the new poll rally policy in India.,1875
4213,2025-10-24 20:06:30,corruption urged citizens to support corruption initiatives.,1339
4214,2025-10-24 20:07:00,BJP announced a major reform in BJP sector.,594
4215,2025-10-24 20:07:30,corruption spoke about recent improvements in corruption.,250
4216,2025-10-24 20:08:00,corruption announced a major reform in corruption sector.,4707
4217,2025-10-24 20:08:30,Election Commission spoke about recent improvements in Election Commission.,4846
4218,2025-10-24 20:09:00,poll rally urged citizens to support poll rally initiatives.,4574
4219,2025-10-24 20:09:30,jobs discussed the new jobs policy in India.,961
4220,2025-10-24 20:10:00,Election Commission launched a rally focusing on Election Commission development.,899
4221,2025-10-24 20:10:30,digital India debated on digital India reforms in Parliament.,2907
4222,2025-10-24 20:11:00,infrastructure organized a large infrastructure awareness campaign.,4686
4223,2025-10-24 20:11:30,poll rally discussed the new poll rally policy in India.,2063
4224,2025-10-24 20:12:00,Modi promised better Modi opportunities for youth.,3753
4225,2025-10-24 20:12:30,Modi discussed the new Modi policy in India.,876
4226,2025-10-24 20:13:00,Congress discussed the new Congress policy in India.,4953
4227,2025-10-24 20:13:30,campaign organized a large campaign awareness campaign.,875
4228,2025-10-24 20:14:00,Modi promised better Modi opportunities for youth.,1656
4229,2025-10-24 20:14:30,jobs debated on jobs reforms in Parliament.,3504
4230,2025-10-24 20:15:00,poll rally highlighted challenges in poll rally programs.,2753
4231,2025-10-24 20:15:30,development spoke about recent improvements in development.,71
4232,2025-10-24 20:16:00,Modi urged citizens to support Modi initiatives.,4276
4233,2025-10-24 20:16:30,Rahul Gandhi spoke about recent improvements in Rahul Gandhi.,117
4234,2025-10-24 20:17:00,Election Commission announced a major reform in Election Commission sector.,508
4235,2025-10-24 20:17:30,Election Commission launched a rally focusing on Election Commission development.,3252
4236,2025-10-24 20:18:00,poll rally spoke about recent improvements in poll rally.,1003
4237,2025-10-24 20:18:30,digital India discussed the new digital India policy in India.,2670
4238,2025-10-24 20:19:00,digital India debated on digital India reforms in Parliament.,2112
4239,2025-10-24 20:19:30,infrastructure promised better infrastructure opportunities for youth.,3599
4240,2025-10-24 20:20:00,development announced a major reform in development sector.,1837
4241,2025-10-24 20:20:30,poll rally urged citizens to support poll rally initiatives.,610
4242,2025-10-24 20:21:00,healthcare discussed the new healthcare policy in India.,2317
4243,2025-10-24 20:21:30,infrastructure announced a major reform in infrastructure sector.,1937
4244,2025-10-24 20:22:00,Rahul Gandhi criticized the opposition for Rahul Gandhi issues.,3206
4245,2025-10-24 20:22:30,Rahul Gandhi promised better Rahul Gandhi opportunities for youth.,766
4246,2025-10-24 20:23:00,Election Commission promised better Election Commission opportunities for youth.,414
4247,2025-10-24 20:23:30,education debated on education reforms in Parliament.,4971
4248,2025-10-24 20:24:00,education launched a rally focusing on education development.,2824
4249,2025-10-24 20:24:30,Election Commission promised better Election Commission opportunities for youth.,4939
4250,2025-10-24 20:25:00,poll rally announced a major reform in poll rally sector.,290
4251,2025-10-24 20:25:30,BJP promised better BJP opportunities for youth.,2069
4252,2025-10-24 20:26:00,development launched a rally focusing on development development.,2887
4253,2025-10-24 20:26:30,Modi debated on Modi reforms in Parliament.,2155
4254,2025-10-24 20:27:00,Congress debated on Congress reforms in Parliament.,3462
4255,2025-10-24 20:27:30,BJP discussed the new BJP policy in India.,4907
4256,2025-10-24 20:28:00,jobs highlighted challenges in jobs programs.,2718
4257,2025-10-24 20:28:30,corruption highlighted challenges in corruption programs.,3558
4258,2025-10-24 20:29:00,Election Commission debated on Election Commission reforms in Parliament.,4198
4259,2025-10-24 20:29:30,education spoke about recent improvements in education.,2790
4260,2025-10-24 20:30:00,Rahul Gandhi promised better Rahul Gandhi opportunities for youth.,3911
4261,2025-10-24 20:30:30,healthcare discussed the new healthcare policy in India.,4211
4262,2025-10-24 20:31:00,jobs announced a major reform in jobs sector.,498
4263,2025-10-24 20:31:30,Congress launched a rally focusing on Congress development.,176
4264,2025-10-24 20:32:00,poll rally spoke about recent improvements in poll rally.,1476
4265,2025-10-24 20:32:30,infrastructure discussed the new infrastructure policy in India.,2295
4266,2025-10-24 20:33:00,infrastructure launched a rally focusing on infrastructure development.,1607
4267,2025-10-24 20:33:30,Congress promised better Congress opportunities for youth.,2978
4268,2025-10-24 20:34:00,poll rally organized a large poll rally awareness campaign.,1575
4269,2025-10-24 20:34:30,poll rally promised better poll rally opportunities for youth.,145
4270,2025-10-24 20:35:00,infrastructure highlighted challenges in infrastructure programs.,2038
4271,2025-10-24 20:35:30,infrastructure announced a major reform in infrastructure sector.,3049
4272,2025-10-24 20:36:00,education highlighted challenges in education programs.,3263
4273,2025-10-24 20:36:30,Modi discussed the new Modi policy in India.,2319
4274,2025-10-24 20:37:00,healthcare launched a rally focusing on healthcare development.,2268
4275,2025-10-24 20:37:30,Election Commission criticized the opposition for Election Commission issues.,3049
4276,2025-10-24 20:38:00,education launched a rally focusing on education development.,1569
4277,2025-10-24 20:38:30,development discussed the new development policy in India.,3236
4278,2025-10-24 20:39:00,Modi organized a large Modi awareness campaign.,2438
4279,2025-10-24 20:39:30,digital India promised better digital India opportunities for youth.,4724
4280,2025-10-24 20:40:00,Rahul Gandhi urged citizens to support Rahul Gandhi initiatives.,4194
4281,2025-10-24 20:40:30,manifesto discussed the new manifesto policy in India.,457
4282,2025-10-24 20:41:00,BJP highlighted challenges in BJP programs.,3712
4283,2025-10-24 20:41:30,Modi criticized the opposition for Modi issues.,2823
4284,2025-10-24 20:42:00,education highlighted challenges in education programs.,4311
4285,2025-10-24 20:42:30,infrastructure organized a large infrastructure awareness campaign.,676
4286,2025-10-24 20:43:00,Election Commission urged citizens to support Election Commission initiatives.,1927
4287,2025-10-24 20:43:30,Rahul Gandhi urged citizens to support Rahul Gandhi initiatives.,4285
4288,2025-10-24 20:44:00,campaign discussed the new campaign policy in India.,1022
4289,2025-10-24 20:44:30,Rahul Gandhi launched a rally focusing on Rahul Gandhi development.,236
4290,2025-10-24 20:45:00,BJP spoke about recent improvements in BJP.,3635
4291,2025-10-24 20:45:30,Congress announced a major reform in Congress sector.,1699
4292,2025-10-24 20:46:00,development organized a large development awareness campaign.,4416
4293,2025-10-24 20:46:30,education criticized the opposition for education issues.,732
4294,2025-10-24 20:47:00,Election Commission urged citizens to support Election Commission initiatives.,805
4295,2025-10-24 20:47:30,Election Commission spoke about recent improvements in Election Commission.,4536
4296,2025-10-24 20:48:00,healthcare spoke about recent improvements in healthcare.,4796
4297,2025-10-24 20:48:30,digital India announced a major reform in digital India sector.,2234
4298,2025-10-24 20:49:00,Rahul Gandhi organized a large Rahul Gandhi awareness campaign.,2002
4299,2025-10-24 20:49:30,healthcare promised better healthcare opportunities for youth.,1583
4300,2025-10-24 20:50:00,development discussed the new development policy in India.,1824
4301,2025-10-24 20:50:30,development announced a major reform in development sector.,2684
4302,2025-10-24 20:51:00,Rahul Gandhi announced a major reform in Rahul Gandhi sector.,2223
4303,2025-10-24 20:51:30,corruption organized a large corruption awareness campaign.,2443
4304,2025-10-24 20:52:00,campaign organized a large campaign awareness campaign.,2908
4305,2025-10-24 20:52:30,campaign announced a major reform in campaign sector.,596
4306,2025-10-24 20:53:00,Congress launched a rally focusing on Congress development.,2040
4307,2025-10-24 20:53:30,corruption urged citizens to support corruption initiatives.,4750
4308,2025-10-24 20:54:00,healthcare spoke about recent improvements in healthcare.,3286
4309,2025-10-24 20:54:30,Congress urged citizens to support Congress initiatives.,4698
4310,2025-10-24 20:55:00,development highlighted challenges in development programs.,1529
4311,2025-10-24 20:55:30,BJP spoke about recent improvements in BJP.,2657
4312,2025-10-24 20:56:00,education highlighted challenges in education programs.,2004
4313,2025-10-24 20:56:30,Modi urged citizens to support Modi initiatives.,2020
4314,2025-10-24 20:57:00,healthcare spoke about recent improvements in healthcare.,902
4315,2025-10-24 20:57:30,BJP discussed the new BJP policy in India.,1066
4316,2025-10-24 20:58:00,Election Commission urged citizens to support Election Commission initiatives.,3228
4317,2025-10-24 20:58:30,development highlighted challenges in development programs.,3764
4318,2025-10-24 20:59:00,jobs organized a large jobs awareness campaign.,4222
4319,2025-10-24 20:59:30,jobs highlighted challenges in jobs programs.,215
4320,2025-10-24 21:00:00,manifesto discussed the new manifesto policy in India.,2016
4321,2025-10-24 21:00:30,corruption spoke about recent improvements in corruption.,3185
4322,2025-10-24 21:01:00,education spoke about recent improvements in education.,3730
4323,2025-10-24 21:01:30,Modi organized a large Modi awareness campaign.,1040
4324,2025-10-24 21:02:00,Congress discussed the new Congress policy in India.,1684
4325,2025-10-24 21:02:30,jobs announced a major reform in jobs sector.,524
4326,2025-10-24 21:03:00,corruption launched a rally focusing on corruption development.,1637
4327,2025-10-24 21:03:30,poll rally urged citizens to support poll rally initiatives.,2693
4328,2025-10-24 21:04:00,digital India urged citizens to support digital India initiatives.,3192
4329,2025-10-24 21:04:30,jobs announced a major reform in jobs sector.,2114
4330,2025-10-24 21:05:00,digital India announced a major reform in digital India sector.,4030
4331,2025-10-24 21:05:30,corruption criticized the opposition for corruption issues.,1775
4332,2025-10-24 21:06:00,Rahul Gandhi promised better Rahul Gandhi opportunities for youth.,4681
4333,2025-10-24 21:06:30,education highlighted challenges in education programs.,577
4334,2025-10-24 21:07:00,Modi spoke about recent improvements in Modi.,1496
4335,2025-10-24 21:07:30,healthcare urged citizens to support healthcare initiatives.,4213
4336,2025-10-24 21:08:00,Rahul Gandhi debated on Rahul Gandhi reforms in Parliament.,733
4337,2025-10-24 21:08:30,digital India promised better digital India opportunities for youth.,2122
4338,2025-10-24 21:09:00,poll rally discussed the new poll rally policy in India.,4981
4339,2025-10-24 21:09:30,healthcare organized a large healthcare awareness campaign.,3011
4340,2025-10-24 21:10:00,Modi announced a major reform in Modi sector.,2996
4341,2025-10-24 21:10:30,healthcare discussed the new healthcare policy in India.,3306
4342,2025-10-24 21:11:00,Modi announced a major reform in Modi sector.,3464
4343,2025-10-24 21:11:30,jobs criticized the opposition for jobs issues.,2692
4344,2025-10-24 21:12:00,digital India promised better digital India opportunities for youth.,4262
4345,2025-10-24 21:12:30,development highlighted challenges in development programs.,4388
4346,2025-10-24 21:13:00,Modi discussed the new Modi policy in India.,4332
4347,2025-10-24 21:13:30,poll rally launched a rally focusing on poll rally development.,3489
4348,2025-10-24 21:14:00,infrastructure spoke about recent improvements in infrastructure.,1286
4349,2025-10-24 21:14:30,Modi promised better Modi opportunities for youth.,3864
4350,2025-10-24 21:15:00,corruption launched a rally focusing on corruption development.,2687
4351,2025-10-24 21:15:30,digital India debated on digital India reforms in Parliament.,2027
4352,2025-10-24 21:16:00,development spoke about recent improvements in development.,1335
4353,2025-10-24 21:16:30,corruption spoke about recent improvements in corruption.,2000
4354,2025-10-24 21:17:00,jobs organized a large jobs awareness campaign.,4683
4355,2025-10-24 21:17:30,development discussed the new development policy in India.,3087
4356,2025-10-24 21:18:00,Modi highlighted challenges in Modi programs.,3247
4357,2025-10-24 21:18:30,BJP announced a major reform in BJP sector.,375
4358,2025-10-24 21:19:00,campaign urged citizens to support campaign initiatives.,2325
4359,2025-10-24 21:19:30,Election Commission urged citizens to support Election Commission initiatives.,3388
4360,2025-10-24 21:20:00,jobs highlighted challenges in jobs programs.,373
4361,2025-10-24 21:20:30,poll rally announced a major reform in poll rally sector.,509
4362,2025-10-24 21:21:00,Congress promised better Congress opportunities for youth.,311
4363,2025-10-24 21:21:30,Rahul Gandhi discussed the new Rahul Gandhi policy in India.,2512
4364,2025-10-24 21:22:00,Modi criticized the opposition for Modi issues.,403
4365,2025-10-24 21:22:30,Congress announced a major reform in Congress sector.,2131
4366,2025-10-24 21:23:00,healthcare criticized the opposition for healthcare issues.,2181
4367,2025-10-24 21:23:30,Modi urged citizens to support Modi initiatives.,187
4368,2025-10-24 21:24:00,jobs organized a large jobs awareness campaign.,1002
4369,2025-10-24 21:24:30,infrastructure discussed the new infrastructure policy in India.,272
4370,2025-10-24 21:25:00,digital India organized a large digital India awareness campaign.,4646
4371,2025-10-24 21:25:30,manifesto debated on manifesto reforms in Parliament.,2030
4372,2025-10-24 21:26:00,digital India promised better digital India opportunities for youth.,1703
4373,2025-10-24 21:26:30,jobs criticized the opposition for jobs issues.,3773
4374,2025-10-24 21:27:00,digital India spoke about recent improvements in digital India.,1616
4375,2025-10-24 21:27:30,Rahul Gandhi urged citizens to support Rahul Gandhi initiatives.,4415
4376,2025-10-24 21:28:00,Rahul Gandhi debated on Rahul Gandhi reforms in Parliament.,1548
4377,2025-10-24 21:28:30,healthcare launched a rally focusing on healthcare development.,3516
4378,2025-10-24 21:29:00,manifesto urged citizens to support manifesto initiatives.,3743
4379,2025-10-24 21:29:30,corruption announced a major reform in corruption sector.,3127
4380,2025-10-24 21:30:00,Election Commission launched a rally focusing on Election Commission development.,1575
4381,2025-10-24 21:30:30,digital India debated on digital India reforms in Parliament.,593
4382,2025-10-24 21:31:00,Modi criticized the opposition for Modi issues.,2267
4383,2025-10-24 21:31:30,campaign launched a rally focusing on campaign development.,3169
4384,2025-10-24 21:32:00,Congress debated on Congress reforms in Parliament.,4548
4385,2025-10-24 21:32:30,corruption organized a large corruption awareness campaign.,507
4386,2025-10-24 21:33:00,Modi organized a large Modi awareness campaign.,3264
4387,2025-10-24 21:33:30,infrastructure spoke about recent improvements in infrastructure.,2273
4388,2025-10-24 21:34:00,BJP urged citizens to support BJP initiatives.,3536
4389,2025-10-24 21:34:30,Election Commission debated on Election Commission reforms in Parliament.,1623
4390,2025-10-24 21:35:00,Modi promised better Modi opportunities for youth.,2754
4391,2025-10-24 21:35:30,digital India spoke about recent improvements in digital India.,3570
4392,2025-10-24 21:36:00,poll rally organized a large poll rally awareness campaign.,1263
4393,2025-10-24 21:36:30,education spoke about recent improvements in education.,4617
4394,2025-10-24 21:37:00,Modi organized a large Modi awareness campaign.,2954
4395,2025-10-24 21:37:30,jobs highlighted challenges in jobs programs.,395
4396,2025-10-24 21:38:00,BJP criticized the opposition for BJP issues.,1085
4397,2025-10-24 21:38:30,education criticized the opposition for education issues.,2190
4398,2025-10-24 21:39:00,digital India launched a rally focusing on digital India development.,2981
4399,2025-10-24 21:39:30,campaign criticized the opposition for campaign issues.,997
4400,2025-10-24 21:40:00,infrastructure highlighted challenges in infrastructure programs.,2945
4401,2025-10-24 21:40:30,BJP announced a major reform in BJP sector.,943
4402,2025-10-24 21:41:00,corruption launched a rally focusing on corruption development.,2506
4403,2025-10-24 21:41:30,corruption criticized the opposition for corruption issues.,1167
4404,2025-10-24 21:42:00,campaign debated on campaign reforms in Parliament.,3492
4405,2025-10-24 21:42:30,BJP promised better BJP opportunities for youth.,1055
4406,2025-10-24 21:43:00,BJP urged citizens to support BJP initiatives.,4941
4407,2025-10-24 21:43:30,education urged citizens to support education initiatives.,1414
4408,2025-10-24 21:44:00,manifesto criticized the opposition for manifesto issues.,3479
4409,2025-10-24 21:44:30,education organized a large education awareness campaign.,4086
4410,2025-10-24 21:45:00,Congress urged citizens to support Congress initiatives.,883
4411,2025-10-24 21:45:30,education promised better education opportunities for youth.,2042
4412,2025-10-24 21:46:00,healthcare spoke about recent improvements in healthcare.,1767
4413,2025-10-24 21:46:30,corruption launched a rally focusing on corruption development.,4461
4414,2025-10-24 21:47:00,Modi criticized the opposition for Modi issues.,2585
4415,2025-10-24 21:47:30,campaign criticized the opposition for campaign issues.,731
4416,2025-10-24 21:48:00,development launched a rally focusing on development development.,144
4417,2025-10-24 21:48:30,campaign urged citizens to support campaign initiatives.,3309
4418,2025-10-24 21:49:00,Election Commission highlighted challenges in Election Commission programs.,261
4419,2025-10-24 21:49:30,corruption announced a major reform in corruption sector.,1038
4420,2025-10-24 21:50:00,BJP organized a large BJP awareness campaign.,3743
4421,2025-10-24 21:50:30,corruption organized a large corruption awareness campaign.,3894
4422,2025-10-24 21:51:00,infrastructure launched a rally focusing on infrastructure development.,4963
4423,2025-10-24 21:51:30,campaign launched a rally focusing on campaign development.,4500
4424,2025-10-24 21:52:00,digital India launched a rally focusing on digital India development.,4233
4425,2025-10-24 21:52:30,digital India organized a large digital India awareness campaign.,547
4426,2025-10-24 21:53:00,infrastructure urged citizens to support infrastructure initiatives.,2191
4427,2025-10-24 21:53:30,digital India launched a rally focusing on digital India development.,950
4428,2025-10-24 21:54:00,corruption announced a major reform in corruption sector.,255
4429,2025-10-24 21:54:30,digital India urged citizens to support digital India initiatives.,102
4430,2025-10-24 21:55:00,infrastructure promised better infrastructure opportunities for youth.,1984
4431,2025-10-24 21:55:30,infrastructure discussed the new infrastructure policy in India.,4504
4432,2025-10-24 21:56:00,healthcare discussed the new healthcare policy in India.,1874
4433,2025-10-24 21:56:30,poll rally launched a rally focusing on poll rally development.,398
4434,2025-10-24 21:57:00,Congress debated on Congress reforms in Parliament.,2592
4435,2025-10-24 21:57:30,education criticized the opposition for education issues.,943
4436,2025-10-24 21:58:00,digital India debated on digital India reforms in Parliament.,2763
4437,2025-10-24 21:58:30,manifesto promised better manifesto opportunities for youth.,1042
4438,2025-10-24 21:59:00,education highlighted challenges in education programs.,4180
4439,2025-10-24 21:59:30,development launched a rally focusing on development development.,4899
4440,2025-10-24 22:00:00,poll rally organized a large poll rally awareness campaign.,3994
4441,2025-10-24 22:00:30,Election Commission organized a large Election Commission awareness campaign.,2566
4442,2025-10-24 22:01:00,education launched a rally focusing on education development.,2313
4443,2025-10-24 22:01:30,development debated on development reforms in Parliament.,3919
4444,2025-10-24 22:02:00,development highlighted challenges in development programs.,887
4445,2025-10-24 22:02:30,Modi announced a major reform in Modi sector.,4070
4446,2025-10-24 22:03:00,Modi announced a major reform in Modi sector.,1987
4447,2025-10-24 22:03:30,poll rally spoke about recent improvements in poll rally.,4794
4448,2025-10-24 22:04:00,development debated on development reforms in Parliament.,1307
4449,2025-10-24 22:04:30,Election Commission spoke about recent improvements in Election Commission.,4356
4450,2025-10-24 22:05:00,healthcare criticized the opposition for healthcare issues.,3066
4451,2025-10-24 22:05:30,infrastructure urged citizens to support infrastructure initiatives.,2873
4452,2025-10-24 22:06:00,development criticized the opposition for development issues.,4951
4453,2025-10-24 22:06:30,campaign spoke about recent improvements in campaign.,3545
4454,2025-10-24 22:07:00,Election Commission urged citizens to support Election Commission initiatives.,1737
4455,2025-10-24 22:07:30,BJP launched a rally focusing on BJP development.,421
4456,2025-10-24 22:08:00,manifesto promised better manifesto opportunities for youth.,139
4457,2025-10-24 22:08:30,poll rally highlighted challenges in poll rally programs.,4730
4458,2025-10-24 22:09:00,healthcare discussed the new healthcare policy in India.,856
4459,2025-10-24 22:09:30,Congress announced a major reform in Congress sector.,2194
4460,2025-10-24 22:10:00,education launched a rally focusing on education development.,3540
4461,2025-10-24 22:10:30,corruption launched a rally focusing on corruption development.,734
4462,2025-10-24 22:11:00,BJP urged citizens to support BJP initiatives.,2382
4463,2025-10-24 22:11:30,digital India debated on digital India reforms in Parliament.,1843
4464,2025-10-24 22:12:00,Rahul Gandhi criticized the opposition for Rahul Gandhi issues.,1612
4465,2025-10-24 22:12:30,development organized a large development awareness campaign.,36
4466,2025-10-24 22:13:00,healthcare urged citizens to support healthcare initiatives.,3053
4467,2025-10-24 22:13:30,poll rally launched a rally focusing on poll rally development.,3372
4468,2025-10-24 22:14:00,poll rally launched a rally focusing on poll rally development.,4050
4469,2025-10-24 22:14:30,Modi highlighted challenges in Modi programs.,86
4470,2025-10-24 22:15:00,digital India urged citizens to support digital India initiatives.,389
4471,2025-10-24 22:15:30,education launched a rally focusing on education development.,4783
4472,2025-10-24 22:16:00,digital India announced a major reform in digital India sector.,2568
4473,2025-10-24 22:16:30,Election Commission launched a rally focusing on Election Commission development.,838
4474,2025-10-24 22:17:00,healthcare announced a major reform in healthcare sector.,2184
4475,2025-10-24 22:17:30,Rahul Gandhi discussed the new Rahul Gandhi policy in India.,494
4476,2025-10-24 22:18:00,healthcare launched a rally focusing on healthcare development.,738
4477,2025-10-24 22:18:30,development organized a large development awareness campaign.,4914
4478,2025-10-24 22:19:00,jobs promised better jobs opportunities for youth.,2914
4479,2025-10-24 22:19:30,development discussed the new development policy in India.,2452
4480,2025-10-24 22:20:00,manifesto announced a major reform in manifesto sector.,1717
4481,2025-10-24 22:20:30,Election Commission criticized the opposition for Election Commission issues.,1312
4482,2025-10-24 22:21:00,Modi criticized the opposition for Modi issues.,2998
4483,2025-10-24 22:21:30,manifesto urged citizens to support manifesto initiatives.,3667
4484,2025-10-24 22:22:00,education criticized the opposition for education issues.,3413
4485,2025-10-24 22:22:30,BJP discussed the new BJP policy in India.,105
4486,2025-10-24 22:23:00,corruption debated on corruption reforms in Parliament.,52
4487,2025-10-24 22:23:30,jobs highlighted challenges in jobs programs.,3687
4488,2025-10-24 22:24:00,infrastructure discussed the new infrastructure policy in India.,4944
4489,2025-10-24 22:24:30,Congress criticized the opposition for Congress issues.,507
4490,2025-10-24 22:25:00,Rahul Gandhi highlighted challenges in Rahul Gandhi programs.,3881
4491,2025-10-24 22:25:30,campaign launched a rally focusing on campaign development.,1127
4492,2025-10-24 22:26:00,corruption debated on corruption reforms in Parliament.,4511
4493,2025-10-24 22:26:30,healthcare discussed the new healthcare policy in India.,3600
4494,2025-10-24 22:27:00,digital India urged citizens to support digital India initiatives.,774
4495,2025-10-24 22:27:30,healthcare urged citizens to support healthcare initiatives.,2955
4496,2025-10-24 22:28:00,development urged citizens to support development initiatives.,57
4497,2025-10-24 22:28:30,Election Commission discussed the new Election Commission policy in India.,1826
4498,2025-10-24 22:29:00,BJP urged citizens to support BJP initiatives.,272
4499,2025-10-24 22:29:30,manifesto promised better manifesto opportunities for youth.,4198
4500,2025-10-24 22:30:00,infrastructure discussed the new infrastructure policy in India.,865
4501,2025-10-24 22:30:30,Modi urged citizens to support Modi initiatives.,4247
4502,2025-10-24 22:31:00,infrastructure criticized the opposition for infrastructure issues.,1879
4503,2025-10-24 22:31:30,education discussed the new education policy in India.,2858
4504,2025-10-24 22:32:00,Election Commission criticized the opposition for Election Commission issues.,335
4505,2025-10-24 22:32:30,campaign launched a rally focusing on campaign development.,4333
4506,2025-10-24 22:33:00,digital India debated on digital India reforms in Parliament.,4644
4507,2025-10-24 22:33:30,BJP announced a major reform in BJP sector.,2520
4508,2025-10-24 22:34:00,manifesto highlighted challenges in manifesto programs.,4390
4509,2025-10-24 22:34:30,BJP debated on BJP reforms in Parliament.,3430
4510,2025-10-24 22:35:00,Election Commission promised better Election Commission opportunities for youth.,1111
4511,2025-10-24 22:35:30,development announced a major reform in development sector.,2789
4512,2025-10-24 22:36:00,corruption discussed the new corruption policy in India.,4953
4513,2025-10-24 22:36:30,corruption debated on corruption reforms in Parliament.,1442
4514,2025-10-24 22:37:00,Election Commission urged citizens to support Election Commission initiatives.,388
4515,2025-10-24 22:37:30,healthcare announced a major reform in healthcare sector.,2048
4516,2025-10-24 22:38:00,digital India launched a rally focusing on digital India development.,1952
4517,2025-10-24 22:38:30,education criticized the opposition for education issues.,500
4518,2025-10-24 22:39:00,jobs spoke about recent improvements in jobs.,3432
4519,2025-10-24 22:39:30,jobs spoke about recent improvements in jobs.,4242
4520,2025-10-24 22:40:00,Election Commission promised better Election Commission opportunities for youth.,3208
4521,2025-10-24 22:40:30,jobs spoke about recent improvements in jobs.,4323
4522,2025-10-24 22:41:00,Rahul Gandhi spoke about recent improvements in Rahul Gandhi.,101
4523,2025-10-24 22:41:30,jobs promised better jobs opportunities for youth.,1061
4524,2025-10-24 22:42:00,jobs criticized the opposition for jobs issues.,529
4525,2025-10-24 22:42:30,Congress spoke about recent improvements in Congress.,4675
4526,2025-10-24 22:43:00,campaign launched a rally focusing on campaign development.,4918
4527,2025-10-24 22:43:30,infrastructure highlighted challenges in infrastructure programs.,3872
4528,2025-10-24 22:44:00,digital India debated on digital India reforms in Parliament.,3996
4529,2025-10-24 22:44:30,Congress urged citizens to support Congress initiatives.,617
4530,2025-10-24 22:45:00,corruption launched a rally focusing on corruption development.,1616
4531,2025-10-24 22:45:30,jobs highlighted challenges in jobs programs.,4310
4532,2025-10-24 22:46:00,corruption highlighted challenges in corruption programs.,3879
4533,2025-10-24 22:46:30,jobs debated on jobs reforms in Parliament.,2158
4534,2025-10-24 22:47:00,corruption criticized the opposition for corruption issues.,3774
4535,2025-10-24 22:47:30,digital India urged citizens to support digital India initiatives.,1069
4536,2025-10-24 22:48:00,digital India debated on digital India reforms in Parliament.,4831
4537,2025-10-24 22:48:30,Modi promised better Modi opportunities for youth.,2044
4538,2025-10-24 22:49:00,education promised better education opportunities for youth.,1337
4539,2025-10-24 22:49:30,development spoke about recent improvements in development.,678
4540,2025-10-24 22:50:00,corruption criticized the opposition for corruption issues.,2982
4541,2025-10-24 22:50:30,healthcare organized a large healthcare awareness campaign.,3546
4542,2025-10-24 22:51:00,digital India debated on digital India reforms in Parliament.,4478
4543,2025-10-24 22:51:30,infrastructure debated on infrastructure reforms in Parliament.,3587
4544,2025-10-24 22:52:00,poll rally urged citizens to support poll rally initiatives.,1593
4545,2025-10-24 22:52:30,Election Commission debated on Election Commission reforms in Parliament.,2636
4546,2025-10-24 22:53:00,healthcare urged citizens to support healthcare initiatives.,153
4547,2025-10-24 22:53:30,Rahul Gandhi urged citizens to support Rahul Gandhi initiatives.,2602
4548,2025-10-24 22:54:00,infrastructure criticized the opposition for infrastructure issues.,2909
4549,2025-10-24 22:54:30,manifesto criticized the opposition for manifesto issues.,3242
4550,2025-10-24 22:55:00,Modi announced a major reform in Modi sector.,3011
4551,2025-10-24 22:55:30,digital India launched a rally focusing on digital India development.,3412
4552,2025-10-24 22:56:00,poll rally announced a major reform in poll rally sector.,1682
4553,2025-10-24 22:56:30,Congress organized a large Congress awareness campaign.,4241
4554,2025-10-24 22:57:00,Election Commission criticized the opposition for Election Commission issues.,2379
4555,2025-10-24 22:57:30,healthcare promised better healthcare opportunities for youth.,1809
4556,2025-10-24 22:58:00,Rahul Gandhi launched a rally focusing on Rahul Gandhi development.,2842
4557,2025-10-24 22:58:30,campaign organized a large campaign awareness campaign.,953
4558,2025-10-24 22:59:00,education urged citizens to support education initiatives.,2956
4559,2025-10-24 22:59:30,Election Commission discussed the new Election Commission policy in India.,4738
4560,2025-10-24 23:00:00,Rahul Gandhi announced a major reform in Rahul Gandhi sector.,932
4561,2025-10-24 23:00:30,corruption debated on corruption reforms in Parliament.,4126
4562,2025-10-24 23:01:00,campaign highlighted challenges in campaign programs.,4009
4563,2025-10-24 23:01:30,jobs debated on jobs reforms in Parliament.,3703
4564,2025-10-24 23:02:00,Modi debated on Modi reforms in Parliament.,926
4565,2025-10-24 23:02:30,poll rally announced a major reform in poll rally sector.,1325
4566,2025-10-24 23:03:00,infrastructure urged citizens to support infrastructure initiatives.,2484
4567,2025-10-24 23:03:30,campaign criticized the opposition for campaign issues.,3413
4568,2025-10-24 23:04:00,education launched a rally focusing on education development.,3856
4569,2025-10-24 23:04:30,Modi highlighted challenges in Modi programs.,3418
4570,2025-10-24 23:05:00,Election Commission spoke about recent improvements in Election Commission.,661
4571,2025-10-24 23:05:30,education launched a rally focusing on education development.,1580
4572,2025-10-24 23:06:00,healthcare announced a major reform in healthcare sector.,3416
4573,2025-10-24 23:06:30,jobs highlighted challenges in jobs programs.,2872
4574,2025-10-24 23:07:00,education criticized the opposition for education issues.,1253
4575,2025-10-24 23:07:30,corruption launched a rally focusing on corruption development.,2266
4576,2025-10-24 23:08:00,healthcare criticized the opposition for healthcare issues.,4192
4577,2025-10-24 23:08:30,campaign discussed the new campaign policy in India.,4762
4578,2025-10-24 23:09:00,Rahul Gandhi launched a rally focusing on Rahul Gandhi development.,490
4579,2025-10-24 23:09:30,healthcare highlighted challenges in healthcare programs.,473
4580,2025-10-24 23:10:00,infrastructure spoke about recent improvements in infrastructure.,3535
4581,2025-10-24 23:10:30,campaign criticized the opposition for campaign issues.,115
4582,2025-10-24 23:11:00,development urged citizens to support development initiatives.,1473
4583,2025-10-24 23:11:30,healthcare launched a rally focusing on healthcare development.,967
4584,2025-10-24 23:12:00,poll rally criticized the opposition for poll rally issues.,3169
4585,2025-10-24 23:12:30,jobs discussed the new jobs policy in India.,2659
4586,2025-10-24 23:13:00,Congress discussed the new Congress policy in India.,1560
4587,2025-10-24 23:13:30,development urged citizens to support development initiatives.,4566
4588,2025-10-24 23:14:00,infrastructure promised better infrastructure opportunities for youth.,1672
4589,2025-10-24 23:14:30,infrastructure organized a large infrastructure awareness campaign.,4345
4590,2025-10-24 23:15:00,Modi launched a rally focusing on Modi development.,3591
4591,2025-10-24 23:15:30,campaign spoke about recent improvements in campaign.,3660
4592,2025-10-24 23:16:00,healthcare announced a major reform in healthcare sector.,2347
4593,2025-10-24 23:16:30,Congress discussed the new Congress policy in India.,2053
4594,2025-10-24 23:17:00,jobs highlighted challenges in jobs programs.,1404
4595,2025-10-24 23:17:30,campaign urged citizens to support campaign initiatives.,681
4596,2025-10-24 23:18:00,Modi promised better Modi opportunities for youth.,2001
4597,2025-10-24 23:18:30,Congress highlighted challenges in Congress programs.,150
4598,2025-10-24 23:19:00,BJP urged citizens to support BJP initiatives.,1464
4599,2025-10-24 23:19:30,infrastructure highlighted challenges in infrastructure programs.,315
4600,2025-10-24 23:20:00,campaign promised better campaign opportunities for youth.,277
4601,2025-10-24 23:20:30,BJP spoke about recent improvements in BJP.,1905
4602,2025-10-24 23:21:00,Rahul Gandhi organized a large Rahul Gandhi awareness campaign.,800
4603,2025-10-24 23:21:30,education criticized the opposition for education issues.,3312
4604,2025-10-24 23:22:00,Modi launched a rally focusing on Modi development.,4034
4605,2025-10-24 23:22:30,BJP criticized the opposition for BJP issues.,532
4606,2025-10-24 23:23:00,Congress highlighted challenges in Congress programs.,3070
4607,2025-10-24 23:23:30,Rahul Gandhi launched a rally focusing on Rahul Gandhi development.,4256
4608,2025-10-24 23:24:00,education criticized the opposition for education issues.,3239
4609,2025-10-24 23:24:30,corruption organized a large corruption awareness campaign.,1521
4610,2025-10-24 23:25:00,development organized a large development awareness campaign.,3623
4611,2025-10-24 23:25:30,corruption discussed the new corruption policy in India.,4921
4612,2025-10-24 23:26:00,infrastructure discussed the new infrastructure policy in India.,4229
4613,2025-10-24 23:26:30,education criticized the opposition for education issues.,693
4614,2025-10-24 23:27:00,BJP spoke about recent improvements in BJP.,10
4615,2025-10-24 23:27:30,Election Commission spoke about recent improvements in Election Commission.,1908
4616,2025-10-24 23:28:00,BJP promised better BJP opportunities for youth.,1349
4617,2025-10-24 23:28:30,jobs spoke about recent improvements in jobs.,4609
4618,2025-10-24 23:29:00,Modi launched a rally focusing on Modi development.,109
4619,2025-10-24 23:29:30,Modi highlighted challenges in Modi programs.,2386
4620,2025-10-24 23:30:00,Election Commission launched a rally focusing on Election Commission development.,3780
4621,2025-10-24 23:30:30,Congress spoke about recent improvements in Congress.,1970
4622,2025-10-24 23:31:00,digital India announced a major reform in digital India sector.,980
4623,2025-10-24 23:31:30,BJP debated on BJP reforms in Parliament.,4991
4624,2025-10-24 23:32:00,jobs debated on jobs reforms in Parliament.,3446
4625,2025-10-24 23:32:30,Modi debated on Modi reforms in Parliament.,446
4626,2025-10-24 23:33:00,jobs debated on jobs reforms in Parliament.,3776
4627,2025-10-24 23:33:30,infrastructure debated on infrastructure reforms in Parliament.,517
4628,2025-10-24 23:34:00,Rahul Gandhi debated on Rahul Gandhi reforms in Parliament.,619
4629,2025-10-24 23:34:30,development promised better development opportunities for youth.,2752
4630,2025-10-24 23:35:00,Rahul Gandhi launched a rally focusing on Rahul Gandhi development.,2044
4631,2025-10-24 23:35:30,jobs promised better jobs opportunities for youth.,2726
4632,2025-10-24 23:36:00,BJP organized a large BJP awareness campaign.,736
4633,2025-10-24 23:36:30,development discussed the new development policy in India.,799
4634,2025-10-24 23:37:00,Modi promised better Modi opportunities for youth.,3090
4635,2025-10-24 23:37:30,jobs launched a rally focusing on jobs development.,4475
4636,2025-10-24 23:38:00,BJP launched a rally focusing on BJP development.,4005
4637,2025-10-24 23:38:30,corruption criticized the opposition for corruption issues.,4296
4638,2025-10-24 23:39:00,Modi launched a rally focusing on Modi development.,1120
4639,2025-10-24 23:39:30,Election Commission debated on Election Commission reforms in Parliament.,3928
4640,2025-10-24 23:40:00,education highlighted challenges in education programs.,551
4641,2025-10-24 23:40:30,campaign discussed the new campaign policy in India.,3292
4642,2025-10-24 23:41:00,manifesto urged citizens to support manifesto initiatives.,487
4643,2025-10-24 23:41:30,corruption debated on corruption reforms in Parliament.,1728
4644,2025-10-24 23:42:00,poll rally debated on poll rally reforms in Parliament.,3970
4645,2025-10-24 23:42:30,manifesto announced a major reform in manifesto sector.,4558
4646,2025-10-24 23:43:00,development launched a rally focusing on development development.,1877
4647,2025-10-24 23:43:30,campaign announced a major reform in campaign sector.,2873
4648,2025-10-24 23:44:00,manifesto spoke about recent improvements in manifesto.,2006
4649,2025-10-24 23:44:30,poll rally announced a major reform in poll rally sector.,2882
4650,2025-10-24 23:45:00,development criticized the opposition for development issues.,1026
4651,2025-10-24 23:45:30,education discussed the new education policy in India.,3006
4652,2025-10-24 23:46:00,manifesto discussed the new manifesto policy in India.,975
4653,2025-10-24 23:46:30,Congress launched a rally focusing on Congress development.,714
4654,2025-10-24 23:47:00,campaign spoke about recent improvements in campaign.,348
4655,2025-10-24 23:47:30,jobs urged citizens to support jobs initiatives.,2083
4656,2025-10-24 23:48:00,Congress organized a large Congress awareness campaign.,1068
4657,2025-10-24 23:48:30,corruption criticized the opposition for corruption issues.,237
4658,2025-10-24 23:49:00,infrastructure debated on infrastructure reforms in Parliament.,3382
4659,2025-10-24 23:49:30,education organized a large education awareness campaign.,134
4660,2025-10-24 23:50:00,development discussed the new development policy in India.,1594
4661,2025-10-24 23:50:30,Rahul Gandhi announced a major reform in Rahul Gandhi sector.,220
4662,2025-10-24 23:51:00,infrastructure criticized the opposition for infrastructure issues.,4790
4663,2025-10-24 23:51:30,poll rally organized a large poll rally awareness campaign.,1194
4664,2025-10-24 23:52:00,jobs spoke about recent improvements in jobs.,3186
4665,2025-10-24 23:52:30,campaign criticized the opposition for campaign issues.,3562
4666,2025-10-24 23:53:00,manifesto criticized the opposition for manifesto issues.,296
4667,2025-10-24 23:53:30,BJP urged citizens to support BJP initiatives.,2954
4668,2025-10-24 23:54:00,Congress highlighted challenges in Congress programs.,1953
4669,2025-10-24 23:54:30,infrastructure spoke about recent improvements in infrastructure.,2714
4670,2025-10-24 23:55:00,healthcare launched a rally focusing on healthcare development.,2569
4671,2025-10-24 23:55:30,manifesto promised better manifesto opportunities for youth.,848
4672,2025-10-24 23:56:00,Modi promised better Modi opportunities for youth.,570
4673,2025-10-24 23:56:30,jobs announced a major reform in jobs sector.,439
4674,2025-10-24 23:57:00,healthcare highlighted challenges in healthcare programs.,1337
4675,2025-10-24 23:57:30,healthcare highlighted challenges in healthcare programs.,3046
4676,2025-10-24 23:58:00,corruption announced a major reform in corruption sector.,3316
4677,2025-10-24 23:58:30,education highlighted challenges in education programs.,396
4678,2025-10-24 23:59:00,development highlighted challenges in development programs.,4445
4679,2025-10-24 23:59:30,campaign discussed the new campaign policy in India.,916
4680,2025-10-25 00:00:00,Congress discussed the new Congress policy in India.,1985
4681,2025-10-25 00:00:30,jobs launched a rally focusing on jobs development.,4156
4682,2025-10-25 00:01:00,poll rally highlighted challenges in poll rally programs.,1495
4683,2025-10-25 00:01:30,jobs launched a rally focusing on jobs development.,1579
4684,2025-10-25 00:02:00,healthcare criticized the opposition for healthcare issues.,520
4685,2025-10-25 00:02:30,development urged citizens to support development initiatives.,911
4686,2025-10-25 00:03:00,Election Commission criticized the opposition for Election Commission issues.,1128
4687,2025-10-25 00:03:30,education spoke about recent improvements in education.,1133
4688,2025-10-25 00:04:00,healthcare promised better healthcare opportunities for youth.,2646
4689,2025-10-25 00:04:30,Election Commission criticized the opposition for Election Commission issues.,2099
4690,2025-10-25 00:05:00,Election Commission spoke about recent improvements in Election Commission.,420
4691,2025-10-25 00:05:30,Election Commission highlighted challenges in Election Commission programs.,3835
4692,2025-10-25 00:06:00,campaign debated on campaign reforms in Parliament.,3217
4693,2025-10-25 00:06:30,manifesto debated on manifesto reforms in Parliament.,4531
4694,2025-10-25 00:07:00,Rahul Gandhi discussed the new Rahul Gandhi policy in India.,4115
4695,2025-10-25 00:07:30,Congress announced a major reform in Congress sector.,1168
4696,2025-10-25 00:08:00,BJP promised better BJP opportunities for youth.,809
4697,2025-10-25 00:08:30,manifesto announced a major reform in manifesto sector.,2820
4698,2025-10-25 00:09:00,digital India promised better digital India opportunities for youth.,1493
4699,2025-10-25 00:09:30,digital India promised better digital India opportunities for youth.,2525
4700,2025-10-25 00:10:00,corruption spoke about recent improvements in corruption.,3471
4701,2025-10-25 00:10:30,manifesto criticized the opposition for manifesto issues.,1359
4702,2025-10-25 00:11:00,BJP urged citizens to support BJP initiatives.,1410
4703,2025-10-25 00:11:30,manifesto spoke about recent improvements in manifesto.,193
4704,2025-10-25 00:12:00,healthcare highlighted challenges in healthcare programs.,639
4705,2025-10-25 00:12:30,BJP launched a rally focusing on BJP development.,4846
4706,2025-10-25 00:13:00,campaign promised better campaign opportunities for youth.,222
4707,2025-10-25 00:13:30,digital India discussed the new digital India policy in India.,1114
4708,2025-10-25 00:14:00,infrastructure highlighted challenges in infrastructure programs.,2043
4709,2025-10-25 00:14:30,poll rally discussed the new poll rally policy in India.,89
4710,2025-10-25 00:15:00,Modi announced a major reform in Modi sector.,1593
4711,2025-10-25 00:15:30,healthcare debated on healthcare reforms in Parliament.,2948
4712,2025-10-25 00:16:00,Election Commission promised better Election Commission opportunities for youth.,265
4713,2025-10-25 00:16:30,corruption urged citizens to support corruption initiatives.,2003
4714,2025-10-25 00:17:00,corruption criticized the opposition for corruption issues.,4009
4715,2025-10-25 00:17:30,campaign promised better campaign opportunities for youth.,2928
4716,2025-10-25 00:18:00,poll rally announced a major reform in poll rally sector.,932
4717,2025-10-25 00:18:30,jobs launched a rally focusing on jobs development.,2410
4718,2025-10-25 00:19:00,jobs debated on jobs reforms in Parliament.,1232
4719,2025-10-25 00:19:30,jobs spoke about recent improvements in jobs.,3015
4720,2025-10-25 00:20:00,digital India promised better digital India opportunities for youth.,1123
4721,2025-10-25 00:20:30,infrastructure organized a large infrastructure awareness campaign.,13
4722,2025-10-25 00:21:00,BJP announced a major reform in BJP sector.,3460
4723,2025-10-25 00:21:30,infrastructure spoke about recent improvements in infrastructure.,3341
4724,2025-10-25 00:22:00,jobs promised better jobs opportunities for youth.,3668
4725,2025-10-25 00:22:30,BJP launched a rally focusing on BJP development.,2701
4726,2025-10-25 00:23:00,manifesto urged citizens to support manifesto initiatives.,2753
4727,2025-10-25 00:23:30,development highlighted challenges in development programs.,1984
4728,2025-10-25 00:24:00,jobs urged citizens to support jobs initiatives.,3118
4729,2025-10-25 00:24:30,Rahul Gandhi discussed the new Rahul Gandhi policy in India.,3555
4730,2025-10-25 00:25:00,manifesto spoke about recent improvements in manifesto.,2869
4731,2025-10-25 00:25:30,manifesto organized a large manifesto awareness campaign.,348
4732,2025-10-25 00:26:00,Rahul Gandhi debated on Rahul Gandhi reforms in Parliament.,263
4733,2025-10-25 00:26:30,campaign promised better campaign opportunities for youth.,2204
4734,2025-10-25 00:27:00,healthcare urged citizens to support healthcare initiatives.,2534
4735,2025-10-25 00:27:30,campaign highlighted challenges in campaign programs.,2643
4736,2025-10-25 00:28:00,poll rally highlighted challenges in poll rally programs.,1378
4737,2025-10-25 00:28:30,Rahul Gandhi urged citizens to support Rahul Gandhi initiatives.,1080
4738,2025-10-25 00:29:00,poll rally spoke about recent improvements in poll rally.,2046
4739,2025-10-25 00:29:30,Modi announced a major reform in Modi sector.,4017
4740,2025-10-25 00:30:00,development organized a large development awareness campaign.,2864
4741,2025-10-25 00:30:30,campaign organized a large campaign awareness campaign.,377
4742,2025-10-25 00:31:00,healthcare promised better healthcare opportunities for youth.,597
4743,2025-10-25 00:31:30,healthcare criticized the opposition for healthcare issues.,1115
4744,2025-10-25 00:32:00,Modi launched a rally focusing on Modi development.,10
4745,2025-10-25 00:32:30,poll rally debated on poll rally reforms in Parliament.,3540
4746,2025-10-25 00:33:00,development highlighted challenges in development programs.,3518
4747,2025-10-25 00:33:30,education urged citizens to support education initiatives.,1828
4748,2025-10-25 00:34:00,manifesto highlighted challenges in manifesto programs.,167
4749,2025-10-25 00:34:30,education discussed the new education policy in India.,4219
4750,2025-10-25 00:35:00,Modi criticized the opposition for Modi issues.,4688
4751,2025-10-25 00:35:30,Rahul Gandhi highlighted challenges in Rahul Gandhi programs.,4521
4752,2025-10-25 00:36:00,corruption discussed the new corruption policy in India.,525
4753,2025-10-25 00:36:30,poll rally criticized the opposition for poll rally issues.,654
4754,2025-10-25 00:37:00,development highlighted challenges in development programs.,2360
4755,2025-10-25 00:37:30,BJP discussed the new BJP policy in India.,3384
4756,2025-10-25 00:38:00,education highlighted challenges in education programs.,1303
4757,2025-10-25 00:38:30,digital India highlighted challenges in digital India programs.,734
4758,2025-10-25 00:39:00,corruption promised better corruption opportunities for youth.,2010
4759,2025-10-25 00:39:30,education spoke about recent improvements in education.,1702
4760,2025-10-25 00:40:00,development criticized the opposition for development issues.,2681
4761,2025-10-25 00:40:30,development criticized the opposition for development issues.,1832
4762,2025-10-25 00:41:00,corruption promised better corruption opportunities for youth.,734
4763,2025-10-25 00:41:30,poll rally promised better poll rally opportunities for youth.,4361
4764,2025-10-25 00:42:00,poll rally urged citizens to support poll rally initiatives.,2662
4765,2025-10-25 00:42:30,poll rally criticized the opposition for poll rally issues.,4095
4766,2025-10-25 00:43:00,corruption spoke about recent improvements in corruption.,150
4767,2025-10-25 00:43:30,Rahul Gandhi promised better Rahul Gandhi opportunities for youth.,4641
4768,2025-10-25 00:44:00,manifesto discussed the new manifesto policy in India.,4750
4769,2025-10-25 00:44:30,Rahul Gandhi highlighted challenges in Rahul Gandhi programs.,1080
4770,2025-10-25 00:45:00,poll rally announced a major reform in poll rally sector.,3784
4771,2025-10-25 00:45:30,healthcare organized a large healthcare awareness campaign.,4723
4772,2025-10-25 00:46:00,jobs debated on jobs reforms in Parliament.,241
4773,2025-10-25 00:46:30,manifesto highlighted challenges in manifesto programs.,3715
4774,2025-10-25 00:47:00,digital India spoke about recent improvements in digital India.,4140
4775,2025-10-25 00:47:30,Congress launched a rally focusing on Congress development.,4168
4776,2025-10-25 00:48:00,jobs announced a major reform in jobs sector.,521
4777,2025-10-25 00:48:30,development spoke about recent improvements in development.,4978
4778,2025-10-25 00:49:00,development discussed the new development policy in India.,3504
4779,2025-10-25 00:49:30,poll rally discussed the new poll rally policy in India.,412
4780,2025-10-25 00:50:00,manifesto debated on manifesto reforms in Parliament.,3288
4781,2025-10-25 00:50:30,development debated on development reforms in Parliament.,4213
4782,2025-10-25 00:51:00,jobs spoke about recent improvements in jobs.,3806
4783,2025-10-25 00:51:30,corruption debated on corruption reforms in Parliament.,1905
4784,2025-10-25 00:52:00,campaign launched a rally focusing on campaign development.,477
4785,2025-10-25 00:52:30,education debated on education reforms in Parliament.,688
4786,2025-10-25 00:53:00,development organized a large development awareness campaign.,2044
4787,2025-10-25 00:53:30,jobs highlighted challenges in jobs programs.,223
4788,2025-10-25 00:54:00,healthcare spoke about recent improvements in healthcare.,2753
4789,2025-10-25 00:54:30,manifesto promised better manifesto opportunities for youth.,1559
4790,2025-10-25 00:55:00,jobs criticized the opposition for jobs issues.,4926
4791,2025-10-25 00:55:30,manifesto organized a large manifesto awareness campaign.,3888
4792,2025-10-25 00:56:00,corruption debated on corruption reforms in Parliament.,583
4793,2025-10-25 00:56:30,corruption organized a large corruption awareness campaign.,955
4794,2025-10-25 00:57:00,digital India highlighted challenges in digital India programs.,1464
4795,2025-10-25 00:57:30,healthcare debated on healthcare reforms in Parliament.,3813
4796,2025-10-25 00:58:00,jobs spoke about recent improvements in jobs.,4399
4797,2025-10-25 00:58:30,infrastructure urged citizens to support infrastructure initiatives.,4900
4798,2025-10-25 00:59:00,BJP highlighted challenges in BJP programs.,1029
4799,2025-10-25 00:59:30,development debated on development reforms in Parliament.,1935
4800,2025-10-25 01:00:00,corruption debated on corruption reforms in Parliament.,2549
4801,2025-10-25 01:00:30,infrastructure highlighted challenges in infrastructure programs.,1155
4802,2025-10-25 01:01:00,manifesto debated on manifesto reforms in Parliament.,4952
4803,2025-10-25 01:01:30,jobs discussed the new jobs policy in India.,1956
4804,2025-10-25 01:02:00,infrastructure organized a large infrastructure awareness campaign.,2245
4805,2025-10-25 01:02:30,corruption highlighted challenges in corruption programs.,928
4806,2025-10-25 01:03:00,poll rally highlighted challenges in poll rally programs.,2461
4807,2025-10-25 01:03:30,infrastructure launched a rally focusing on infrastructure development.,862
4808,2025-10-25 01:04:00,infrastructure launched a rally focusing on infrastructure development.,2320
4809,2025-10-25 01:04:30,Rahul Gandhi spoke about recent improvements in Rahul Gandhi.,3978
4810,2025-10-25 01:05:00,campaign highlighted challenges in campaign programs.,231
4811,2025-10-25 01:05:30,Rahul Gandhi promised better Rahul Gandhi opportunities for youth.,3317
4812,2025-10-25 01:06:00,healthcare discussed the new healthcare policy in India.,687
4813,2025-10-25 01:06:30,Rahul Gandhi promised better Rahul Gandhi opportunities for youth.,1795
4814,2025-10-25 01:07:00,education urged citizens to support education initiatives.,1455
4815,2025-10-25 01:07:30,education promised better education opportunities for youth.,1894
4816,2025-10-25 01:08:00,BJP promised better BJP opportunities for youth.,4184
4817,2025-10-25 01:08:30,campaign discussed the new campaign policy in India.,2405
4818,2025-10-25 01:09:00,digital India criticized the opposition for digital India issues.,2960
4819,2025-10-25 01:09:30,manifesto spoke about recent improvements in manifesto.,970
4820,2025-10-25 01:10:00,corruption criticized the opposition for corruption issues.,4929
4821,2025-10-25 01:10:30,development debated on development reforms in Parliament.,4645
4822,2025-10-25 01:11:00,Modi announced a major reform in Modi sector.,1248
4823,2025-10-25 01:11:30,corruption urged citizens to support corruption initiatives.,2862
4824,2025-10-25 01:12:00,Election Commission organized a large Election Commission awareness campaign.,3800
4825,2025-10-25 01:12:30,Election Commission urged citizens to support Election Commission initiatives.,4502
4826,2025-10-25 01:13:00,infrastructure discussed the new infrastructure policy in India.,4540
4827,2025-10-25 01:13:30,education spoke about recent improvements in education.,457
4828,2025-10-25 01:14:00,Election Commission promised better Election Commission opportunities for youth.,4119
4829,2025-10-25 01:14:30,corruption discussed the new corruption policy in India.,1351
4830,2025-10-25 01:15:00,BJP criticized the opposition for BJP issues.,430
4831,2025-10-25 01:15:30,digital India launched a rally focusing on digital India development.,289
4832,2025-10-25 01:16:00,healthcare organized a large healthcare awareness campaign.,2277
4833,2025-10-25 01:16:30,BJP announced a major reform in BJP sector.,654
4834,2025-10-25 01:17:00,development promised better development opportunities for youth.,1729
4835,2025-10-25 01:17:30,campaign promised better campaign opportunities for youth.,3614
4836,2025-10-25 01:18:00,development spoke about recent improvements in development.,2991
4837,2025-10-25 01:18:30,development discussed the new development policy in India.,480
4838,2025-10-25 01:19:00,campaign launched a rally focusing on campaign development.,4338
4839,2025-10-25 01:19:30,healthcare launched a rally focusing on healthcare development.,991
4840,2025-10-25 01:20:00,Rahul Gandhi urged citizens to support Rahul Gandhi initiatives.,1379
4841,2025-10-25 01:20:30,development highlighted challenges in development programs.,4219
4842,2025-10-25 01:21:00,Election Commission urged citizens to support Election Commission initiatives.,2017
4843,2025-10-25 01:21:30,digital India criticized the opposition for digital India issues.,201
4844,2025-10-25 01:22:00,Election Commission discussed the new Election Commission policy in India.,4592
4845,2025-10-25 01:22:30,healthcare urged citizens to support healthcare initiatives.,2331
4846,2025-10-25 01:23:00,digital India promised better digital India opportunities for youth.,2192
4847,2025-10-25 01:23:30,Rahul Gandhi launched a rally focusing on Rahul Gandhi development.,534
4848,2025-10-25 01:24:00,jobs announced a major reform in jobs sector.,4002
4849,2025-10-25 01:24:30,education spoke about recent improvements in education.,3308
4850,2025-10-25 01:25:00,Modi spoke about recent improvements in Modi.,1635
4851,2025-10-25 01:25:30,digital India promised better digital India opportunities for youth.,1925
4852,2025-10-25 01:26:00,Rahul Gandhi promised better Rahul Gandhi opportunities for youth.,2368
4853,2025-10-25 01:26:30,education highlighted challenges in education programs.,125
4854,2025-10-25 01:27:00,jobs debated on jobs reforms in Parliament.,1063
4855,2025-10-25 01:27:30,Election Commission urged citizens to support Election Commission initiatives.,197
4856,2025-10-25 01:28:00,corruption criticized the opposition for corruption issues.,329
4857,2025-10-25 01:28:30,corruption announced a major reform in corruption sector.,4212
4858,2025-10-25 01:29:00,development criticized the opposition for development issues.,1987
4859,2025-10-25 01:29:30,Congress urged citizens to support Congress initiatives.,3654
4860,2025-10-25 01:30:00,corruption launched a rally focusing on corruption development.,4334
4861,2025-10-25 01:30:30,education debated on education reforms in Parliament.,1068
4862,2025-10-25 01:31:00,jobs promised better jobs opportunities for youth.,4838
4863,2025-10-25 01:31:30,Election Commission spoke about recent improvements in Election Commission.,2219
4864,2025-10-25 01:32:00,education urged citizens to support education initiatives.,907
4865,2025-10-25 01:32:30,manifesto organized a large manifesto awareness campaign.,4148
4866,2025-10-25 01:33:00,manifesto promised better manifesto opportunities for youth.,768
4867,2025-10-25 01:33:30,manifesto discussed the new manifesto policy in India.,2671
4868,2025-10-25 01:34:00,Modi spoke about recent improvements in Modi.,1589
4869,2025-10-25 01:34:30,manifesto launched a rally focusing on manifesto development.,4218
4870,2025-10-25 01:35:00,infrastructure launched a rally focusing on infrastructure development.,4240
4871,2025-10-25 01:35:30,education promised better education opportunities for youth.,4252
4872,2025-10-25 01:36:00,healthcare launched a rally focusing on healthcare development.,3229
4873,2025-10-25 01:36:30,Rahul Gandhi launched a rally focusing on Rahul Gandhi development.,2035
4874,2025-10-25 01:37:00,Modi spoke about recent improvements in Modi.,259
4875,2025-10-25 01:37:30,Congress highlighted challenges in Congress programs.,566
4876,2025-10-25 01:38:00,poll rally urged citizens to support poll rally initiatives.,4422
4877,2025-10-25 01:38:30,healthcare criticized the opposition for healthcare issues.,1086
4878,2025-10-25 01:39:00,healthcare criticized the opposition for healthcare issues.,2528
4879,2025-10-25 01:39:30,development announced a major reform in development sector.,1143
4880,2025-10-25 01:40:00,digital India debated on digital India reforms in Parliament.,640
4881,2025-10-25 01:40:30,Election Commission criticized the opposition for Election Commission issues.,589
4882,2025-10-25 01:41:00,Election Commission highlighted challenges in Election Commission programs.,4662
4883,2025-10-25 01:41:30,campaign spoke about recent improvements in campaign.,1098
4884,2025-10-25 01:42:00,BJP urged citizens to support BJP initiatives.,1417
4885,2025-10-25 01:42:30,poll rally spoke about recent improvements in poll rally.,3260
4886,2025-10-25 01:43:00,manifesto organized a large manifesto awareness campaign.,3309
4887,2025-10-25 01:43:30,jobs highlighted challenges in jobs programs.,2939
4888,2025-10-25 01:44:00,healthcare promised better healthcare opportunities for youth.,2336
4889,2025-10-25 01:44:30,digital India launched a rally focusing on digital India development.,60
4890,2025-10-25 01:45:00,Rahul Gandhi highlighted challenges in Rahul Gandhi programs.,2692
4891,2025-10-25 01:45:30,development highlighted challenges in development programs.,1208
4892,2025-10-25 01:46:00,BJP debated on BJP reforms in Parliament.,756
4893,2025-10-25 01:46:30,digital India urged citizens to support digital India initiatives.,2492
4894,2025-10-25 01:47:00,BJP highlighted challenges in BJP programs.,3059
4895,2025-10-25 01:47:30,infrastructure urged citizens to support infrastructure initiatives.,3168
4896,2025-10-25 01:48:00,manifesto discussed the new manifesto policy in India.,3189
4897,2025-10-25 01:48:30,digital India promised better digital India opportunities for youth.,2938
4898,2025-10-25 01:49:00,Election Commission criticized the opposition for Election Commission issues.,2100
4899,2025-10-25 01:49:30,corruption announced a major reform in corruption sector.,2421
4900,2025-10-25 01:50:00,corruption highlighted challenges in corruption programs.,83
4901,2025-10-25 01:50:30,jobs urged citizens to support jobs initiatives.,3981
4902,2025-10-25 01:51:00,Modi organized a large Modi awareness campaign.,626
4903,2025-10-25 01:51:30,digital India announced a major reform in digital India sector.,576
4904,2025-10-25 01:52:00,education debated on education reforms in Parliament.,871
4905,2025-10-25 01:52:30,Rahul Gandhi promised better Rahul Gandhi opportunities for youth.,1909
4906,2025-10-25 01:53:00,corruption promised better corruption opportunities for youth.,1803
4907,2025-10-25 01:53:30,jobs announced a major reform in jobs sector.,4383
4908,2025-10-25 01:54:00,Election Commission criticized the opposition for Election Commission issues.,4191
4909,2025-10-25 01:54:30,campaign launched a rally focusing on campaign development.,4144
4910,2025-10-25 01:55:00,jobs announced a major reform in jobs sector.,3949
4911,2025-10-25 01:55:30,Congress spoke about recent improvements in Congress.,4776
4912,2025-10-25 01:56:00,Modi promised better Modi opportunities for youth.,770
4913,2025-10-25 01:56:30,campaign urged citizens to support campaign initiatives.,205
4914,2025-10-25 01:57:00,education discussed the new education policy in India.,2800
4915,2025-10-25 01:57:30,infrastructure urged citizens to support infrastructure initiatives.,181
4916,2025-10-25 01:58:00,poll rally spoke about recent improvements in poll rally.,4956
4917,2025-10-25 01:58:30,corruption urged citizens to support corruption initiatives.,4851
4918,2025-10-25 01:59:00,healthcare launched a rally focusing on healthcare development.,4287
4919,2025-10-25 01:59:30,jobs highlighted challenges in jobs programs.,707
4920,2025-10-25 02:00:00,digital India organized a large digital India awareness campaign.,4164
4921,2025-10-25 02:00:30,poll rally launched a rally focusing on poll rally development.,4976
4922,2025-10-25 02:01:00,campaign debated on campaign reforms in Parliament.,200
4923,2025-10-25 02:01:30,infrastructure organized a large infrastructure awareness campaign.,1663
4924,2025-10-25 02:02:00,Congress launched a rally focusing on Congress development.,1112
4925,2025-10-25 02:02:30,development launched a rally focusing on development development.,507
4926,2025-10-25 02:03:00,campaign announced a major reform in campaign sector.,3406
4927,2025-10-25 02:03:30,manifesto highlighted challenges in manifesto programs.,3137
4928,2025-10-25 02:04:00,BJP urged citizens to support BJP initiatives.,2222
4929,2025-10-25 02:04:30,campaign promised better campaign opportunities for youth.,1069
4930,2025-10-25 02:05:00,campaign promised better campaign opportunities for youth.,4994
4931,2025-10-25 02:05:30,Congress promised better Congress opportunities for youth.,3329
4932,2025-10-25 02:06:00,Modi debated on Modi reforms in Parliament.,2808
4933,2025-10-25 02:06:30,BJP debated on BJP reforms in Parliament.,1749
4934,2025-10-25 02:07:00,development launched a rally focusing on development development.,1380
4935,2025-10-25 02:07:30,Congress spoke about recent improvements in Congress.,4505
4936,2025-10-25 02:08:00,infrastructure promised better infrastructure opportunities for youth.,3496
4937,2025-10-25 02:08:30,infrastructure launched a rally focusing on infrastructure development.,3055
4938,2025-10-25 02:09:00,healthcare promised better healthcare opportunities for youth.,1814
4939,2025-10-25 02:09:30,digital India discussed the new digital India policy in India.,1101
4940,2025-10-25 02:10:00,education discussed the new education policy in India.,2903
4941,2025-10-25 02:10:30,development spoke about recent improvements in development.,3876
4942,2025-10-25 02:11:00,BJP urged citizens to support BJP initiatives.,4502
4943,2025-10-25 02:11:30,campaign spoke about recent improvements in campaign.,4225
4944,2025-10-25 02:12:00,development launched a rally focusing on development development.,1352
4945,2025-10-25 02:12:30,infrastructure launched a rally focusing on infrastructure development.,513
4946,2025-10-25 02:13:00,healthcare highlighted challenges in healthcare programs.,4394
4947,2025-10-25 02:13:30,BJP discussed the new BJP policy in India.,2230
4948,2025-10-25 02:14:00,campaign promised better campaign opportunities for youth.,3305
4949,2025-10-25 02:14:30,healthcare discussed the new healthcare policy in India.,3869
4950,2025-10-25 02:15:00,manifesto criticized the opposition for manifesto issues.,1595
4951,2025-10-25 02:15:30,infrastructure announced a major reform in infrastructure sector.,265
4952,2025-10-25 02:16:00,Election Commission criticized the opposition for Election Commission issues.,4656
4953,2025-10-25 02:16:30,corruption promised better corruption opportunities for youth.,3418
4954,2025-10-25 02:17:00,digital India spoke about recent improvements in digital India.,4328
4955,2025-10-25 02:17:30,jobs promised better jobs opportunities for youth.,224
4956,2025-10-25 02:18:00,development organized a large development awareness campaign.,4277
4957,2025-10-25 02:18:30,BJP highlighted challenges in BJP programs.,382
4958,2025-10-25 02:19:00,Rahul Gandhi criticized the opposition for Rahul Gandhi issues.,518
4959,2025-10-25 02:19:30,healthcare discussed the new healthcare policy in India.,2602
4960,2025-10-25 02:20:00,infrastructure urged citizens to support infrastructure initiatives.,4935
4961,2025-10-25 02:20:30,Congress launched a rally focusing on Congress development.,868
4962,2025-10-25 02:21:00,corruption spoke about recent improvements in corruption.,2218
4963,2025-10-25 02:21:30,Rahul Gandhi organized a large Rahul Gandhi awareness campaign.,4370
4964,2025-10-25 02:22:00,Rahul Gandhi discussed the new Rahul Gandhi policy in India.,2338
4965,2025-10-25 02:22:30,Rahul Gandhi highlighted challenges in Rahul Gandhi programs.,999
4966,2025-10-25 02:23:00,Rahul Gandhi organized a large Rahul Gandhi awareness campaign.,1446
4967,2025-10-25 02:23:30,poll rally debated on poll rally reforms in Parliament.,4270
4968,2025-10-25 02:24:00,Election Commission discussed the new Election Commission policy in India.,1100
4969,2025-10-25 02:24:30,Election Commission spoke about recent improvements in Election Commission.,1240
4970,2025-10-25 02:25:00,Congress promised better Congress opportunities for youth.,2873
4971,2025-10-25 02:25:30,jobs highlighted challenges in jobs programs.,1689
4972,2025-10-25 02:26:00,infrastructure highlighted challenges in infrastructure programs.,4662
4973,2025-10-25 02:26:30,poll rally highlighted challenges in poll rally programs.,2097
4974,2025-10-25 02:27:00,development criticized the opposition for development issues.,2882
4975,2025-10-25 02:27:30,jobs discussed the new jobs policy in India.,2567
4976,2025-10-25 02:28:00,development criticized the opposition for development issues.,3010
4977,2025-10-25 02:28:30,poll rally discussed the new poll rally policy in India.,4334
4978,2025-10-25 02:29:00,poll rally debated on poll rally reforms in Parliament.,4075
4979,2025-10-25 02:29:30,education spoke about recent improvements in education.,3646
4980,2025-10-25 02:30:00,BJP criticized the opposition for BJP issues.,2675
4981,2025-10-25 02:30:30,manifesto organized a large manifesto awareness campaign.,4825
4982,2025-10-25 02:31:00,manifesto launched a rally focusing on manifesto development.,3831
4983,2025-10-25 02:31:30,digital India spoke about recent improvements in digital India.,4911
4984,2025-10-25 02:32:00,infrastructure launched a rally focusing on infrastructure development.,428
4985,2025-10-25 02:32:30,BJP criticized the opposition for BJP issues.,3980
4986,2025-10-25 02:33:00,education criticized the opposition for education issues.,3218
4987,2025-10-25 02:33:30,Modi promised better Modi opportunities for youth.,3120
4988,2025-10-25 02:34:00,healthcare debated on healthcare reforms in Parliament.,4708
4989,2025-10-25 02:34:30,infrastructure debated on infrastructure reforms in Parliament.,1029
4990,2025-10-25 02:35:00,corruption highlighted challenges in corruption programs.,611
4991,2025-10-25 02:35:30,campaign promised better campaign opportunities for youth.,2687
4992,2025-10-25 02:36:00,Election Commission highlighted challenges in Election Commission programs.,4246
4993,2025-10-25 02:36:30,corruption promised better corruption opportunities for youth.,2999
4994,2025-10-25 02:37:00,Congress organized a large Congress awareness campaign.,2886
4995,2025-10-25 02:37:30,Election Commission urged citizens to support Election Commission initiatives.,983
4996,2025-10-25 02:38:00,digital India debated on digital India reforms in Parliament.,3613
4997,2025-10-25 02:38:30,Rahul Gandhi urged citizens to support Rahul Gandhi initiatives.,4139
4998,2025-10-25 02:39:00,Rahul Gandhi discussed the new Rahul Gandhi policy in India.,4356
4999,2025-10-25 02:39:30,education launched a rally focusing on education development.,1695
5000,2025-10-25 02:40:00,digital India launched a rally focusing on digital India development.,2661
5001,2025-10-25 02:40:30,poll rally spoke about recent improvements in poll rally.,2198
5002,2025-10-25 02:41:00,campaign launched a rally focusing on campaign development.,1779
5003,2025-10-25 02:41:30,Modi urged citizens to support Modi initiatives.,1874
5004,2025-10-25 02:42:00,jobs announced a major reform in jobs sector.,419
5005,2025-10-25 02:42:30,healthcare launched a rally focusing on healthcare development.,2297
5006,2025-10-25 02:43:00,corruption launched a rally focusing on corruption development.,1448
5007,2025-10-25 02:43:30,development criticized the opposition for development issues.,1833
5008,2025-10-25 02:44:00,corruption organized a large corruption awareness campaign.,1245
5009,2025-10-25 02:44:30,poll rally spoke about recent improvements in poll rally.,4136
5010,2025-10-25 02:45:00,campaign organized a large campaign awareness campaign.,201
5011,2025-10-25 02:45:30,Modi announced a major reform in Modi sector.,4388
5012,2025-10-25 02:46:00,corruption highlighted challenges in corruption programs.,2410
5013,2025-10-25 02:46:30,infrastructure urged citizens to support infrastructure initiatives.,1039
5014,2025-10-25 02:47:00,Election Commission organized a large Election Commission awareness campaign.,4447
5015,2025-10-25 02:47:30,Rahul Gandhi launched a rally focusing on Rahul Gandhi development.,1185
5016,2025-10-25 02:48:00,poll rally criticized the opposition for poll rally issues.,3781
5017,2025-10-25 02:48:30,corruption spoke about recent improvements in corruption.,3131
5018,2025-10-25 02:49:00,Congress promised better Congress opportunities for youth.,2631
5019,2025-10-25 02:49:30,education highlighted challenges in education programs.,3827
5020,2025-10-25 02:50:00,education announced a major reform in education sector.,3995
5021,2025-10-25 02:50:30,poll rally launched a rally focusing on poll rally development.,4645
5022,2025-10-25 02:51:00,corruption criticized the opposition for corruption issues.,2649
5023,2025-10-25 02:51:30,Election Commission spoke about recent improvements in Election Commission.,2431
5024,2025-10-25 02:52:00,healthcare criticized the opposition for healthcare issues.,1429
5025,2025-10-25 02:52:30,digital India organized a large digital India awareness campaign.,2877
5026,2025-10-25 02:53:00,Election Commission criticized the opposition for Election Commission issues.,694
5027,2025-10-25 02:53:30,Rahul Gandhi urged citizens to support Rahul Gandhi initiatives.,2939
5028,2025-10-25 02:54:00,healthcare discussed the new healthcare policy in India.,195
5029,2025-10-25 02:54:30,Congress organized a large Congress awareness campaign.,1490
5030,2025-10-25 02:55:00,manifesto discussed the new manifesto policy in India.,4912
5031,2025-10-25 02:55:30,corruption launched a rally focusing on corruption development.,1070
5032,2025-10-25 02:56:00,corruption launched a rally focusing on corruption development.,387
5033,2025-10-25 02:56:30,education urged citizens to support education initiatives.,3147
5034,2025-10-25 02:57:00,Rahul Gandhi urged citizens to support Rahul Gandhi initiatives.,4439
5035,2025-10-25 02:57:30,Election Commission criticized the opposition for Election Commission issues.,2975
5036,2025-10-25 02:58:00,poll rally highlighted challenges in poll rally programs.,3427
5037,2025-10-25 02:58:30,manifesto highlighted challenges in manifesto programs.,4782
5038,2025-10-25 02:59:00,Rahul Gandhi urged citizens to support Rahul Gandhi initiatives.,1383
5039,2025-10-25 02:59:30,poll rally announced a major reform in poll rally sector.,442
5040,2025-10-25 03:00:00,Election Commission debated on Election Commission reforms in Parliament.,4711
5041,2025-10-25 03:00:30,Election Commission discussed the new Election Commission policy in India.,312
5042,2025-10-25 03:01:00,corruption criticized the opposition for corruption issues.,1397
5043,2025-10-25 03:01:30,digital India highlighted challenges in digital India programs.,261
5044,2025-10-25 03:02:00,poll rally urged citizens to support poll rally initiatives.,1650
5045,2025-10-25 03:02:30,education urged citizens to support education initiatives.,1389
5046,2025-10-25 03:03:00,Rahul Gandhi discussed the new Rahul Gandhi policy in India.,4658
5047,2025-10-25 03:03:30,corruption criticized the opposition for corruption issues.,3039
5048,2025-10-25 03:04:00,digital India spoke about recent improvements in digital India.,929
5049,2025-10-25 03:04:30,corruption launched a rally focusing on corruption development.,2460
5050,2025-10-25 03:05:00,education criticized the opposition for education issues.,652
5051,2025-10-25 03:05:30,manifesto launched a rally focusing on manifesto development.,4491
5052,2025-10-25 03:06:00,Election Commission debated on Election Commission reforms in Parliament.,722
5053,2025-10-25 03:06:30,BJP launched a rally focusing on BJP development.,1896
5054,2025-10-25 03:07:00,Congress promised better Congress opportunities for youth.,574
5055,2025-10-25 03:07:30,BJP launched a rally focusing on BJP development.,4064
5056,2025-10-25 03:08:00,education launched a rally focusing on education development.,2416
5057,2025-10-25 03:08:30,Election Commission debated on Election Commission reforms in Parliament.,792
5058,2025-10-25 03:09:00,Election Commission debated on Election Commission reforms in Parliament.,3325
5059,2025-10-25 03:09:30,manifesto spoke about recent improvements in manifesto.,169
5060,2025-10-25 03:10:00,BJP announced a major reform in BJP sector.,4968
5061,2025-10-25 03:10:30,BJP announced a major reform in BJP sector.,405
5062,2025-10-25 03:11:00,poll rally criticized the opposition for poll rally issues.,3807
5063,2025-10-25 03:11:30,education organized a large education awareness campaign.,3970
5064,2025-10-25 03:12:00,Modi promised better Modi opportunities for youth.,4851
5065,2025-10-25 03:12:30,infrastructure launched a rally focusing on infrastructure development.,1409
5066,2025-10-25 03:13:00,Congress discussed the new Congress policy in India.,2860
5067,2025-10-25 03:13:30,Election Commission launched a rally focusing on Election Commission development.,2710
5068,2025-10-25 03:14:00,poll rally spoke about recent improvements in poll rally.,3752
5069,2025-10-25 03:14:30,campaign discussed the new campaign policy in India.,679
5070,2025-10-25 03:15:00,Rahul Gandhi debated on Rahul Gandhi reforms in Parliament.,2913
5071,2025-10-25 03:15:30,jobs highlighted challenges in jobs programs.,3655
5072,2025-10-25 03:16:00,jobs debated on jobs reforms in Parliament.,1425
5073,2025-10-25 03:16:30,corruption debated on corruption reforms in Parliament.,1067
5074,2025-10-25 03:17:00,corruption urged citizens to support corruption initiatives.,2382
5075,2025-10-25 03:17:30,Congress promised better Congress opportunities for youth.,3101
5076,2025-10-25 03:18:00,digital India highlighted challenges in digital India programs.,1196
5077,2025-10-25 03:18:30,poll rally highlighted challenges in poll rally programs.,3024
5078,2025-10-25 03:19:00,Congress organized a large Congress awareness campaign.,2609
5079,2025-10-25 03:19:30,healthcare discussed the new healthcare policy in India.,2310
5080,2025-10-25 03:20:00,corruption launched a rally focusing on corruption development.,1110
5081,2025-10-25 03:20:30,BJP highlighted challenges in BJP programs.,2841
5082,2025-10-25 03:21:00,infrastructure criticized the opposition for infrastructure issues.,1136
5083,2025-10-25 03:21:30,Modi debated on Modi reforms in Parliament.,1491
5084,2025-10-25 03:22:00,digital India highlighted challenges in digital India programs.,4760
5085,2025-10-25 03:22:30,Modi launched a rally focusing on Modi development.,3658
5086,2025-10-25 03:23:00,healthcare discussed the new healthcare policy in India.,3605
5087,2025-10-25 03:23:30,Election Commission discussed the new Election Commission policy in India.,2274
5088,2025-10-25 03:24:00,healthcare urged citizens to support healthcare initiatives.,3646
5089,2025-10-25 03:24:30,campaign highlighted challenges in campaign programs.,583
5090,2025-10-25 03:25:00,education organized a large education awareness campaign.,2837
5091,2025-10-25 03:25:30,Election Commission spoke about recent improvements in Election Commission.,2486
5092,2025-10-25 03:26:00,education organized a large education awareness campaign.,136
5093,2025-10-25 03:26:30,development promised better development opportunities for youth.,4420
5094,2025-10-25 03:27:00,jobs discussed the new jobs policy in India.,469
5095,2025-10-25 03:27:30,campaign criticized the opposition for campaign issues.,280
5096,2025-10-25 03:28:00,manifesto discussed the new manifesto policy in India.,2654
5097,2025-10-25 03:28:30,education urged citizens to support education initiatives.,3775
5098,2025-10-25 03:29:00,Rahul Gandhi announced a major reform in Rahul Gandhi sector.,1884
5099,2025-10-25 03:29:30,education discussed the new education policy in India.,2509
5100,2025-10-25 03:30:00,infrastructure discussed the new infrastructure policy in India.,551
5101,2025-10-25 03:30:30,campaign highlighted challenges in campaign programs.,2738
5102,2025-10-25 03:31:00,digital India urged citizens to support digital India initiatives.,498
5103,2025-10-25 03:31:30,Congress promised better Congress opportunities for youth.,2284
5104,2025-10-25 03:32:00,Modi organized a large Modi awareness campaign.,4206
5105,2025-10-25 03:32:30,Election Commission urged citizens to support Election Commission initiatives.,1477
5106,2025-10-25 03:33:00,Election Commission launched a rally focusing on Election Commission development.,2711
5107,2025-10-25 03:33:30,Modi launched a rally focusing on Modi development.,1285
5108,2025-10-25 03:34:00,development launched a rally focusing on development development.,3783
5109,2025-10-25 03:34:30,Rahul Gandhi criticized the opposition for Rahul Gandhi issues.,3317
5110,2025-10-25 03:35:00,Rahul Gandhi announced a major reform in Rahul Gandhi sector.,43
5111,2025-10-25 03:35:30,campaign debated on campaign reforms in Parliament.,2382
5112,2025-10-25 03:36:00,digital India organized a large digital India awareness campaign.,1051
5113,2025-10-25 03:36:30,BJP promised better BJP opportunities for youth.,2345
5114,2025-10-25 03:37:00,poll rally spoke about recent improvements in poll rally.,325
5115,2025-10-25 03:37:30,healthcare announced a major reform in healthcare sector.,3007
5116,2025-10-25 03:38:00,poll rally highlighted challenges in poll rally programs.,1568
5117,2025-10-25 03:38:30,development criticized the opposition for development issues.,754
5118,2025-10-25 03:39:00,infrastructure announced a major reform in infrastructure sector.,1490
5119,2025-10-25 03:39:30,Congress discussed the new Congress policy in India.,914
5120,2025-10-25 03:40:00,Congress spoke about recent improvements in Congress.,4374
5121,2025-10-25 03:40:30,infrastructure urged citizens to support infrastructure initiatives.,4527
5122,2025-10-25 03:41:00,education criticized the opposition for education issues.,4201
5123,2025-10-25 03:41:30,Congress organized a large Congress awareness campaign.,3957
5124,2025-10-25 03:42:00,manifesto organized a large manifesto awareness campaign.,2255
5125,2025-10-25 03:42:30,Congress promised better Congress opportunities for youth.,3950
5126,2025-10-25 03:43:00,poll rally promised better poll rally opportunities for youth.,1910
5127,2025-10-25 03:43:30,digital India organized a large digital India awareness campaign.,4766
5128,2025-10-25 03:44:00,healthcare spoke about recent improvements in healthcare.,4305
5129,2025-10-25 03:44:30,development launched a rally focusing on development development.,4914
5130,2025-10-25 03:45:00,digital India debated on digital India reforms in Parliament.,1870
5131,2025-10-25 03:45:30,poll rally promised better poll rally opportunities for youth.,2440
5132,2025-10-25 03:46:00,manifesto debated on manifesto reforms in Parliament.,1492
5133,2025-10-25 03:46:30,infrastructure discussed the new infrastructure policy in India.,78
5134,2025-10-25 03:47:00,healthcare discussed the new healthcare policy in India.,1989
5135,2025-10-25 03:47:30,BJP launched a rally focusing on BJP development.,632
5136,2025-10-25 03:48:00,corruption spoke about recent improvements in corruption.,2063
5137,2025-10-25 03:48:30,healthcare urged citizens to support healthcare initiatives.,4234
5138,2025-10-25 03:49:00,healthcare announced a major reform in healthcare sector.,3195
5139,2025-10-25 03:49:30,digital India promised better digital India opportunities for youth.,2043
5140,2025-10-25 03:50:00,development criticized the opposition for development issues.,4363
5141,2025-10-25 03:50:30,campaign organized a large campaign awareness campaign.,2957
5142,2025-10-25 03:51:00,manifesto criticized the opposition for manifesto issues.,2630
5143,2025-10-25 03:51:30,development launched a rally focusing on development development.,4895
5144,2025-10-25 03:52:00,manifesto highlighted challenges in manifesto programs.,4980
5145,2025-10-25 03:52:30,Modi promised better Modi opportunities for youth.,2084
5146,2025-10-25 03:53:00,infrastructure launched a rally focusing on infrastructure development.,3111
5147,2025-10-25 03:53:30,campaign organized a large campaign awareness campaign.,1029
5148,2025-10-25 03:54:00,campaign highlighted challenges in campaign programs.,2611
5149,2025-10-25 03:54:30,infrastructure spoke about recent improvements in infrastructure.,2561
5150,2025-10-25 03:55:00,Congress debated on Congress reforms in Parliament.,3359
5151,2025-10-25 03:55:30,manifesto launched a rally focusing on manifesto development.,4061
5152,2025-10-25 03:56:00,campaign promised better campaign opportunities for youth.,2173
5153,2025-10-25 03:56:30,infrastructure organized a large infrastructure awareness campaign.,2071
5154,2025-10-25 03:57:00,BJP criticized the opposition for BJP issues.,2822
5155,2025-10-25 03:57:30,campaign criticized the opposition for campaign issues.,4727
5156,2025-10-25 03:58:00,poll rally highlighted challenges in poll rally programs.,4840
5157,2025-10-25 03:58:30,Congress urged citizens to support Congress initiatives.,3252
5158,2025-10-25 03:59:00,jobs organized a large jobs awareness campaign.,4767
5159,2025-10-25 03:59:30,manifesto organized a large manifesto awareness campaign.,2610
5160,2025-10-25 04:00:00,jobs announced a major reform in jobs sector.,2806
5161,2025-10-25 04:00:30,development announced a major reform in development sector.,4588
5162,2025-10-25 04:01:00,digital India announced a major reform in digital India sector.,1195
5163,2025-10-25 04:01:30,poll rally organized a large poll rally awareness campaign.,4382
5164,2025-10-25 04:02:00,healthcare promised better healthcare opportunities for youth.,924
5165,2025-10-25 04:02:30,education launched a rally focusing on education development.,3110
5166,2025-10-25 04:03:00,education announced a major reform in education sector.,3772
5167,2025-10-25 04:03:30,Congress debated on Congress reforms in Parliament.,621
5168,2025-10-25 04:04:00,jobs highlighted challenges in jobs programs.,778
5169,2025-10-25 04:04:30,manifesto spoke about recent improvements in manifesto.,2678
5170,2025-10-25 04:05:00,corruption debated on corruption reforms in Parliament.,2575
5171,2025-10-25 04:05:30,education highlighted challenges in education programs.,3108
5172,2025-10-25 04:06:00,development promised better development opportunities for youth.,794
5173,2025-10-25 04:06:30,BJP launched a rally focusing on BJP development.,4538
5174,2025-10-25 04:07:00,education spoke about recent improvements in education.,2141
5175,2025-10-25 04:07:30,Rahul Gandhi urged citizens to support Rahul Gandhi initiatives.,384
5176,2025-10-25 04:08:00,BJP announced a major reform in BJP sector.,3829
5177,2025-10-25 04:08:30,Congress organized a large Congress awareness campaign.,3900
5178,2025-10-25 04:09:00,healthcare criticized the opposition for healthcare issues.,1752
5179,2025-10-25 04:09:30,development announced a major reform in development sector.,4312
5180,2025-10-25 04:10:00,jobs debated on jobs reforms in Parliament.,3526
5181,2025-10-25 04:10:30,Rahul Gandhi announced a major reform in Rahul Gandhi sector.,4354
5182,2025-10-25 04:11:00,campaign organized a large campaign awareness campaign.,4154
5183,2025-10-25 04:11:30,BJP debated on BJP reforms in Parliament.,4767
5184,2025-10-25 04:12:00,corruption announced a major reform in corruption sector.,2237
5185,2025-10-25 04:12:30,corruption organized a large corruption awareness campaign.,4023
5186,2025-10-25 04:13:00,Modi organized a large Modi awareness campaign.,815
5187,2025-10-25 04:13:30,BJP highlighted challenges in BJP programs.,1962
5188,2025-10-25 04:14:00,Modi discussed the new Modi policy in India.,3254
5189,2025-10-25 04:14:30,healthcare announced a major reform in healthcare sector.,1651
5190,2025-10-25 04:15:00,manifesto announced a major reform in manifesto sector.,4517
5191,2025-10-25 04:15:30,infrastructure spoke about recent improvements in infrastructure.,2352
5192,2025-10-25 04:16:00,BJP discussed the new BJP policy in India.,4252
5193,2025-10-25 04:16:30,Congress debated on Congress reforms in Parliament.,3121
5194,2025-10-25 04:17:00,Election Commission organized a large Election Commission awareness campaign.,4627
5195,2025-10-25 04:17:30,Congress discussed the new Congress policy in India.,3827
5196,2025-10-25 04:18:00,Election Commission announced a major reform in Election Commission sector.,3659
5197,2025-10-25 04:18:30,Rahul Gandhi criticized the opposition for Rahul Gandhi issues.,4176
5198,2025-10-25 04:19:00,Congress promised better Congress opportunities for youth.,4875
5199,2025-10-25 04:19:30,Rahul Gandhi announced a major reform in Rahul Gandhi sector.,4275
5200,2025-10-25 04:20:00,Election Commission criticized the opposition for Election Commission issues.,4528
5201,2025-10-25 04:20:30,Rahul Gandhi promised better Rahul Gandhi opportunities for youth.,1511
5202,2025-10-25 04:21:00,Rahul Gandhi highlighted challenges in Rahul Gandhi programs.,3864
5203,2025-10-25 04:21:30,infrastructure discussed the new infrastructure policy in India.,4768
5204,2025-10-25 04:22:00,healthcare promised better healthcare opportunities for youth.,1529
5205,2025-10-25 04:22:30,education launched a rally focusing on education development.,2261
5206,2025-10-25 04:23:00,digital India highlighted challenges in digital India programs.,4085
5207,2025-10-25 04:23:30,development criticized the opposition for development issues.,3955
5208,2025-10-25 04:24:00,development urged citizens to support development initiatives.,4594
5209,2025-10-25 04:24:30,digital India debated on digital India reforms in Parliament.,3557
5210,2025-10-25 04:25:00,development launched a rally focusing on development development.,1195
5211,2025-10-25 04:25:30,development debated on development reforms in Parliament.,1955
5212,2025-10-25 04:26:00,BJP promised better BJP opportunities for youth.,2973
5213,2025-10-25 04:26:30,digital India discussed the new digital India policy in India.,369
5214,2025-10-25 04:27:00,poll rally criticized the opposition for poll rally issues.,838
5215,2025-10-25 04:27:30,jobs promised better jobs opportunities for youth.,3190
5216,2025-10-25 04:28:00,Congress highlighted challenges in Congress programs.,2848
5217,2025-10-25 04:28:30,BJP highlighted challenges in BJP programs.,2613
5218,2025-10-25 04:29:00,development highlighted challenges in development programs.,1251
5219,2025-10-25 04:29:30,healthcare announced a major reform in healthcare sector.,2676
5220,2025-10-25 04:30:00,development organized a large development awareness campaign.,2546
5221,2025-10-25 04:30:30,infrastructure organized a large infrastructure awareness campaign.,4279
5222,2025-10-25 04:31:00,Rahul Gandhi criticized the opposition for Rahul Gandhi issues.,4781
5223,2025-10-25 04:31:30,digital India discussed the new digital India policy in India.,4023
5224,2025-10-25 04:32:00,Rahul Gandhi spoke about recent improvements in Rahul Gandhi.,2718
5225,2025-10-25 04:32:30,development organized a large development awareness campaign.,2596
5226,2025-10-25 04:33:00,corruption urged citizens to support corruption initiatives.,2464
5227,2025-10-25 04:33:30,healthcare criticized the opposition for healthcare issues.,430
5228,2025-10-25 04:34:00,digital India debated on digital India reforms in Parliament.,1993
5229,2025-10-25 04:34:30,corruption urged citizens to support corruption initiatives.,4873
5230,2025-10-25 04:35:00,Election Commission launched a rally focusing on Election Commission development.,2858
5231,2025-10-25 04:35:30,healthcare promised better healthcare opportunities for youth.,4042
5232,2025-10-25 04:36:00,Election Commission urged citizens to support Election Commission initiatives.,362
5233,2025-10-25 04:36:30,infrastructure discussed the new infrastructure policy in India.,4783
5234,2025-10-25 04:37:00,digital India promised better digital India opportunities for youth.,316
5235,2025-10-25 04:37:30,Election Commission highlighted challenges in Election Commission programs.,3488
5236,2025-10-25 04:38:00,Congress criticized the opposition for Congress issues.,4515
5237,2025-10-25 04:38:30,Modi discussed the new Modi policy in India.,2317
5238,2025-10-25 04:39:00,poll rally spoke about recent improvements in poll rally.,1416
5239,2025-10-25 04:39:30,Congress launched a rally focusing on Congress development.,2350
5240,2025-10-25 04:40:00,poll rally criticized the opposition for poll rally issues.,3168
5241,2025-10-25 04:40:30,education promised better education opportunities for youth.,3827
5242,2025-10-25 04:41:00,Modi criticized the opposition for Modi issues.,3087
5243,2025-10-25 04:41:30,healthcare promised better healthcare opportunities for youth.,890
5244,2025-10-25 04:42:00,Congress announced a major reform in Congress sector.,3354
5245,2025-10-25 04:42:30,jobs discussed the new jobs policy in India.,1374
5246,2025-10-25 04:43:00,jobs spoke about recent improvements in jobs.,861
5247,2025-10-25 04:43:30,education highlighted challenges in education programs.,749
5248,2025-10-25 04:44:00,infrastructure launched a rally focusing on infrastructure development.,1570
5249,2025-10-25 04:44:30,healthcare announced a major reform in healthcare sector.,2805
5250,2025-10-25 04:45:00,infrastructure highlighted challenges in infrastructure programs.,4183
5251,2025-10-25 04:45:30,Rahul Gandhi promised better Rahul Gandhi opportunities for youth.,2836
5252,2025-10-25 04:46:00,Modi announced a major reform in Modi sector.,4094
5253,2025-10-25 04:46:30,corruption discussed the new corruption policy in India.,258
5254,2025-10-25 04:47:00,poll rally announced a major reform in poll rally sector.,1479
5255,2025-10-25 04:47:30,healthcare discussed the new healthcare policy in India.,510
5256,2025-10-25 04:48:00,digital India discussed the new digital India policy in India.,4522
5257,2025-10-25 04:48:30,poll rally promised better poll rally opportunities for youth.,317
5258,2025-10-25 04:49:00,development criticized the opposition for development issues.,3403
5259,2025-10-25 04:49:30,digital India launched a rally focusing on digital India development.,1395
5260,2025-10-25 04:50:00,education launched a rally focusing on education development.,3721
5261,2025-10-25 04:50:30,education discussed the new education policy in India.,2771
5262,2025-10-25 04:51:00,manifesto urged citizens to support manifesto initiatives.,2771
5263,2025-10-25 04:51:30,Congress spoke about recent improvements in Congress.,473
5264,2025-10-25 04:52:00,BJP urged citizens to support BJP initiatives.,1019
5265,2025-10-25 04:52:30,Rahul Gandhi announced a major reform in Rahul Gandhi sector.,136
5266,2025-10-25 04:53:00,development highlighted challenges in development programs.,3394
5267,2025-10-25 04:53:30,Modi urged citizens to support Modi initiatives.,3726
5268,2025-10-25 04:54:00,Election Commission launched a rally focusing on Election Commission development.,719
5269,2025-10-25 04:54:30,healthcare spoke about recent improvements in healthcare.,1135
5270,2025-10-25 04:55:00,Congress urged citizens to support Congress initiatives.,2252
5271,2025-10-25 04:55:30,manifesto discussed the new manifesto policy in India.,343
5272,2025-10-25 04:56:00,Congress discussed the new Congress policy in India.,277
5273,2025-10-25 04:56:30,campaign debated on campaign reforms in Parliament.,1582
5274,2025-10-25 04:57:00,manifesto promised better manifesto opportunities for youth.,2232
5275,2025-10-25 04:57:30,Modi organized a large Modi awareness campaign.,1455
5276,2025-10-25 04:58:00,BJP discussed the new BJP policy in India.,1481
5277,2025-10-25 04:58:30,Congress organized a large Congress awareness campaign.,927
5278,2025-10-25 04:59:00,corruption debated on corruption reforms in Parliament.,340
5279,2025-10-25 04:59:30,education promised better education opportunities for youth.,1202
5280,2025-10-25 05:00:00,development discussed the new development policy in India.,2929
5281,2025-10-25 05:00:30,campaign announced a major reform in campaign sector.,3805
5282,2025-10-25 05:01:00,BJP announced a major reform in BJP sector.,4253
5283,2025-10-25 05:01:30,Election Commission announced a major reform in Election Commission sector.,2898
5284,2025-10-25 05:02:00,Rahul Gandhi spoke about recent improvements in Rahul Gandhi.,822
5285,2025-10-25 05:02:30,Congress discussed the new Congress policy in India.,1865
5286,2025-10-25 05:03:00,Rahul Gandhi promised better Rahul Gandhi opportunities for youth.,114
5287,2025-10-25 05:03:30,manifesto announced a major reform in manifesto sector.,4818
5288,2025-10-25 05:04:00,BJP debated on BJP reforms in Parliament.,3078
5289,2025-10-25 05:04:30,poll rally highlighted challenges in poll rally programs.,4478
5290,2025-10-25 05:05:00,infrastructure debated on infrastructure reforms in Parliament.,3778
5291,2025-10-25 05:05:30,Congress organized a large Congress awareness campaign.,2830
5292,2025-10-25 05:06:00,Rahul Gandhi criticized the opposition for Rahul Gandhi issues.,2032
5293,2025-10-25 05:06:30,BJP announced a major reform in BJP sector.,2883
5294,2025-10-25 05:07:00,Congress promised better Congress opportunities for youth.,500
5295,2025-10-25 05:07:30,development organized a large development awareness campaign.,242
5296,2025-10-25 05:08:00,infrastructure discussed the new infrastructure policy in India.,1899
5297,2025-10-25 05:08:30,corruption promised better corruption opportunities for youth.,1768
5298,2025-10-25 05:09:00,Election Commission organized a large Election Commission awareness campaign.,1412
5299,2025-10-25 05:09:30,manifesto criticized the opposition for manifesto issues.,2124
5300,2025-10-25 05:10:00,healthcare discussed the new healthcare policy in India.,2072
5301,2025-10-25 05:10:30,development spoke about recent improvements in development.,1305
5302,2025-10-25 05:11:00,corruption highlighted challenges in corruption programs.,4739
5303,2025-10-25 05:11:30,BJP debated on BJP reforms in Parliament.,268
5304,2025-10-25 05:12:00,development criticized the opposition for development issues.,1197
5305,2025-10-25 05:12:30,corruption promised better corruption opportunities for youth.,4101
5306,2025-10-25 05:13:00,Congress criticized the opposition for Congress issues.,3665
5307,2025-10-25 05:13:30,healthcare highlighted challenges in healthcare programs.,2602
5308,2025-10-25 05:14:00,corruption criticized the opposition for corruption issues.,4520
5309,2025-10-25 05:14:30,education highlighted challenges in education programs.,3004
5310,2025-10-25 05:15:00,corruption discussed the new corruption policy in India.,4257
5311,2025-10-25 05:15:30,Rahul Gandhi promised better Rahul Gandhi opportunities for youth.,3980
5312,2025-10-25 05:16:00,Rahul Gandhi spoke about recent improvements in Rahul Gandhi.,4119
5313,2025-10-25 05:16:30,Congress promised better Congress opportunities for youth.,4453
5314,2025-10-25 05:17:00,Congress promised better Congress opportunities for youth.,4702
5315,2025-10-25 05:17:30,education organized a large education awareness campaign.,1504
5316,2025-10-25 05:18:00,development launched a rally focusing on development development.,1097
5317,2025-10-25 05:18:30,Election Commission launched a rally focusing on Election Commission development.,4392
5318,2025-10-25 05:19:00,digital India spoke about recent improvements in digital India.,1471
5319,2025-10-25 05:19:30,Congress promised better Congress opportunities for youth.,2683
5320,2025-10-25 05:20:00,BJP urged citizens to support BJP initiatives.,613
5321,2025-10-25 05:20:30,Rahul Gandhi organized a large Rahul Gandhi awareness campaign.,3736
5322,2025-10-25 05:21:00,infrastructure launched a rally focusing on infrastructure development.,2378
5323,2025-10-25 05:21:30,corruption launched a rally focusing on corruption development.,2456
5324,2025-10-25 05:22:00,manifesto criticized the opposition for manifesto issues.,1402
5325,2025-10-25 05:22:30,Election Commission organized a large Election Commission awareness campaign.,3137
5326,2025-10-25 05:23:00,digital India discussed the new digital India policy in India.,4087
5327,2025-10-25 05:23:30,infrastructure promised better infrastructure opportunities for youth.,3933
5328,2025-10-25 05:24:00,Rahul Gandhi spoke about recent improvements in Rahul Gandhi.,428
5329,2025-10-25 05:24:30,infrastructure announced a major reform in infrastructure sector.,4472
5330,2025-10-25 05:25:00,Rahul Gandhi promised better Rahul Gandhi opportunities for youth.,3748
5331,2025-10-25 05:25:30,Congress announced a major reform in Congress sector.,250
5332,2025-10-25 05:26:00,poll rally spoke about recent improvements in poll rally.,1054
5333,2025-10-25 05:26:30,Rahul Gandhi announced a major reform in Rahul Gandhi sector.,754
5334,2025-10-25 05:27:00,infrastructure organized a large infrastructure awareness campaign.,1045
5335,2025-10-25 05:27:30,Modi promised better Modi opportunities for youth.,4296
5336,2025-10-25 05:28:00,Congress criticized the opposition for Congress issues.,4639
5337,2025-10-25 05:28:30,manifesto highlighted challenges in manifesto programs.,3900
5338,2025-10-25 05:29:00,education criticized the opposition for education issues.,583
5339,2025-10-25 05:29:30,Rahul Gandhi criticized the opposition for Rahul Gandhi issues.,4288
5340,2025-10-25 05:30:00,jobs criticized the opposition for jobs issues.,2126
5341,2025-10-25 05:30:30,education organized a large education awareness campaign.,4513
5342,2025-10-25 05:31:00,development spoke about recent improvements in development.,1775
5343,2025-10-25 05:31:30,jobs launched a rally focusing on jobs development.,1035
5344,2025-10-25 05:32:00,jobs urged citizens to support jobs initiatives.,2907
5345,2025-10-25 05:32:30,jobs announced a major reform in jobs sector.,2956
5346,2025-10-25 05:33:00,Modi announced a major reform in Modi sector.,3507
5347,2025-10-25 05:33:30,education discussed the new education policy in India.,1355
5348,2025-10-25 05:34:00,healthcare criticized the opposition for healthcare issues.,276
5349,2025-10-25 05:34:30,digital India debated on digital India reforms in Parliament.,4049
5350,2025-10-25 05:35:00,manifesto criticized the opposition for manifesto issues.,4160
5351,2025-10-25 05:35:30,Modi urged citizens to support Modi initiatives.,925
5352,2025-10-25 05:36:00,development promised better development opportunities for youth.,2517
5353,2025-10-25 05:36:30,BJP discussed the new BJP policy in India.,3335
5354,2025-10-25 05:37:00,manifesto launched a rally focusing on manifesto development.,1937
5355,2025-10-25 05:37:30,poll rally urged citizens to support poll rally initiatives.,4631
5356,2025-10-25 05:38:00,development criticized the opposition for development issues.,714
5357,2025-10-25 05:38:30,BJP spoke about recent improvements in BJP.,3401
5358,2025-10-25 05:39:00,development criticized the opposition for development issues.,213
5359,2025-10-25 05:39:30,jobs urged citizens to support jobs initiatives.,4650
5360,2025-10-25 05:40:00,poll rally promised better poll rally opportunities for youth.,23
5361,2025-10-25 05:40:30,jobs debated on jobs reforms in Parliament.,3951
5362,2025-10-25 05:41:00,corruption announced a major reform in corruption sector.,2797
5363,2025-10-25 05:41:30,development criticized the opposition for development issues.,3564
5364,2025-10-25 05:42:00,Congress highlighted challenges in Congress programs.,1415
5365,2025-10-25 05:42:30,manifesto promised better manifesto opportunities for youth.,4538
5366,2025-10-25 05:43:00,Modi spoke about recent improvements in Modi.,4736
5367,2025-10-25 05:43:30,jobs debated on jobs reforms in Parliament.,255
5368,2025-10-25 05:44:00,education highlighted challenges in education programs.,3069
5369,2025-10-25 05:44:30,BJP discussed the new BJP policy in India.,332
5370,2025-10-25 05:45:00,infrastructure organized a large infrastructure awareness campaign.,2197
5371,2025-10-25 05:45:30,poll rally promised better poll rally opportunities for youth.,3438
5372,2025-10-25 05:46:00,Election Commission highlighted challenges in Election Commission programs.,2288
5373,2025-10-25 05:46:30,education urged citizens to support education initiatives.,3964
5374,2025-10-25 05:47:00,Modi debated on Modi reforms in Parliament.,2044
5375,2025-10-25 05:47:30,poll rally announced a major reform in poll rally sector.,1135
5376,2025-10-25 05:48:00,Modi launched a rally focusing on Modi development.,4704
5377,2025-10-25 05:48:30,manifesto spoke about recent improvements in manifesto.,3135
5378,2025-10-25 05:49:00,jobs promised better jobs opportunities for youth.,675
5379,2025-10-25 05:49:30,Election Commission announced a major reform in Election Commission sector.,3046
5380,2025-10-25 05:50:00,development discussed the new development policy in India.,332
5381,2025-10-25 05:50:30,Election Commission urged citizens to support Election Commission initiatives.,4110
5382,2025-10-25 05:51:00,development announced a major reform in development sector.,325
5383,2025-10-25 05:51:30,development urged citizens to support development initiatives.,2094
5384,2025-10-25 05:52:00,Rahul Gandhi discussed the new Rahul Gandhi policy in India.,3682
5385,2025-10-25 05:52:30,campaign launched a rally focusing on campaign development.,1119
5386,2025-10-25 05:53:00,Rahul Gandhi highlighted challenges in Rahul Gandhi programs.,1488
5387,2025-10-25 05:53:30,manifesto spoke about recent improvements in manifesto.,1996
5388,2025-10-25 05:54:00,infrastructure discussed the new infrastructure policy in India.,1177
5389,2025-10-25 05:54:30,jobs promised better jobs opportunities for youth.,4515
5390,2025-10-25 05:55:00,manifesto announced a major reform in manifesto sector.,4373
5391,2025-10-25 05:55:30,education criticized the opposition for education issues.,3644
5392,2025-10-25 05:56:00,infrastructure urged citizens to support infrastructure initiatives.,4362
5393,2025-10-25 05:56:30,jobs organized a large jobs awareness campaign.,4187
5394,2025-10-25 05:57:00,corruption discussed the new corruption policy in India.,3583
5395,2025-10-25 05:57:30,Rahul Gandhi urged citizens to support Rahul Gandhi initiatives.,4775
5396,2025-10-25 05:58:00,development promised better development opportunities for youth.,2621
5397,2025-10-25 05:58:30,BJP promised better BJP opportunities for youth.,2367
5398,2025-10-25 05:59:00,BJP criticized the opposition for BJP issues.,1566
5399,2025-10-25 05:59:30,Modi criticized the opposition for Modi issues.,3621
5400,2025-10-25 06:00:00,healthcare debated on healthcare reforms in Parliament.,3790
5401,2025-10-25 06:00:30,digital India discussed the new digital India policy in India.,2515
5402,2025-10-25 06:01:00,Election Commission organized a large Election Commission awareness campaign.,3806
5403,2025-10-25 06:01:30,Modi discussed the new Modi policy in India.,1836
5404,2025-10-25 06:02:00,poll rally launched a rally focusing on poll rally development.,4984
5405,2025-10-25 06:02:30,healthcare criticized the opposition for healthcare issues.,1963
5406,2025-10-25 06:03:00,Modi promised better Modi opportunities for youth.,4312
5407,2025-10-25 06:03:30,infrastructure organized a large infrastructure awareness campaign.,4480
5408,2025-10-25 06:04:00,development organized a large development awareness campaign.,3427
5409,2025-10-25 06:04:30,Congress launched a rally focusing on Congress development.,3403
5410,2025-10-25 06:05:00,campaign urged citizens to support campaign initiatives.,3920
5411,2025-10-25 06:05:30,corruption promised better corruption opportunities for youth.,2762
5412,2025-10-25 06:06:00,digital India promised better digital India opportunities for youth.,4192
5413,2025-10-25 06:06:30,Modi spoke about recent improvements in Modi.,192
5414,2025-10-25 06:07:00,healthcare highlighted challenges in healthcare programs.,514
5415,2025-10-25 06:07:30,poll rally announced a major reform in poll rally sector.,4178
5416,2025-10-25 06:08:00,manifesto spoke about recent improvements in manifesto.,2057
5417,2025-10-25 06:08:30,development debated on development reforms in Parliament.,3705
5418,2025-10-25 06:09:00,digital India announced a major reform in digital India sector.,224
5419,2025-10-25 06:09:30,digital India promised better digital India opportunities for youth.,1691
5420,2025-10-25 06:10:00,education discussed the new education policy in India.,3542
5421,2025-10-25 06:10:30,BJP organized a large BJP awareness campaign.,2957
5422,2025-10-25 06:11:00,development promised better development opportunities for youth.,2117
5423,2025-10-25 06:11:30,development criticized the opposition for development issues.,2742
5424,2025-10-25 06:12:00,Congress launched a rally focusing on Congress development.,768
5425,2025-10-25 06:12:30,jobs promised better jobs opportunities for youth.,4769
5426,2025-10-25 06:13:00,manifesto criticized the opposition for manifesto issues.,4044
5427,2025-10-25 06:13:30,digital India debated on digital India reforms in Parliament.,259
5428,2025-10-25 06:14:00,poll rally launched a rally focusing on poll rally development.,3113
5429,2025-10-25 06:14:30,Congress organized a large Congress awareness campaign.,2974
5430,2025-10-25 06:15:00,Congress organized a large Congress awareness campaign.,4347
5431,2025-10-25 06:15:30,poll rally announced a major reform in poll rally sector.,4435
5432,2025-10-25 06:16:00,education urged citizens to support education initiatives.,26
5433,2025-10-25 06:16:30,development discussed the new development policy in India.,1421
5434,2025-10-25 06:17:00,BJP highlighted challenges in BJP programs.,4075
5435,2025-10-25 06:17:30,development organized a large development awareness campaign.,1069
5436,2025-10-25 06:18:00,infrastructure discussed the new infrastructure policy in India.,321
5437,2025-10-25 06:18:30,Election Commission highlighted challenges in Election Commission programs.,2440
5438,2025-10-25 06:19:00,digital India debated on digital India reforms in Parliament.,3654
5439,2025-10-25 06:19:30,campaign spoke about recent improvements in campaign.,85
5440,2025-10-25 06:20:00,Rahul Gandhi debated on Rahul Gandhi reforms in Parliament.,3492
5441,2025-10-25 06:20:30,corruption announced a major reform in corruption sector.,2463
5442,2025-10-25 06:21:00,development announced a major reform in development sector.,3698
5443,2025-10-25 06:21:30,education spoke about recent improvements in education.,3810
5444,2025-10-25 06:22:00,education organized a large education awareness campaign.,2349
5445,2025-10-25 06:22:30,Modi spoke about recent improvements in Modi.,616
5446,2025-10-25 06:23:00,healthcare highlighted challenges in healthcare programs.,537
5447,2025-10-25 06:23:30,BJP announced a major reform in BJP sector.,3637
5448,2025-10-25 06:24:00,digital India discussed the new digital India policy in India.,2590
5449,2025-10-25 06:24:30,corruption discussed the new corruption policy in India.,108
5450,2025-10-25 06:25:00,education promised better education opportunities for youth.,882
5451,2025-10-25 06:25:30,jobs criticized the opposition for jobs issues.,2370
5452,2025-10-25 06:26:00,Election Commission discussed the new Election Commission policy in India.,1601
5453,2025-10-25 06:26:30,Modi promised better Modi opportunities for youth.,2333
5454,2025-10-25 06:27:00,corruption criticized the opposition for corruption issues.,1151
5455,2025-10-25 06:27:30,healthcare debated on healthcare reforms in Parliament.,325
5456,2025-10-25 06:28:00,development launched a rally focusing on development development.,437
5457,2025-10-25 06:28:30,poll rally spoke about recent improvements in poll rally.,3264
5458,2025-10-25 06:29:00,Modi discussed the new Modi policy in India.,1353
5459,2025-10-25 06:29:30,poll rally discussed the new poll rally policy in India.,445
5460,2025-10-25 06:30:00,corruption debated on corruption reforms in Parliament.,4413
5461,2025-10-25 06:30:30,poll rally spoke about recent improvements in poll rally.,3831
5462,2025-10-25 06:31:00,digital India criticized the opposition for digital India issues.,3360
5463,2025-10-25 06:31:30,poll rally urged citizens to support poll rally initiatives.,4391
5464,2025-10-25 06:32:00,campaign launched a rally focusing on campaign development.,450
5465,2025-10-25 06:32:30,jobs debated on jobs reforms in Parliament.,3654
5466,2025-10-25 06:33:00,Modi debated on Modi reforms in Parliament.,3767
5467,2025-10-25 06:33:30,education spoke about recent improvements in education.,136
5468,2025-10-25 06:34:00,education spoke about recent improvements in education.,1790
5469,2025-10-25 06:34:30,corruption debated on corruption reforms in Parliament.,3819
5470,2025-10-25 06:35:00,healthcare discussed the new healthcare policy in India.,3435
5471,2025-10-25 06:35:30,Election Commission announced a major reform in Election Commission sector.,4707
5472,2025-10-25 06:36:00,BJP urged citizens to support BJP initiatives.,4717
5473,2025-10-25 06:36:30,campaign discussed the new campaign policy in India.,2083
5474,2025-10-25 06:37:00,manifesto debated on manifesto reforms in Parliament.,2688
5475,2025-10-25 06:37:30,poll rally discussed the new poll rally policy in India.,4628
5476,2025-10-25 06:38:00,poll rally debated on poll rally reforms in Parliament.,752
5477,2025-10-25 06:38:30,manifesto criticized the opposition for manifesto issues.,862
5478,2025-10-25 06:39:00,education launched a rally focusing on education development.,1039
5479,2025-10-25 06:39:30,poll rally criticized the opposition for poll rally issues.,4493
5480,2025-10-25 06:40:00,digital India debated on digital India reforms in Parliament.,2552
5481,2025-10-25 06:40:30,corruption discussed the new corruption policy in India.,441
5482,2025-10-25 06:41:00,Modi highlighted challenges in Modi programs.,2298
5483,2025-10-25 06:41:30,Modi discussed the new Modi policy in India.,1148
5484,2025-10-25 06:42:00,development spoke about recent improvements in development.,4390
5485,2025-10-25 06:42:30,healthcare announced a major reform in healthcare sector.,2335
5486,2025-10-25 06:43:00,manifesto discussed the new manifesto policy in India.,3392
5487,2025-10-25 06:43:30,infrastructure spoke about recent improvements in infrastructure.,896
5488,2025-10-25 06:44:00,poll rally promised better poll rally opportunities for youth.,318
5489,2025-10-25 06:44:30,Rahul Gandhi discussed the new Rahul Gandhi policy in India.,1841
5490,2025-10-25 06:45:00,education launched a rally focusing on education development.,2017
5491,2025-10-25 06:45:30,education launched a rally focusing on education development.,2158
5492,2025-10-25 06:46:00,Congress discussed the new Congress policy in India.,1998
5493,2025-10-25 06:46:30,development urged citizens to support development initiatives.,3428
5494,2025-10-25 06:47:00,jobs debated on jobs reforms in Parliament.,4548
5495,2025-10-25 06:47:30,infrastructure launched a rally focusing on infrastructure development.,4434
5496,2025-10-25 06:48:00,infrastructure urged citizens to support infrastructure initiatives.,3440
5497,2025-10-25 06:48:30,education promised better education opportunities for youth.,2440
5498,2025-10-25 06:49:00,infrastructure highlighted challenges in infrastructure programs.,3263
5499,2025-10-25 06:49:30,jobs criticized the opposition for jobs issues.,3117
5500,2025-10-25 06:50:00,Rahul Gandhi launched a rally focusing on Rahul Gandhi development.,186
5501,2025-10-25 06:50:30,BJP spoke about recent improvements in BJP.,1339
5502,2025-10-25 06:51:00,manifesto debated on manifesto reforms in Parliament.,3140
5503,2025-10-25 06:51:30,Election Commission discussed the new Election Commission policy in India.,2241
5504,2025-10-25 06:52:00,education criticized the opposition for education issues.,282
5505,2025-10-25 06:52:30,Election Commission launched a rally focusing on Election Commission development.,3318
5506,2025-10-25 06:53:00,education promised better education opportunities for youth.,4025
5507,2025-10-25 06:53:30,Congress spoke about recent improvements in Congress.,1906
5508,2025-10-25 06:54:00,manifesto discussed the new manifesto policy in India.,3251
5509,2025-10-25 06:54:30,manifesto organized a large manifesto awareness campaign.,1552
5510,2025-10-25 06:55:00,Modi urged citizens to support Modi initiatives.,1427
5511,2025-10-25 06:55:30,development spoke about recent improvements in development.,2720
5512,2025-10-25 06:56:00,corruption urged citizens to support corruption initiatives.,2830
5513,2025-10-25 06:56:30,education launched a rally focusing on education development.,4861
5514,2025-10-25 06:57:00,infrastructure announced a major reform in infrastructure sector.,745
5515,2025-10-25 06:57:30,development discussed the new development policy in India.,588
5516,2025-10-25 06:58:00,campaign criticized the opposition for campaign issues.,4270
5517,2025-10-25 06:58:30,Rahul Gandhi highlighted challenges in Rahul Gandhi programs.,1678
5518,2025-10-25 06:59:00,healthcare spoke about recent improvements in healthcare.,1372
5519,2025-10-25 06:59:30,Congress launched a rally focusing on Congress development.,1043
5520,2025-10-25 07:00:00,Election Commission organized a large Election Commission awareness campaign.,1742
5521,2025-10-25 07:00:30,Rahul Gandhi urged citizens to support Rahul Gandhi initiatives.,2652
5522,2025-10-25 07:01:00,digital India urged citizens to support digital India initiatives.,4752
5523,2025-10-25 07:01:30,manifesto organized a large manifesto awareness campaign.,2486
5524,2025-10-25 07:02:00,manifesto discussed the new manifesto policy in India.,3212
5525,2025-10-25 07:02:30,infrastructure spoke about recent improvements in infrastructure.,1506
5526,2025-10-25 07:03:00,Election Commission debated on Election Commission reforms in Parliament.,1482
5527,2025-10-25 07:03:30,BJP spoke about recent improvements in BJP.,4172
5528,2025-10-25 07:04:00,Congress spoke about recent improvements in Congress.,4768
5529,2025-10-25 07:04:30,corruption announced a major reform in corruption sector.,4937
5530,2025-10-25 07:05:00,poll rally criticized the opposition for poll rally issues.,3307
5531,2025-10-25 07:05:30,healthcare urged citizens to support healthcare initiatives.,1275
5532,2025-10-25 07:06:00,BJP spoke about recent improvements in BJP.,1647
5533,2025-10-25 07:06:30,campaign organized a large campaign awareness campaign.,1332
5534,2025-10-25 07:07:00,BJP urged citizens to support BJP initiatives.,3763
5535,2025-10-25 07:07:30,poll rally criticized the opposition for poll rally issues.,1118
5536,2025-10-25 07:08:00,corruption spoke about recent improvements in corruption.,4623
5537,2025-10-25 07:08:30,Rahul Gandhi highlighted challenges in Rahul Gandhi programs.,4746
5538,2025-10-25 07:09:00,Election Commission discussed the new Election Commission policy in India.,51
5539,2025-10-25 07:09:30,healthcare criticized the opposition for healthcare issues.,4551
5540,2025-10-25 07:10:00,Congress launched a rally focusing on Congress development.,1317
5541,2025-10-25 07:10:30,Modi debated on Modi reforms in Parliament.,4502
5542,2025-10-25 07:11:00,digital India criticized the opposition for digital India issues.,106
5543,2025-10-25 07:11:30,Modi launched a rally focusing on Modi development.,2476
5544,2025-10-25 07:12:00,Congress urged citizens to support Congress initiatives.,3325
5545,2025-10-25 07:12:30,campaign discussed the new campaign policy in India.,3716
5546,2025-10-25 07:13:00,healthcare promised better healthcare opportunities for youth.,3866
5547,2025-10-25 07:13:30,BJP organized a large BJP awareness campaign.,2856
5548,2025-10-25 07:14:00,poll rally announced a major reform in poll rally sector.,2434
5549,2025-10-25 07:14:30,digital India launched a rally focusing on digital India development.,1956
5550,2025-10-25 07:15:00,Rahul Gandhi organized a large Rahul Gandhi awareness campaign.,2533
5551,2025-10-25 07:15:30,Rahul Gandhi criticized the opposition for Rahul Gandhi issues.,3084
5552,2025-10-25 07:16:00,manifesto announced a major reform in manifesto sector.,3996
5553,2025-10-25 07:16:30,poll rally announced a major reform in poll rally sector.,3858
5554,2025-10-25 07:17:00,corruption discussed the new corruption policy in India.,4351
5555,2025-10-25 07:17:30,corruption organized a large corruption awareness campaign.,708
5556,2025-10-25 07:18:00,Congress criticized the opposition for Congress issues.,4119
5557,2025-10-25 07:18:30,campaign organized a large campaign awareness campaign.,2138
5558,2025-10-25 07:19:00,campaign discussed the new campaign policy in India.,3467
5559,2025-10-25 07:19:30,jobs organized a large jobs awareness campaign.,980
5560,2025-10-25 07:20:00,Modi highlighted challenges in Modi programs.,4827
5561,2025-10-25 07:20:30,campaign discussed the new campaign policy in India.,3276
5562,2025-10-25 07:21:00,Rahul Gandhi spoke about recent improvements in Rahul Gandhi.,2590
5563,2025-10-25 07:21:30,Congress organized a large Congress awareness campaign.,2871
5564,2025-10-25 07:22:00,BJP launched a rally focusing on BJP development.,4570
5565,2025-10-25 07:22:30,development promised better development opportunities for youth.,4819
5566,2025-10-25 07:23:00,education spoke about recent improvements in education.,4129
5567,2025-10-25 07:23:30,digital India criticized the opposition for digital India issues.,1551
5568,2025-10-25 07:24:00,manifesto discussed the new manifesto policy in India.,3490
5569,2025-10-25 07:24:30,education discussed the new education policy in India.,3164
5570,2025-10-25 07:25:00,education promised better education opportunities for youth.,2674
5571,2025-10-25 07:25:30,education promised better education opportunities for youth.,1066
5572,2025-10-25 07:26:00,infrastructure promised better infrastructure opportunities for youth.,4225
5573,2025-10-25 07:26:30,Rahul Gandhi organized a large Rahul Gandhi awareness campaign.,1692
5574,2025-10-25 07:27:00,BJP spoke about recent improvements in BJP.,3460
5575,2025-10-25 07:27:30,Rahul Gandhi spoke about recent improvements in Rahul Gandhi.,125
5576,2025-10-25 07:28:00,healthcare organized a large healthcare awareness campaign.,3651
5577,2025-10-25 07:28:30,campaign urged citizens to support campaign initiatives.,1134
5578,2025-10-25 07:29:00,Election Commission debated on Election Commission reforms in Parliament.,3304
5579,2025-10-25 07:29:30,manifesto discussed the new manifesto policy in India.,3305
5580,2025-10-25 07:30:00,Modi organized a large Modi awareness campaign.,2739
5581,2025-10-25 07:30:30,Rahul Gandhi spoke about recent improvements in Rahul Gandhi.,2643
5582,2025-10-25 07:31:00,corruption spoke about recent improvements in corruption.,569
5583,2025-10-25 07:31:30,Modi discussed the new Modi policy in India.,4151
5584,2025-10-25 07:32:00,Rahul Gandhi highlighted challenges in Rahul Gandhi programs.,4810
5585,2025-10-25 07:32:30,Election Commission discussed the new Election Commission policy in India.,1180
5586,2025-10-25 07:33:00,infrastructure discussed the new infrastructure policy in India.,3445
5587,2025-10-25 07:33:30,development promised better development opportunities for youth.,3241
5588,2025-10-25 07:34:00,Modi organized a large Modi awareness campaign.,3931
5589,2025-10-25 07:34:30,Modi announced a major reform in Modi sector.,3523
5590,2025-10-25 07:35:00,poll rally promised better poll rally opportunities for youth.,933
5591,2025-10-25 07:35:30,poll rally promised better poll rally opportunities for youth.,4546
5592,2025-10-25 07:36:00,jobs organized a large jobs awareness campaign.,1690
5593,2025-10-25 07:36:30,Modi organized a large Modi awareness campaign.,4055
5594,2025-10-25 07:37:00,infrastructure spoke about recent improvements in infrastructure.,366
5595,2025-10-25 07:37:30,campaign debated on campaign reforms in Parliament.,24
5596,2025-10-25 07:38:00,digital India discussed the new digital India policy in India.,2377
5597,2025-10-25 07:38:30,development discussed the new development policy in India.,1279
5598,2025-10-25 07:39:00,BJP spoke about recent improvements in BJP.,1888
5599,2025-10-25 07:39:30,Rahul Gandhi urged citizens to support Rahul Gandhi initiatives.,493
5600,2025-10-25 07:40:00,Congress highlighted challenges in Congress programs.,2751
5601,2025-10-25 07:40:30,Election Commission announced a major reform in Election Commission sector.,3448
5602,2025-10-25 07:41:00,jobs highlighted challenges in jobs programs.,4943
5603,2025-10-25 07:41:30,healthcare urged citizens to support healthcare initiatives.,4800
5604,2025-10-25 07:42:00,BJP organized a large BJP awareness campaign.,225
5605,2025-10-25 07:42:30,education debated on education reforms in Parliament.,3807
5606,2025-10-25 07:43:00,poll rally discussed the new poll rally policy in India.,1745
5607,2025-10-25 07:43:30,Congress launched a rally focusing on Congress development.,2969
5608,2025-10-25 07:44:00,campaign spoke about recent improvements in campaign.,3414
5609,2025-10-25 07:44:30,Election Commission discussed the new Election Commission policy in India.,3780
5610,2025-10-25 07:45:00,Modi urged citizens to support Modi initiatives.,2223
5611,2025-10-25 07:45:30,manifesto criticized the opposition for manifesto issues.,1765
5612,2025-10-25 07:46:00,Modi announced a major reform in Modi sector.,4704
5613,2025-10-25 07:46:30,digital India criticized the opposition for digital India issues.,992
5614,2025-10-25 07:47:00,jobs discussed the new jobs policy in India.,2817
5615,2025-10-25 07:47:30,BJP promised better BJP opportunities for youth.,318
5616,2025-10-25 07:48:00,Congress highlighted challenges in Congress programs.,3737
5617,2025-10-25 07:48:30,infrastructure announced a major reform in infrastructure sector.,4637
5618,2025-10-25 07:49:00,BJP criticized the opposition for BJP issues.,3395
5619,2025-10-25 07:49:30,Congress spoke about recent improvements in Congress.,4797
5620,2025-10-25 07:50:00,healthcare announced a major reform in healthcare sector.,4363
5621,2025-10-25 07:50:30,poll rally spoke about recent improvements in poll rally.,724
5622,2025-10-25 07:51:00,Modi organized a large Modi awareness campaign.,4797
5623,2025-10-25 07:51:30,manifesto highlighted challenges in manifesto programs.,2549
5624,2025-10-25 07:52:00,poll rally discussed the new poll rally policy in India.,1889
5625,2025-10-25 07:52:30,manifesto spoke about recent improvements in manifesto.,4756
5626,2025-10-25 07:53:00,infrastructure announced a major reform in infrastructure sector.,3367
5627,2025-10-25 07:53:30,healthcare highlighted challenges in healthcare programs.,546
5628,2025-10-25 07:54:00,Rahul Gandhi highlighted challenges in Rahul Gandhi programs.,3127
5629,2025-10-25 07:54:30,campaign highlighted challenges in campaign programs.,2338
5630,2025-10-25 07:55:00,Election Commission highlighted challenges in Election Commission programs.,3687
5631,2025-10-25 07:55:30,education discussed the new education policy in India.,3070
5632,2025-10-25 07:56:00,education launched a rally focusing on education development.,1265
5633,2025-10-25 07:56:30,infrastructure discussed the new infrastructure policy in India.,2603
5634,2025-10-25 07:57:00,corruption highlighted challenges in corruption programs.,2244
5635,2025-10-25 07:57:30,Rahul Gandhi urged citizens to support Rahul Gandhi initiatives.,2976
5636,2025-10-25 07:58:00,corruption debated on corruption reforms in Parliament.,3318
5637,2025-10-25 07:58:30,healthcare launched a rally focusing on healthcare development.,4031
5638,2025-10-25 07:59:00,campaign urged citizens to support campaign initiatives.,4171
5639,2025-10-25 07:59:30,BJP criticized the opposition for BJP issues.,4994
5640,2025-10-25 08:00:00,corruption promised better corruption opportunities for youth.,2340
5641,2025-10-25 08:00:30,infrastructure criticized the opposition for infrastructure issues.,1956
5642,2025-10-25 08:01:00,infrastructure urged citizens to support infrastructure initiatives.,3607
5643,2025-10-25 08:01:30,manifesto promised better manifesto opportunities for youth.,272
5644,2025-10-25 08:02:00,Modi spoke about recent improvements in Modi.,4275
5645,2025-10-25 08:02:30,poll rally announced a major reform in poll rally sector.,3439
5646,2025-10-25 08:03:00,jobs highlighted challenges in jobs programs.,1655
5647,2025-10-25 08:03:30,Congress debated on Congress reforms in Parliament.,570
5648,2025-10-25 08:04:00,poll rally promised better poll rally opportunities for youth.,677
5649,2025-10-25 08:04:30,Rahul Gandhi promised better Rahul Gandhi opportunities for youth.,376
5650,2025-10-25 08:05:00,campaign spoke about recent improvements in campaign.,4211
5651,2025-10-25 08:05:30,jobs organized a large jobs awareness campaign.,3588
5652,2025-10-25 08:06:00,Rahul Gandhi debated on Rahul Gandhi reforms in Parliament.,1961
5653,2025-10-25 08:06:30,development spoke about recent improvements in development.,1795
5654,2025-10-25 08:07:00,corruption spoke about recent improvements in corruption.,1768
5655,2025-10-25 08:07:30,BJP discussed the new BJP policy in India.,195
5656,2025-10-25 08:08:00,infrastructure debated on infrastructure reforms in Parliament.,4848
5657,2025-10-25 08:08:30,Congress urged citizens to support Congress initiatives.,918
5658,2025-10-25 08:09:00,corruption announced a major reform in corruption sector.,4610
5659,2025-10-25 08:09:30,poll rally debated on poll rally reforms in Parliament.,3698
5660,2025-10-25 08:10:00,infrastructure criticized the opposition for infrastructure issues.,2066
5661,2025-10-25 08:10:30,poll rally organized a large poll rally awareness campaign.,1473
5662,2025-10-25 08:11:00,Election Commission promised better Election Commission opportunities for youth.,3449
5663,2025-10-25 08:11:30,infrastructure promised better infrastructure opportunities for youth.,37
5664,2025-10-25 08:12:00,Rahul Gandhi promised better Rahul Gandhi opportunities for youth.,2012
5665,2025-10-25 08:12:30,corruption launched a rally focusing on corruption development.,4374
5666,2025-10-25 08:13:00,Rahul Gandhi criticized the opposition for Rahul Gandhi issues.,3844
5667,2025-10-25 08:13:30,Election Commission urged citizens to support Election Commission initiatives.,3361
5668,2025-10-25 08:14:00,education launched a rally focusing on education development.,375
5669,2025-10-25 08:14:30,development organized a large development awareness campaign.,261
5670,2025-10-25 08:15:00,BJP promised better BJP opportunities for youth.,3975
5671,2025-10-25 08:15:30,Modi debated on Modi reforms in Parliament.,1546
5672,2025-10-25 08:16:00,corruption discussed the new corruption policy in India.,3192
5673,2025-10-25 08:16:30,BJP discussed the new BJP policy in India.,1605
5674,2025-10-25 08:17:00,infrastructure announced a major reform in infrastructure sector.,2942
5675,2025-10-25 08:17:30,manifesto spoke about recent improvements in manifesto.,2785
5676,2025-10-25 08:18:00,poll rally spoke about recent improvements in poll rally.,4065
5677,2025-10-25 08:18:30,Election Commission criticized the opposition for Election Commission issues.,4218
5678,2025-10-25 08:19:00,healthcare discussed the new healthcare policy in India.,4178
5679,2025-10-25 08:19:30,corruption debated on corruption reforms in Parliament.,2017
5680,2025-10-25 08:20:00,Modi debated on Modi reforms in Parliament.,3456
5681,2025-10-25 08:20:30,jobs debated on jobs reforms in Parliament.,1868
5682,2025-10-25 08:21:00,Election Commission urged citizens to support Election Commission initiatives.,3128
5683,2025-10-25 08:21:30,corruption highlighted challenges in corruption programs.,1000
5684,2025-10-25 08:22:00,jobs spoke about recent improvements in jobs.,701
5685,2025-10-25 08:22:30,development launched a rally focusing on development development.,2257
5686,2025-10-25 08:23:00,poll rally urged citizens to support poll rally initiatives.,3089
5687,2025-10-25 08:23:30,campaign highlighted challenges in campaign programs.,158
5688,2025-10-25 08:24:00,development discussed the new development policy in India.,2396
5689,2025-10-25 08:24:30,campaign announced a major reform in campaign sector.,3164
5690,2025-10-25 08:25:00,manifesto debated on manifesto reforms in Parliament.,2642
5691,2025-10-25 08:25:30,Congress criticized the opposition for Congress issues.,3977
5692,2025-10-25 08:26:00,corruption discussed the new corruption policy in India.,3425
5693,2025-10-25 08:26:30,manifesto spoke about recent improvements in manifesto.,3881
5694,2025-10-25 08:27:00,BJP announced a major reform in BJP sector.,2082
5695,2025-10-25 08:27:30,BJP debated on BJP reforms in Parliament.,4450
5696,2025-10-25 08:28:00,Modi criticized the opposition for Modi issues.,3695
5697,2025-10-25 08:28:30,education announced a major reform in education sector.,3821
5698,2025-10-25 08:29:00,healthcare urged citizens to support healthcare initiatives.,3474
5699,2025-10-25 08:29:30,Congress debated on Congress reforms in Parliament.,2582
5700,2025-10-25 08:30:00,BJP highlighted challenges in BJP programs.,1413
5701,2025-10-25 08:30:30,poll rally urged citizens to support poll rally initiatives.,3059
5702,2025-10-25 08:31:00,infrastructure launched a rally focusing on infrastructure development.,4969
5703,2025-10-25 08:31:30,Election Commission urged citizens to support Election Commission initiatives.,2621
5704,2025-10-25 08:32:00,campaign highlighted challenges in campaign programs.,3776
5705,2025-10-25 08:32:30,manifesto discussed the new manifesto policy in India.,976
5706,2025-10-25 08:33:00,corruption launched a rally focusing on corruption development.,3454
5707,2025-10-25 08:33:30,development highlighted challenges in development programs.,4375
5708,2025-10-25 08:34:00,healthcare spoke about recent improvements in healthcare.,1037
5709,2025-10-25 08:34:30,Modi announced a major reform in Modi sector.,3407
5710,2025-10-25 08:35:00,poll rally spoke about recent improvements in poll rally.,4628
5711,2025-10-25 08:35:30,Modi announced a major reform in Modi sector.,4322
5712,2025-10-25 08:36:00,Rahul Gandhi criticized the opposition for Rahul Gandhi issues.,2264
5713,2025-10-25 08:36:30,campaign highlighted challenges in campaign programs.,1861
5714,2025-10-25 08:37:00,development criticized the opposition for development issues.,1195
5715,2025-10-25 08:37:30,campaign spoke about recent improvements in campaign.,3742
5716,2025-10-25 08:38:00,jobs launched a rally focusing on jobs development.,4805
5717,2025-10-25 08:38:30,Congress highlighted challenges in Congress programs.,256
5718,2025-10-25 08:39:00,digital India organized a large digital India awareness campaign.,625
5719,2025-10-25 08:39:30,campaign discussed the new campaign policy in India.,703
5720,2025-10-25 08:40:00,poll rally launched a rally focusing on poll rally development.,3627
5721,2025-10-25 08:40:30,manifesto organized a large manifesto awareness campaign.,4417
5722,2025-10-25 08:41:00,development launched a rally focusing on development development.,1794
5723,2025-10-25 08:41:30,healthcare organized a large healthcare awareness campaign.,4792
5724,2025-10-25 08:42:00,BJP announced a major reform in BJP sector.,359
5725,2025-10-25 08:42:30,digital India highlighted challenges in digital India programs.,3506
5726,2025-10-25 08:43:00,Rahul Gandhi discussed the new Rahul Gandhi policy in India.,3470
5727,2025-10-25 08:43:30,jobs urged citizens to support jobs initiatives.,2036
5728,2025-10-25 08:44:00,BJP launched a rally focusing on BJP development.,3344
5729,2025-10-25 08:44:30,infrastructure promised better infrastructure opportunities for youth.,1598
5730,2025-10-25 08:45:00,campaign discussed the new campaign policy in India.,1228
5731,2025-10-25 08:45:30,corruption announced a major reform in corruption sector.,2113
5732,2025-10-25 08:46:00,corruption spoke about recent improvements in corruption.,3474
5733,2025-10-25 08:46:30,Election Commission promised better Election Commission opportunities for youth.,4524
5734,2025-10-25 08:47:00,jobs announced a major reform in jobs sector.,1424
5735,2025-10-25 08:47:30,development criticized the opposition for development issues.,3860
5736,2025-10-25 08:48:00,development launched a rally focusing on development development.,4584
5737,2025-10-25 08:48:30,jobs debated on jobs reforms in Parliament.,4869
5738,2025-10-25 08:49:00,digital India discussed the new digital India policy in India.,4996
5739,2025-10-25 08:49:30,Modi criticized the opposition for Modi issues.,614
5740,2025-10-25 08:50:00,infrastructure spoke about recent improvements in infrastructure.,4825
5741,2025-10-25 08:50:30,BJP organized a large BJP awareness campaign.,2455
5742,2025-10-25 08:51:00,healthcare launched a rally focusing on healthcare development.,2785
5743,2025-10-25 08:51:30,corruption promised better corruption opportunities for youth.,2121
5744,2025-10-25 08:52:00,Rahul Gandhi discussed the new Rahul Gandhi policy in India.,1615
5745,2025-10-25 08:52:30,Election Commission organized a large Election Commission awareness campaign.,3283
5746,2025-10-25 08:53:00,BJP spoke about recent improvements in BJP.,2647
5747,2025-10-25 08:53:30,infrastructure discussed the new infrastructure policy in India.,4177
5748,2025-10-25 08:54:00,education highlighted challenges in education programs.,1085
5749,2025-10-25 08:54:30,poll rally announced a major reform in poll rally sector.,809
5750,2025-10-25 08:55:00,development promised better development opportunities for youth.,4800
5751,2025-10-25 08:55:30,digital India debated on digital India reforms in Parliament.,1933
5752,2025-10-25 08:56:00,jobs promised better jobs opportunities for youth.,1873
5753,2025-10-25 08:56:30,healthcare promised better healthcare opportunities for youth.,4645
5754,2025-10-25 08:57:00,Congress launched a rally focusing on Congress development.,549
5755,2025-10-25 08:57:30,campaign debated on campaign reforms in Parliament.,4532
5756,2025-10-25 08:58:00,corruption highlighted challenges in corruption programs.,297
5757,2025-10-25 08:58:30,BJP urged citizens to support BJP initiatives.,4491
5758,2025-10-25 08:59:00,Modi organized a large Modi awareness campaign.,1428
5759,2025-10-25 08:59:30,manifesto criticized the opposition for manifesto issues.,371
5760,2025-10-25 09:00:00,manifesto spoke about recent improvements in manifesto.,518
5761,2025-10-25 09:00:30,healthcare launched a rally focusing on healthcare development.,1304
5762,2025-10-25 09:01:00,campaign discussed the new campaign policy in India.,1332
5763,2025-10-25 09:01:30,Modi launched a rally focusing on Modi development.,2702
5764,2025-10-25 09:02:00,Rahul Gandhi urged citizens to support Rahul Gandhi initiatives.,4846
5765,2025-10-25 09:02:30,poll rally announced a major reform in poll rally sector.,2209
5766,2025-10-25 09:03:00,corruption promised better corruption opportunities for youth.,3208
5767,2025-10-25 09:03:30,manifesto announced a major reform in manifesto sector.,3916
5768,2025-10-25 09:04:00,campaign highlighted challenges in campaign programs.,4548
5769,2025-10-25 09:04:30,manifesto criticized the opposition for manifesto issues.,2017
5770,2025-10-25 09:05:00,Election Commission promised better Election Commission opportunities for youth.,1789
5771,2025-10-25 09:05:30,infrastructure urged citizens to support infrastructure initiatives.,4733
5772,2025-10-25 09:06:00,poll rally urged citizens to support poll rally initiatives.,899
5773,2025-10-25 09:06:30,manifesto promised better manifesto opportunities for youth.,3751
5774,2025-10-25 09:07:00,campaign urged citizens to support campaign initiatives.,807
5775,2025-10-25 09:07:30,healthcare criticized the opposition for healthcare issues.,3882
5776,2025-10-25 09:08:00,poll rally spoke about recent improvements in poll rally.,613
5777,2025-10-25 09:08:30,Rahul Gandhi announced a major reform in Rahul Gandhi sector.,588
5778,2025-10-25 09:09:00,manifesto criticized the opposition for manifesto issues.,1433
5779,2025-10-25 09:09:30,Election Commission organized a large Election Commission awareness campaign.,394
5780,2025-10-25 09:10:00,poll rally debated on poll rally reforms in Parliament.,4403
5781,2025-10-25 09:10:30,Modi spoke about recent improvements in Modi.,549
5782,2025-10-25 09:11:00,poll rally urged citizens to support poll rally initiatives.,2366
5783,2025-10-25 09:11:30,jobs criticized the opposition for jobs issues.,2256
5784,2025-10-25 09:12:00,healthcare announced a major reform in healthcare sector.,556
5785,2025-10-25 09:12:30,education launched a rally focusing on education development.,1713
5786,2025-10-25 09:13:00,Modi spoke about recent improvements in Modi.,3626
5787,2025-10-25 09:13:30,infrastructure launched a rally focusing on infrastructure development.,334
5788,2025-10-25 09:14:00,Congress debated on Congress reforms in Parliament.,1349
5789,2025-10-25 09:14:30,healthcare debated on healthcare reforms in Parliament.,3110
5790,2025-10-25 09:15:00,development discussed the new development policy in India.,703
5791,2025-10-25 09:15:30,Rahul Gandhi announced a major reform in Rahul Gandhi sector.,382
5792,2025-10-25 09:16:00,Congress launched a rally focusing on Congress development.,4508
5793,2025-10-25 09:16:30,corruption announced a major reform in corruption sector.,2527
5794,2025-10-25 09:17:00,corruption urged citizens to support corruption initiatives.,3094
5795,2025-10-25 09:17:30,Rahul Gandhi discussed the new Rahul Gandhi policy in India.,1093
5796,2025-10-25 09:18:00,Election Commission discussed the new Election Commission policy in India.,3618
5797,2025-10-25 09:18:30,Modi highlighted challenges in Modi programs.,320
5798,2025-10-25 09:19:00,manifesto urged citizens to support manifesto initiatives.,808
5799,2025-10-25 09:19:30,Rahul Gandhi announced a major reform in Rahul Gandhi sector.,3879
5800,2025-10-25 09:20:00,poll rally highlighted challenges in poll rally programs.,726
5801,2025-10-25 09:20:30,Modi debated on Modi reforms in Parliament.,2870
5802,2025-10-25 09:21:00,campaign discussed the new campaign policy in India.,1795
5803,2025-10-25 09:21:30,campaign promised better campaign opportunities for youth.,4493
5804,2025-10-25 09:22:00,BJP promised better BJP opportunities for youth.,2812
5805,2025-10-25 09:22:30,infrastructure urged citizens to support infrastructure initiatives.,89
5806,2025-10-25 09:23:00,jobs highlighted challenges in jobs programs.,3134
5807,2025-10-25 09:23:30,Congress debated on Congress reforms in Parliament.,779
5808,2025-10-25 09:24:00,infrastructure urged citizens to support infrastructure initiatives.,4297
5809,2025-10-25 09:24:30,Congress spoke about recent improvements in Congress.,1629
5810,2025-10-25 09:25:00,Rahul Gandhi highlighted challenges in Rahul Gandhi programs.,1775
5811,2025-10-25 09:25:30,campaign discussed the new campaign policy in India.,3071
5812,2025-10-25 09:26:00,healthcare criticized the opposition for healthcare issues.,489
5813,2025-10-25 09:26:30,Modi promised better Modi opportunities for youth.,2908
5814,2025-10-25 09:27:00,digital India highlighted challenges in digital India programs.,2978
5815,2025-10-25 09:27:30,BJP urged citizens to support BJP initiatives.,608
5816,2025-10-25 09:28:00,manifesto promised better manifesto opportunities for youth.,1151
5817,2025-10-25 09:28:30,poll rally discussed the new poll rally policy in India.,1679
5818,2025-10-25 09:29:00,Congress spoke about recent improvements in Congress.,2423
5819,2025-10-25 09:29:30,development debated on development reforms in Parliament.,30
5820,2025-10-25 09:30:00,BJP promised better BJP opportunities for youth.,4519
5821,2025-10-25 09:30:30,corruption discussed the new corruption policy in India.,1324
5822,2025-10-25 09:31:00,digital India discussed the new digital India policy in India.,485
5823,2025-10-25 09:31:30,infrastructure highlighted challenges in infrastructure programs.,3960
5824,2025-10-25 09:32:00,Modi launched a rally focusing on Modi development.,4371
5825,2025-10-25 09:32:30,infrastructure organized a large infrastructure awareness campaign.,4876
5826,2025-10-25 09:33:00,healthcare promised better healthcare opportunities for youth.,2879
5827,2025-10-25 09:33:30,Congress debated on Congress reforms in Parliament.,4968
5828,2025-10-25 09:34:00,infrastructure debated on infrastructure reforms in Parliament.,358
5829,2025-10-25 09:34:30,corruption discussed the new corruption policy in India.,2637
5830,2025-10-25 09:35:00,poll rally announced a major reform in poll rally sector.,4953
5831,2025-10-25 09:35:30,poll rally criticized the opposition for poll rally issues.,1126
5832,2025-10-25 09:36:00,jobs promised better jobs opportunities for youth.,2314
5833,2025-10-25 09:36:30,Congress launched a rally focusing on Congress development.,1003
5834,2025-10-25 09:37:00,manifesto launched a rally focusing on manifesto development.,213
5835,2025-10-25 09:37:30,healthcare urged citizens to support healthcare initiatives.,4269
5836,2025-10-25 09:38:00,infrastructure urged citizens to support infrastructure initiatives.,3069
5837,2025-10-25 09:38:30,manifesto promised better manifesto opportunities for youth.,2026
5838,2025-10-25 09:39:00,healthcare discussed the new healthcare policy in India.,4810
5839,2025-10-25 09:39:30,Rahul Gandhi criticized the opposition for Rahul Gandhi issues.,4202
5840,2025-10-25 09:40:00,Election Commission promised better Election Commission opportunities for youth.,1121
5841,2025-10-25 09:40:30,poll rally organized a large poll rally awareness campaign.,2248
5842,2025-10-25 09:41:00,poll rally spoke about recent improvements in poll rally.,892
5843,2025-10-25 09:41:30,corruption discussed the new corruption policy in India.,3722
5844,2025-10-25 09:42:00,digital India spoke about recent improvements in digital India.,158
5845,2025-10-25 09:42:30,manifesto organized a large manifesto awareness campaign.,1545
5846,2025-10-25 09:43:00,Rahul Gandhi urged citizens to support Rahul Gandhi initiatives.,3877
5847,2025-10-25 09:43:30,healthcare debated on healthcare reforms in Parliament.,4923
5848,2025-10-25 09:44:00,Congress announced a major reform in Congress sector.,2483
5849,2025-10-25 09:44:30,Rahul Gandhi promised better Rahul Gandhi opportunities for youth.,181
5850,2025-10-25 09:45:00,digital India spoke about recent improvements in digital India.,1695
5851,2025-10-25 09:45:30,Modi highlighted challenges in Modi programs.,4899
5852,2025-10-25 09:46:00,Rahul Gandhi promised better Rahul Gandhi opportunities for youth.,948
5853,2025-10-25 09:46:30,campaign spoke about recent improvements in campaign.,2943
5854,2025-10-25 09:47:00,infrastructure urged citizens to support infrastructure initiatives.,3225
5855,2025-10-25 09:47:30,digital India highlighted challenges in digital India programs.,2235
5856,2025-10-25 09:48:00,jobs debated on jobs reforms in Parliament.,3126
5857,2025-10-25 09:48:30,healthcare announced a major reform in healthcare sector.,4016
5858,2025-10-25 09:49:00,poll rally highlighted challenges in poll rally programs.,4910
5859,2025-10-25 09:49:30,Congress highlighted challenges in Congress programs.,456
5860,2025-10-25 09:50:00,BJP launched a rally focusing on BJP development.,279
5861,2025-10-25 09:50:30,BJP discussed the new BJP policy in India.,2857
5862,2025-10-25 09:51:00,Election Commission launched a rally focusing on Election Commission development.,1595
5863,2025-10-25 09:51:30,jobs highlighted challenges in jobs programs.,4233
5864,2025-10-25 09:52:00,healthcare highlighted challenges in healthcare programs.,1931
5865,2025-10-25 09:52:30,healthcare spoke about recent improvements in healthcare.,3613
5866,2025-10-25 09:53:00,infrastructure discussed the new infrastructure policy in India.,4633
5867,2025-10-25 09:53:30,Modi organized a large Modi awareness campaign.,2806
5868,2025-10-25 09:54:00,healthcare promised better healthcare opportunities for youth.,375
5869,2025-10-25 09:54:30,jobs criticized the opposition for jobs issues.,4585
5870,2025-10-25 09:55:00,corruption criticized the opposition for corruption issues.,2630
5871,2025-10-25 09:55:30,education criticized the opposition for education issues.,4813
5872,2025-10-25 09:56:00,Rahul Gandhi promised better Rahul Gandhi opportunities for youth.,2394
5873,2025-10-25 09:56:30,jobs urged citizens to support jobs initiatives.,3153
5874,2025-10-25 09:57:00,manifesto discussed the new manifesto policy in India.,2304
5875,2025-10-25 09:57:30,poll rally organized a large poll rally awareness campaign.,2045
5876,2025-10-25 09:58:00,Modi urged citizens to support Modi initiatives.,927
5877,2025-10-25 09:58:30,jobs highlighted challenges in jobs programs.,2100
5878,2025-10-25 09:59:00,Congress highlighted challenges in Congress programs.,706
5879,2025-10-25 09:59:30,BJP highlighted challenges in BJP programs.,526
5880,2025-10-25 10:00:00,poll rally debated on poll rally reforms in Parliament.,1332
5881,2025-10-25 10:00:30,Election Commission urged citizens to support Election Commission initiatives.,4450
5882,2025-10-25 10:01:00,Election Commission highlighted challenges in Election Commission programs.,3596
5883,2025-10-25 10:01:30,digital India criticized the opposition for digital India issues.,3036
5884,2025-10-25 10:02:00,BJP announced a major reform in BJP sector.,2088
5885,2025-10-25 10:02:30,Rahul Gandhi highlighted challenges in Rahul Gandhi programs.,3033
5886,2025-10-25 10:03:00,jobs criticized the opposition for jobs issues.,1750
5887,2025-10-25 10:03:30,manifesto launched a rally focusing on manifesto development.,2824
5888,2025-10-25 10:04:00,education announced a major reform in education sector.,3226
5889,2025-10-25 10:04:30,BJP highlighted challenges in BJP programs.,2119
5890,2025-10-25 10:05:00,Rahul Gandhi criticized the opposition for Rahul Gandhi issues.,4595
5891,2025-10-25 10:05:30,development promised better development opportunities for youth.,2911
5892,2025-10-25 10:06:00,jobs debated on jobs reforms in Parliament.,3579
5893,2025-10-25 10:06:30,jobs urged citizens to support jobs initiatives.,970
5894,2025-10-25 10:07:00,jobs debated on jobs reforms in Parliament.,1074
5895,2025-10-25 10:07:30,infrastructure highlighted challenges in infrastructure programs.,973
5896,2025-10-25 10:08:00,poll rally discussed the new poll rally policy in India.,2252
5897,2025-10-25 10:08:30,Rahul Gandhi criticized the opposition for Rahul Gandhi issues.,4445
5898,2025-10-25 10:09:00,poll rally criticized the opposition for poll rally issues.,196
5899,2025-10-25 10:09:30,Rahul Gandhi debated on Rahul Gandhi reforms in Parliament.,1006
5900,2025-10-25 10:10:00,jobs highlighted challenges in jobs programs.,2493
5901,2025-10-25 10:10:30,manifesto organized a large manifesto awareness campaign.,3822
5902,2025-10-25 10:11:00,jobs promised better jobs opportunities for youth.,31
5903,2025-10-25 10:11:30,BJP debated on BJP reforms in Parliament.,3927
5904,2025-10-25 10:12:00,infrastructure highlighted challenges in infrastructure programs.,933
5905,2025-10-25 10:12:30,education debated on education reforms in Parliament.,694
5906,2025-10-25 10:13:00,Rahul Gandhi urged citizens to support Rahul Gandhi initiatives.,1159
5907,2025-10-25 10:13:30,Congress promised better Congress opportunities for youth.,3141
5908,2025-10-25 10:14:00,poll rally highlighted challenges in poll rally programs.,1965
5909,2025-10-25 10:14:30,manifesto highlighted challenges in manifesto programs.,125
5910,2025-10-25 10:15:00,poll rally debated on poll rally reforms in Parliament.,459
5911,2025-10-25 10:15:30,jobs promised better jobs opportunities for youth.,576
5912,2025-10-25 10:16:00,corruption launched a rally focusing on corruption development.,136
5913,2025-10-25 10:16:30,Modi urged citizens to support Modi initiatives.,4846
5914,2025-10-25 10:17:00,campaign launched a rally focusing on campaign development.,3114
5915,2025-10-25 10:17:30,Election Commission urged citizens to support Election Commission initiatives.,890
5916,2025-10-25 10:18:00,jobs criticized the opposition for jobs issues.,3698
5917,2025-10-25 10:18:30,campaign highlighted challenges in campaign programs.,2610
5918,2025-10-25 10:19:00,jobs spoke about recent improvements in jobs.,397
5919,2025-10-25 10:19:30,healthcare criticized the opposition for healthcare issues.,1187
5920,2025-10-25 10:20:00,corruption launched a rally focusing on corruption development.,810
5921,2025-10-25 10:20:30,digital India spoke about recent improvements in digital India.,93
5922,2025-10-25 10:21:00,healthcare criticized the opposition for healthcare issues.,3661
5923,2025-10-25 10:21:30,poll rally spoke about recent improvements in poll rally.,506
5924,2025-10-25 10:22:00,poll rally spoke about recent improvements in poll rally.,2540
5925,2025-10-25 10:22:30,manifesto launched a rally focusing on manifesto development.,2665
5926,2025-10-25 10:23:00,Rahul Gandhi spoke about recent improvements in Rahul Gandhi.,2605
5927,2025-10-25 10:23:30,Modi highlighted challenges in Modi programs.,3844
5928,2025-10-25 10:24:00,poll rally debated on poll rally reforms in Parliament.,1362
5929,2025-10-25 10:24:30,BJP urged citizens to support BJP initiatives.,3804
5930,2025-10-25 10:25:00,manifesto promised better manifesto opportunities for youth.,4887
5931,2025-10-25 10:25:30,Modi urged citizens to support Modi initiatives.,1895
5932,2025-10-25 10:26:00,Rahul Gandhi debated on Rahul Gandhi reforms in Parliament.,3058
5933,2025-10-25 10:26:30,development debated on development reforms in Parliament.,384
5934,2025-10-25 10:27:00,healthcare discussed the new healthcare policy in India.,1444
5935,2025-10-25 10:27:30,Rahul Gandhi spoke about recent improvements in Rahul Gandhi.,4844
5936,2025-10-25 10:28:00,corruption promised better corruption opportunities for youth.,1031
5937,2025-10-25 10:28:30,Election Commission criticized the opposition for Election Commission issues.,4196
5938,2025-10-25 10:29:00,BJP urged citizens to support BJP initiatives.,4786
5939,2025-10-25 10:29:30,poll rally launched a rally focusing on poll rally development.,4865
5940,2025-10-25 10:30:00,infrastructure organized a large infrastructure awareness campaign.,2064
5941,2025-10-25 10:30:30,jobs debated on jobs reforms in Parliament.,4082
5942,2025-10-25 10:31:00,manifesto organized a large manifesto awareness campaign.,2021
5943,2025-10-25 10:31:30,development highlighted challenges in development programs.,4349
5944,2025-10-25 10:32:00,BJP highlighted challenges in BJP programs.,2116
5945,2025-10-25 10:32:30,Congress criticized the opposition for Congress issues.,132
5946,2025-10-25 10:33:00,manifesto spoke about recent improvements in manifesto.,1549
5947,2025-10-25 10:33:30,campaign spoke about recent improvements in campaign.,3242
5948,2025-10-25 10:34:00,corruption urged citizens to support corruption initiatives.,2838
5949,2025-10-25 10:34:30,education highlighted challenges in education programs.,941
5950,2025-10-25 10:35:00,jobs announced a major reform in jobs sector.,1079
5951,2025-10-25 10:35:30,Congress launched a rally focusing on Congress development.,3952
5952,2025-10-25 10:36:00,poll rally spoke about recent improvements in poll rally.,4111
5953,2025-10-25 10:36:30,Election Commission urged citizens to support Election Commission initiatives.,4293
5954,2025-10-25 10:37:00,infrastructure spoke about recent improvements in infrastructure.,838
5955,2025-10-25 10:37:30,jobs spoke about recent improvements in jobs.,2133
5956,2025-10-25 10:38:00,campaign discussed the new campaign policy in India.,3347
5957,2025-10-25 10:38:30,development announced a major reform in development sector.,1477
5958,2025-10-25 10:39:00,digital India debated on digital India reforms in Parliament.,1890
5959,2025-10-25 10:39:30,Election Commission launched a rally focusing on Election Commission development.,3363
5960,2025-10-25 10:40:00,jobs debated on jobs reforms in Parliament.,2096
5961,2025-10-25 10:40:30,Congress debated on Congress reforms in Parliament.,542
5962,2025-10-25 10:41:00,jobs spoke about recent improvements in jobs.,3310
5963,2025-10-25 10:41:30,development announced a major reform in development sector.,717
5964,2025-10-25 10:42:00,campaign urged citizens to support campaign initiatives.,537
5965,2025-10-25 10:42:30,Rahul Gandhi promised better Rahul Gandhi opportunities for youth.,2331
5966,2025-10-25 10:43:00,corruption spoke about recent improvements in corruption.,2647
5967,2025-10-25 10:43:30,education highlighted challenges in education programs.,4912
5968,2025-10-25 10:44:00,development launched a rally focusing on development development.,2503
5969,2025-10-25 10:44:30,Rahul Gandhi highlighted challenges in Rahul Gandhi programs.,4563
5970,2025-10-25 10:45:00,development urged citizens to support development initiatives.,3369
5971,2025-10-25 10:45:30,healthcare debated on healthcare reforms in Parliament.,1129
5972,2025-10-25 10:46:00,Rahul Gandhi announced a major reform in Rahul Gandhi sector.,2810
5973,2025-10-25 10:46:30,campaign highlighted challenges in campaign programs.,4494
5974,2025-10-25 10:47:00,campaign debated on campaign reforms in Parliament.,828
5975,2025-10-25 10:47:30,infrastructure discussed the new infrastructure policy in India.,3713
5976,2025-10-25 10:48:00,Rahul Gandhi criticized the opposition for Rahul Gandhi issues.,4454
5977,2025-10-25 10:48:30,Rahul Gandhi promised better Rahul Gandhi opportunities for youth.,3865
5978,2025-10-25 10:49:00,Rahul Gandhi announced a major reform in Rahul Gandhi sector.,3816
5979,2025-10-25 10:49:30,Rahul Gandhi promised better Rahul Gandhi opportunities for youth.,3905
5980,2025-10-25 10:50:00,healthcare urged citizens to support healthcare initiatives.,3251
5981,2025-10-25 10:50:30,poll rally organized a large poll rally awareness campaign.,2905
5982,2025-10-25 10:51:00,healthcare criticized the opposition for healthcare issues.,3774
5983,2025-10-25 10:51:30,poll rally criticized the opposition for poll rally issues.,2830
5984,2025-10-25 10:52:00,manifesto highlighted challenges in manifesto programs.,1860
5985,2025-10-25 10:52:30,development spoke about recent improvements in development.,4433
5986,2025-10-25 10:53:00,poll rally spoke about recent improvements in poll rally.,1681
5987,2025-10-25 10:53:30,Modi criticized the opposition for Modi issues.,2322
5988,2025-10-25 10:54:00,BJP debated on BJP reforms in Parliament.,789
5989,2025-10-25 10:54:30,Rahul Gandhi organized a large Rahul Gandhi awareness campaign.,948
5990,2025-10-25 10:55:00,manifesto launched a rally focusing on manifesto development.,2344
5991,2025-10-25 10:55:30,education promised better education opportunities for youth.,2863
5992,2025-10-25 10:56:00,Congress announced a major reform in Congress sector.,4092
5993,2025-10-25 10:56:30,digital India debated on digital India reforms in Parliament.,812
5994,2025-10-25 10:57:00,manifesto organized a large manifesto awareness campaign.,4523
5995,2025-10-25 10:57:30,healthcare discussed the new healthcare policy in India.,1042
5996,2025-10-25 10:58:00,development debated on development reforms in Parliament.,4547
5997,2025-10-25 10:58:30,Election Commission discussed the new Election Commission policy in India.,2982
5998,2025-10-25 10:59:00,Congress organized a large Congress awareness campaign.,4128
5999,2025-10-25 10:59:30,Modi promised better Modi opportunities for youth.,3146
6000,2025-10-25 11:00:00,healthcare organized a large healthcare awareness campaign.,1370
6001,2025-10-25 11:00:30,healthcare debated on healthcare reforms in Parliament.,361
6002,2025-10-25 11:01:00,Modi spoke about recent improvements in Modi.,3844
6003,2025-10-25 11:01:30,poll rally organized a large poll rally awareness campaign.,3108
6004,2025-10-25 11:02:00,manifesto discussed the new manifesto policy in India.,2199
6005,2025-10-25 11:02:30,manifesto organized a large manifesto awareness campaign.,318
6006,2025-10-25 11:03:00,development debated on development reforms in Parliament.,1164
6007,2025-10-25 11:03:30,poll rally debated on poll rally reforms in Parliament.,3100
6008,2025-10-25 11:04:00,BJP organized a large BJP awareness campaign.,3720
6009,2025-10-25 11:04:30,education urged citizens to support education initiatives.,4446
6010,2025-10-25 11:05:00,Rahul Gandhi spoke about recent improvements in Rahul Gandhi.,2008
6011,2025-10-25 11:05:30,manifesto criticized the opposition for manifesto issues.,4227
6012,2025-10-25 11:06:00,education promised better education opportunities for youth.,2328
6013,2025-10-25 11:06:30,digital India launched a rally focusing on digital India development.,4073
6014,2025-10-25 11:07:00,development announced a major reform in development sector.,1965
6015,2025-10-25 11:07:30,Election Commission criticized the opposition for Election Commission issues.,2210
6016,2025-10-25 11:08:00,education discussed the new education policy in India.,1499
6017,2025-10-25 11:08:30,development spoke about recent improvements in development.,3400
6018,2025-10-25 11:09:00,Congress highlighted challenges in Congress programs.,1515
6019,2025-10-25 11:09:30,Congress announced a major reform in Congress sector.,3660
6020,2025-10-25 11:10:00,digital India debated on digital India reforms in Parliament.,3607
6021,2025-10-25 11:10:30,development promised better development opportunities for youth.,4482
6022,2025-10-25 11:11:00,healthcare launched a rally focusing on healthcare development.,4566
6023,2025-10-25 11:11:30,development announced a major reform in development sector.,919
6024,2025-10-25 11:12:00,education debated on education reforms in Parliament.,1994
6025,2025-10-25 11:12:30,Election Commission announced a major reform in Election Commission sector.,4264
6026,2025-10-25 11:13:00,Modi highlighted challenges in Modi programs.,3604
6027,2025-10-25 11:13:30,jobs launched a rally focusing on jobs development.,4549
6028,2025-10-25 11:14:00,poll rally announced a major reform in poll rally sector.,3815
6029,2025-10-25 11:14:30,infrastructure debated on infrastructure reforms in Parliament.,2473
6030,2025-10-25 11:15:00,Rahul Gandhi discussed the new Rahul Gandhi policy in India.,347
6031,2025-10-25 11:15:30,development promised better development opportunities for youth.,3831
6032,2025-10-25 11:16:00,Congress discussed the new Congress policy in India.,4667
6033,2025-10-25 11:16:30,Modi discussed the new Modi policy in India.,4374
6034,2025-10-25 11:17:00,manifesto launched a rally focusing on manifesto development.,1411
6035,2025-10-25 11:17:30,corruption spoke about recent improvements in corruption.,4008
6036,2025-10-25 11:18:00,digital India discussed the new digital India policy in India.,2450
6037,2025-10-25 11:18:30,development highlighted challenges in development programs.,3606
6038,2025-10-25 11:19:00,jobs launched a rally focusing on jobs development.,1282
6039,2025-10-25 11:19:30,corruption launched a rally focusing on corruption development.,4795
6040,2025-10-25 11:20:00,Rahul Gandhi promised better Rahul Gandhi opportunities for youth.,1884
6041,2025-10-25 11:20:30,development spoke about recent improvements in development.,968
6042,2025-10-25 11:21:00,poll rally criticized the opposition for poll rally issues.,1600
6043,2025-10-25 11:21:30,poll rally discussed the new poll rally policy in India.,1750
6044,2025-10-25 11:22:00,digital India spoke about recent improvements in digital India.,3883
6045,2025-10-25 11:22:30,campaign urged citizens to support campaign initiatives.,3465
6046,2025-10-25 11:23:00,Modi spoke about recent improvements in Modi.,4083
6047,2025-10-25 11:23:30,corruption debated on corruption reforms in Parliament.,3744
6048,2025-10-25 11:24:00,campaign criticized the opposition for campaign issues.,2911
6049,2025-10-25 11:24:30,poll rally highlighted challenges in poll rally programs.,4220
6050,2025-10-25 11:25:00,BJP urged citizens to support BJP initiatives.,4494
6051,2025-10-25 11:25:30,digital India spoke about recent improvements in digital India.,4000
6052,2025-10-25 11:26:00,corruption promised better corruption opportunities for youth.,4837
6053,2025-10-25 11:26:30,Modi debated on Modi reforms in Parliament.,565
6054,2025-10-25 11:27:00,Rahul Gandhi spoke about recent improvements in Rahul Gandhi.,1544
6055,2025-10-25 11:27:30,healthcare highlighted challenges in healthcare programs.,1913
6056,2025-10-25 11:28:00,corruption launched a rally focusing on corruption development.,3810
6057,2025-10-25 11:28:30,manifesto announced a major reform in manifesto sector.,2765
6058,2025-10-25 11:29:00,poll rally announced a major reform in poll rally sector.,4579
6059,2025-10-25 11:29:30,infrastructure discussed the new infrastructure policy in India.,365
6060,2025-10-25 11:30:00,healthcare discussed the new healthcare policy in India.,2309
6061,2025-10-25 11:30:30,infrastructure announced a major reform in infrastructure sector.,2562
6062,2025-10-25 11:31:00,poll rally discussed the new poll rally policy in India.,3285
6063,2025-10-25 11:31:30,Modi organized a large Modi awareness campaign.,2500
6064,2025-10-25 11:32:00,digital India urged citizens to support digital India initiatives.,3624
6065,2025-10-25 11:32:30,infrastructure urged citizens to support infrastructure initiatives.,1144
6066,2025-10-25 11:33:00,poll rally urged citizens to support poll rally initiatives.,3159
6067,2025-10-25 11:33:30,jobs debated on jobs reforms in Parliament.,2667
6068,2025-10-25 11:34:00,digital India launched a rally focusing on digital India development.,27
6069,2025-10-25 11:34:30,infrastructure criticized the opposition for infrastructure issues.,1423
6070,2025-10-25 11:35:00,digital India announced a major reform in digital India sector.,3205
6071,2025-10-25 11:35:30,poll rally spoke about recent improvements in poll rally.,4784
6072,2025-10-25 11:36:00,poll rally urged citizens to support poll rally initiatives.,2988
6073,2025-10-25 11:36:30,Modi launched a rally focusing on Modi development.,3812
6074,2025-10-25 11:37:00,jobs spoke about recent improvements in jobs.,1524
6075,2025-10-25 11:37:30,poll rally promised better poll rally opportunities for youth.,1723
6076,2025-10-25 11:38:00,campaign urged citizens to support campaign initiatives.,912
6077,2025-10-25 11:38:30,infrastructure spoke about recent improvements in infrastructure.,1405
6078,2025-10-25 11:39:00,education debated on education reforms in Parliament.,1668
6079,2025-10-25 11:39:30,development urged citizens to support development initiatives.,1369
6080,2025-10-25 11:40:00,Congress promised better Congress opportunities for youth.,1937
6081,2025-10-25 11:40:30,poll rally launched a rally focusing on poll rally development.,3441
6082,2025-10-25 11:41:00,manifesto discussed the new manifesto policy in India.,3763
6083,2025-10-25 11:41:30,healthcare highlighted challenges in healthcare programs.,2677
6084,2025-10-25 11:42:00,BJP launched a rally focusing on BJP development.,3017
6085,2025-10-25 11:42:30,infrastructure promised better infrastructure opportunities for youth.,1526
6086,2025-10-25 11:43:00,Rahul Gandhi launched a rally focusing on Rahul Gandhi development.,2458
6087,2025-10-25 11:43:30,corruption urged citizens to support corruption initiatives.,3424
6088,2025-10-25 11:44:00,campaign announced a major reform in campaign sector.,4044
6089,2025-10-25 11:44:30,manifesto debated on manifesto reforms in Parliament.,2027
6090,2025-10-25 11:45:00,digital India promised better digital India opportunities for youth.,1066
6091,2025-10-25 11:45:30,campaign discussed the new campaign policy in India.,3727
6092,2025-10-25 11:46:00,Election Commission launched a rally focusing on Election Commission development.,4683
6093,2025-10-25 11:46:30,Rahul Gandhi organized a large Rahul Gandhi awareness campaign.,270
6094,2025-10-25 11:47:00,Modi spoke about recent improvements in Modi.,3271
6095,2025-10-25 11:47:30,campaign discussed the new campaign policy in India.,4901
6096,2025-10-25 11:48:00,development promised better development opportunities for youth.,2182
6097,2025-10-25 11:48:30,BJP discussed the new BJP policy in India.,1753
6098,2025-10-25 11:49:00,poll rally highlighted challenges in poll rally programs.,2422
6099,2025-10-25 11:49:30,Election Commission promised better Election Commission opportunities for youth.,3279
6100,2025-10-25 11:50:00,corruption urged citizens to support corruption initiatives.,1945
6101,2025-10-25 11:50:30,Congress highlighted challenges in Congress programs.,4105
6102,2025-10-25 11:51:00,Election Commission spoke about recent improvements in Election Commission.,4666
6103,2025-10-25 11:51:30,healthcare highlighted challenges in healthcare programs.,1396
6104,2025-10-25 11:52:00,BJP promised better BJP opportunities for youth.,3740
6105,2025-10-25 11:52:30,BJP announced a major reform in BJP sector.,4135
6106,2025-10-25 11:53:00,BJP organized a large BJP awareness campaign.,4467
6107,2025-10-25 11:53:30,BJP debated on BJP reforms in Parliament.,2633
6108,2025-10-25 11:54:00,healthcare criticized the opposition for healthcare issues.,3098
6109,2025-10-25 11:54:30,Rahul Gandhi promised better Rahul Gandhi opportunities for youth.,1088
6110,2025-10-25 11:55:00,BJP announced a major reform in BJP sector.,3403
6111,2025-10-25 11:55:30,healthcare promised better healthcare opportunities for youth.,2051
6112,2025-10-25 11:56:00,healthcare promised better healthcare opportunities for youth.,1706
6113,2025-10-25 11:56:30,development promised better development opportunities for youth.,128
6114,2025-10-25 11:57:00,manifesto launched a rally focusing on manifesto development.,1563
6115,2025-10-25 11:57:30,campaign launched a rally focusing on campaign development.,624
6116,2025-10-25 11:58:00,manifesto launched a rally focusing on manifesto development.,3096
6117,2025-10-25 11:58:30,jobs discussed the new jobs policy in India.,3757
6118,2025-10-25 11:59:00,campaign criticized the opposition for campaign issues.,2799
6119,2025-10-25 11:59:30,Congress highlighted challenges in Congress programs.,703
6120,2025-10-25 12:00:00,manifesto launched a rally focusing on manifesto development.,4400
6121,2025-10-25 12:00:30,poll rally launched a rally focusing on poll rally development.,3162
6122,2025-10-25 12:01:00,jobs urged citizens to support jobs initiatives.,4606
6123,2025-10-25 12:01:30,Congress debated on Congress reforms in Parliament.,2946
6124,2025-10-25 12:02:00,digital India spoke about recent improvements in digital India.,4664
6125,2025-10-25 12:02:30,BJP criticized the opposition for BJP issues.,3485
6126,2025-10-25 12:03:00,jobs promised better jobs opportunities for youth.,3946
6127,2025-10-25 12:03:30,development debated on development reforms in Parliament.,880
6128,2025-10-25 12:04:00,manifesto promised better manifesto opportunities for youth.,1445
6129,2025-10-25 12:04:30,Election Commission announced a major reform in Election Commission sector.,2079
6130,2025-10-25 12:05:00,jobs urged citizens to support jobs initiatives.,898
6131,2025-10-25 12:05:30,jobs promised better jobs opportunities for youth.,1360
6132,2025-10-25 12:06:00,poll rally promised better poll rally opportunities for youth.,2471
6133,2025-10-25 12:06:30,development organized a large development awareness campaign.,2341
6134,2025-10-25 12:07:00,education discussed the new education policy in India.,88
6135,2025-10-25 12:07:30,development highlighted challenges in development programs.,4932
6136,2025-10-25 12:08:00,digital India urged citizens to support digital India initiatives.,4761
6137,2025-10-25 12:08:30,Rahul Gandhi criticized the opposition for Rahul Gandhi issues.,2392
6138,2025-10-25 12:09:00,education highlighted challenges in education programs.,1950
6139,2025-10-25 12:09:30,Rahul Gandhi launched a rally focusing on Rahul Gandhi development.,2256
6140,2025-10-25 12:10:00,digital India organized a large digital India awareness campaign.,3893
6141,2025-10-25 12:10:30,corruption launched a rally focusing on corruption development.,3156
6142,2025-10-25 12:11:00,development urged citizens to support development initiatives.,1498
6143,2025-10-25 12:11:30,Rahul Gandhi discussed the new Rahul Gandhi policy in India.,3681
6144,2025-10-25 12:12:00,Modi organized a large Modi awareness campaign.,1316
6145,2025-10-25 12:12:30,campaign launched a rally focusing on campaign development.,324
6146,2025-10-25 12:13:00,digital India discussed the new digital India policy in India.,1352
6147,2025-10-25 12:13:30,healthcare criticized the opposition for healthcare issues.,1808
6148,2025-10-25 12:14:00,Modi debated on Modi reforms in Parliament.,3038
6149,2025-10-25 12:14:30,poll rally organized a large poll rally awareness campaign.,1547
6150,2025-10-25 12:15:00,jobs debated on jobs reforms in Parliament.,1062
6151,2025-10-25 12:15:30,jobs urged citizens to support jobs initiatives.,551
6152,2025-10-25 12:16:00,Election Commission spoke about recent improvements in Election Commission.,4147
6153,2025-10-25 12:16:30,Modi highlighted challenges in Modi programs.,276
6154,2025-10-25 12:17:00,Congress spoke about recent improvements in Congress.,1368
6155,2025-10-25 12:17:30,development announced a major reform in development sector.,2939
6156,2025-10-25 12:18:00,corruption promised better corruption opportunities for youth.,2588
6157,2025-10-25 12:18:30,manifesto highlighted challenges in manifesto programs.,2007
6158,2025-10-25 12:19:00,Rahul Gandhi organized a large Rahul Gandhi awareness campaign.,3347
6159,2025-10-25 12:19:30,corruption organized a large corruption awareness campaign.,4426
6160,2025-10-25 12:20:00,campaign spoke about recent improvements in campaign.,4024
6161,2025-10-25 12:20:30,Rahul Gandhi promised better Rahul Gandhi opportunities for youth.,2444
6162,2025-10-25 12:21:00,BJP organized a large BJP awareness campaign.,1543
6163,2025-10-25 12:21:30,Election Commission discussed the new Election Commission policy in India.,1015
6164,2025-10-25 12:22:00,Modi organized a large Modi awareness campaign.,606
6165,2025-10-25 12:22:30,manifesto launched a rally focusing on manifesto development.,3838
6166,2025-10-25 12:23:00,development spoke about recent improvements in development.,2971
6167,2025-10-25 12:23:30,jobs criticized the opposition for jobs issues.,1235
6168,2025-10-25 12:24:00,infrastructure urged citizens to support infrastructure initiatives.,3564
6169,2025-10-25 12:24:30,campaign debated on campaign reforms in Parliament.,1487
6170,2025-10-25 12:25:00,manifesto spoke about recent improvements in manifesto.,2328
6171,2025-10-25 12:25:30,development launched a rally focusing on development development.,3132
6172,2025-10-25 12:26:00,corruption criticized the opposition for corruption issues.,4325
6173,2025-10-25 12:26:30,healthcare highlighted challenges in healthcare programs.,1990
6174,2025-10-25 12:27:00,healthcare spoke about recent improvements in healthcare.,2449
6175,2025-10-25 12:27:30,jobs promised better jobs opportunities for youth.,2150
6176,2025-10-25 12:28:00,development spoke about recent improvements in development.,4086
6177,2025-10-25 12:28:30,digital India promised better digital India opportunities for youth.,2093
6178,2025-10-25 12:29:00,jobs urged citizens to support jobs initiatives.,4332
6179,2025-10-25 12:29:30,Rahul Gandhi urged citizens to support Rahul Gandhi initiatives.,551
6180,2025-10-25 12:30:00,healthcare launched a rally focusing on healthcare development.,4269
6181,2025-10-25 12:30:30,jobs announced a major reform in jobs sector.,2088
6182,2025-10-25 12:31:00,Election Commission announced a major reform in Election Commission sector.,1195
6183,2025-10-25 12:31:30,healthcare organized a large healthcare awareness campaign.,85
6184,2025-10-25 12:32:00,healthcare highlighted challenges in healthcare programs.,3361
6185,2025-10-25 12:32:30,campaign spoke about recent improvements in campaign.,2320
6186,2025-10-25 12:33:00,development promised better development opportunities for youth.,176
6187,2025-10-25 12:33:30,Congress discussed the new Congress policy in India.,3350
6188,2025-10-25 12:34:00,manifesto launched a rally focusing on manifesto development.,89
6189,2025-10-25 12:34:30,Rahul Gandhi debated on Rahul Gandhi reforms in Parliament.,4596
6190,2025-10-25 12:35:00,education urged citizens to support education initiatives.,4279
6191,2025-10-25 12:35:30,Congress promised better Congress opportunities for youth.,3849
6192,2025-10-25 12:36:00,corruption launched a rally focusing on corruption development.,4679
6193,2025-10-25 12:36:30,Modi organized a large Modi awareness campaign.,1048
6194,2025-10-25 12:37:00,BJP promised better BJP opportunities for youth.,272
6195,2025-10-25 12:37:30,education announced a major reform in education sector.,504
6196,2025-10-25 12:38:00,manifesto debated on manifesto reforms in Parliament.,3864
6197,2025-10-25 12:38:30,Modi criticized the opposition for Modi issues.,2115
6198,2025-10-25 12:39:00,development announced a major reform in development sector.,1730
6199,2025-10-25 12:39:30,campaign highlighted challenges in campaign programs.,1511
6200,2025-10-25 12:40:00,Election Commission highlighted challenges in Election Commission programs.,2349
6201,2025-10-25 12:40:30,jobs announced a major reform in jobs sector.,1347
6202,2025-10-25 12:41:00,healthcare debated on healthcare reforms in Parliament.,4112
6203,2025-10-25 12:41:30,poll rally debated on poll rally reforms in Parliament.,4223
6204,2025-10-25 12:42:00,corruption promised better corruption opportunities for youth.,4987
6205,2025-10-25 12:42:30,digital India criticized the opposition for digital India issues.,1517
6206,2025-10-25 12:43:00,poll rally organized a large poll rally awareness campaign.,1007
6207,2025-10-25 12:43:30,Rahul Gandhi launched a rally focusing on Rahul Gandhi development.,1193
6208,2025-10-25 12:44:00,BJP announced a major reform in BJP sector.,1987
6209,2025-10-25 12:44:30,education spoke about recent improvements in education.,1167
6210,2025-10-25 12:45:00,Rahul Gandhi promised better Rahul Gandhi opportunities for youth.,3437
6211,2025-10-25 12:45:30,BJP spoke about recent improvements in BJP.,3617
6212,2025-10-25 12:46:00,healthcare spoke about recent improvements in healthcare.,2417
6213,2025-10-25 12:46:30,corruption criticized the opposition for corruption issues.,4018
6214,2025-10-25 12:47:00,manifesto highlighted challenges in manifesto programs.,4343
6215,2025-10-25 12:47:30,digital India promised better digital India opportunities for youth.,920
6216,2025-10-25 12:48:00,education announced a major reform in education sector.,565
6217,2025-10-25 12:48:30,campaign promised better campaign opportunities for youth.,2159
6218,2025-10-25 12:49:00,healthcare debated on healthcare reforms in Parliament.,700
6219,2025-10-25 12:49:30,jobs promised better jobs opportunities for youth.,3451
6220,2025-10-25 12:50:00,Congress spoke about recent improvements in Congress.,4608
6221,2025-10-25 12:50:30,infrastructure announced a major reform in infrastructure sector.,2468
6222,2025-10-25 12:51:00,infrastructure criticized the opposition for infrastructure issues.,569
6223,2025-10-25 12:51:30,digital India launched a rally focusing on digital India development.,4528
6224,2025-10-25 12:52:00,BJP launched a rally focusing on BJP development.,1961
6225,2025-10-25 12:52:30,poll rally discussed the new poll rally policy in India.,3698
6226,2025-10-25 12:53:00,Congress discussed the new Congress policy in India.,1809
6227,2025-10-25 12:53:30,corruption debated on corruption reforms in Parliament.,219
6228,2025-10-25 12:54:00,development debated on development reforms in Parliament.,1680
6229,2025-10-25 12:54:30,BJP organized a large BJP awareness campaign.,4353
6230,2025-10-25 12:55:00,Rahul Gandhi promised better Rahul Gandhi opportunities for youth.,922
6231,2025-10-25 12:55:30,Modi organized a large Modi awareness campaign.,4326
6232,2025-10-25 12:56:00,Modi discussed the new Modi policy in India.,1765
6233,2025-10-25 12:56:30,Election Commission launched a rally focusing on Election Commission development.,3901
6234,2025-10-25 12:57:00,Election Commission debated on Election Commission reforms in Parliament.,1656
6235,2025-10-25 12:57:30,campaign criticized the opposition for campaign issues.,2428
6236,2025-10-25 12:58:00,development announced a major reform in development sector.,381
6237,2025-10-25 12:58:30,Modi launched a rally focusing on Modi development.,2142
6238,2025-10-25 12:59:00,infrastructure announced a major reform in infrastructure sector.,3333
6239,2025-10-25 12:59:30,infrastructure announced a major reform in infrastructure sector.,1681
6240,2025-10-25 13:00:00,digital India organized a large digital India awareness campaign.,4333
6241,2025-10-25 13:00:30,Rahul Gandhi debated on Rahul Gandhi reforms in Parliament.,851
6242,2025-10-25 13:01:00,healthcare launched a rally focusing on healthcare development.,3981
6243,2025-10-25 13:01:30,corruption promised better corruption opportunities for youth.,1121
6244,2025-10-25 13:02:00,jobs debated on jobs reforms in Parliament.,2836
6245,2025-10-25 13:02:30,development discussed the new development policy in India.,2805
6246,2025-10-25 13:03:00,infrastructure launched a rally focusing on infrastructure development.,1378
6247,2025-10-25 13:03:30,manifesto highlighted challenges in manifesto programs.,1855
6248,2025-10-25 13:04:00,corruption highlighted challenges in corruption programs.,2121
6249,2025-10-25 13:04:30,Congress announced a major reform in Congress sector.,2618
6250,2025-10-25 13:05:00,development urged citizens to support development initiatives.,1818
6251,2025-10-25 13:05:30,Congress discussed the new Congress policy in India.,4195
6252,2025-10-25 13:06:00,education announced a major reform in education sector.,655
6253,2025-10-25 13:06:30,Rahul Gandhi discussed the new Rahul Gandhi policy in India.,3462
6254,2025-10-25 13:07:00,jobs spoke about recent improvements in jobs.,3653
6255,2025-10-25 13:07:30,infrastructure spoke about recent improvements in infrastructure.,219
6256,2025-10-25 13:08:00,Modi announced a major reform in Modi sector.,2595
6257,2025-10-25 13:08:30,BJP urged citizens to support BJP initiatives.,529
6258,2025-10-25 13:09:00,Congress announced a major reform in Congress sector.,4244
6259,2025-10-25 13:09:30,campaign promised better campaign opportunities for youth.,2593
6260,2025-10-25 13:10:00,infrastructure highlighted challenges in infrastructure programs.,4071
6261,2025-10-25 13:10:30,corruption highlighted challenges in corruption programs.,459
6262,2025-10-25 13:11:00,Congress criticized the opposition for Congress issues.,2212
6263,2025-10-25 13:11:30,infrastructure criticized the opposition for infrastructure issues.,1920
6264,2025-10-25 13:12:00,campaign promised better campaign opportunities for youth.,4458
6265,2025-10-25 13:12:30,Election Commission launched a rally focusing on Election Commission development.,1107
6266,2025-10-25 13:13:00,Congress launched a rally focusing on Congress development.,5000
6267,2025-10-25 13:13:30,digital India debated on digital India reforms in Parliament.,1029
6268,2025-10-25 13:14:00,development criticized the opposition for development issues.,3319
6269,2025-10-25 13:14:30,development criticized the opposition for development issues.,2954
6270,2025-10-25 13:15:00,jobs organized a large jobs awareness campaign.,62
6271,2025-10-25 13:15:30,manifesto launched a rally focusing on manifesto development.,3081
6272,2025-10-25 13:16:00,development highlighted challenges in development programs.,1004
6273,2025-10-25 13:16:30,corruption highlighted challenges in corruption programs.,3928
6274,2025-10-25 13:17:00,infrastructure highlighted challenges in infrastructure programs.,4608
6275,2025-10-25 13:17:30,digital India urged citizens to support digital India initiatives.,380
6276,2025-10-25 13:18:00,education launched a rally focusing on education development.,503
6277,2025-10-25 13:18:30,development highlighted challenges in development programs.,1252
6278,2025-10-25 13:19:00,development organized a large development awareness campaign.,1772
6279,2025-10-25 13:19:30,Rahul Gandhi announced a major reform in Rahul Gandhi sector.,2993
6280,2025-10-25 13:20:00,manifesto highlighted challenges in manifesto programs.,1113
6281,2025-10-25 13:20:30,infrastructure discussed the new infrastructure policy in India.,2047
6282,2025-10-25 13:21:00,Rahul Gandhi discussed the new Rahul Gandhi policy in India.,2900
6283,2025-10-25 13:21:30,poll rally spoke about recent improvements in poll rally.,1724
6284,2025-10-25 13:22:00,healthcare organized a large healthcare awareness campaign.,1652
6285,2025-10-25 13:22:30,Congress launched a rally focusing on Congress development.,4236
6286,2025-10-25 13:23:00,healthcare promised better healthcare opportunities for youth.,228
6287,2025-10-25 13:23:30,Congress launched a rally focusing on Congress development.,899
6288,2025-10-25 13:24:00,BJP launched a rally focusing on BJP development.,2312
6289,2025-10-25 13:24:30,manifesto promised better manifesto opportunities for youth.,2967
6290,2025-10-25 13:25:00,campaign promised better campaign opportunities for youth.,2139
6291,2025-10-25 13:25:30,BJP spoke about recent improvements in BJP.,259
6292,2025-10-25 13:26:00,education launched a rally focusing on education development.,1017
6293,2025-10-25 13:26:30,Rahul Gandhi organized a large Rahul Gandhi awareness campaign.,4155
6294,2025-10-25 13:27:00,Rahul Gandhi organized a large Rahul Gandhi awareness campaign.,4857
6295,2025-10-25 13:27:30,manifesto organized a large manifesto awareness campaign.,857
6296,2025-10-25 13:28:00,Modi organized a large Modi awareness campaign.,2190
6297,2025-10-25 13:28:30,education urged citizens to support education initiatives.,3525
6298,2025-10-25 13:29:00,Rahul Gandhi organized a large Rahul Gandhi awareness campaign.,3097
6299,2025-10-25 13:29:30,Modi launched a rally focusing on Modi development.,2523
6300,2025-10-25 13:30:00,campaign spoke about recent improvements in campaign.,4203
6301,2025-10-25 13:30:30,healthcare promised better healthcare opportunities for youth.,2025
6302,2025-10-25 13:31:00,campaign promised better campaign opportunities for youth.,494
6303,2025-10-25 13:31:30,jobs debated on jobs reforms in Parliament.,1416
6304,2025-10-25 13:32:00,Modi discussed the new Modi policy in India.,3836
6305,2025-10-25 13:32:30,education urged citizens to support education initiatives.,1491
6306,2025-10-25 13:33:00,poll rally announced a major reform in poll rally sector.,1835
6307,2025-10-25 13:33:30,development promised better development opportunities for youth.,3839
6308,2025-10-25 13:34:00,manifesto urged citizens to support manifesto initiatives.,3326
6309,2025-10-25 13:34:30,manifesto spoke about recent improvements in manifesto.,4902
6310,2025-10-25 13:35:00,digital India launched a rally focusing on digital India development.,3145
6311,2025-10-25 13:35:30,healthcare criticized the opposition for healthcare issues.,1407
6312,2025-10-25 13:36:00,campaign criticized the opposition for campaign issues.,3064
6313,2025-10-25 13:36:30,healthcare announced a major reform in healthcare sector.,3621
6314,2025-10-25 13:37:00,Rahul Gandhi spoke about recent improvements in Rahul Gandhi.,3501
6315,2025-10-25 13:37:30,education discussed the new education policy in India.,2541
6316,2025-10-25 13:38:00,manifesto launched a rally focusing on manifesto development.,788
6317,2025-10-25 13:38:30,Congress debated on Congress reforms in Parliament.,175
6318,2025-10-25 13:39:00,education discussed the new education policy in India.,1179
6319,2025-10-25 13:39:30,Election Commission promised better Election Commission opportunities for youth.,2195
6320,2025-10-25 13:40:00,education organized a large education awareness campaign.,953
6321,2025-10-25 13:40:30,Election Commission criticized the opposition for Election Commission issues.,1650
6322,2025-10-25 13:41:00,development urged citizens to support development initiatives.,3167
6323,2025-10-25 13:41:30,corruption discussed the new corruption policy in India.,3384
6324,2025-10-25 13:42:00,Modi debated on Modi reforms in Parliament.,4024
6325,2025-10-25 13:42:30,BJP urged citizens to support BJP initiatives.,390
6326,2025-10-25 13:43:00,Rahul Gandhi discussed the new Rahul Gandhi policy in India.,2890
6327,2025-10-25 13:43:30,Modi highlighted challenges in Modi programs.,3481
6328,2025-10-25 13:44:00,BJP spoke about recent improvements in BJP.,1161
6329,2025-10-25 13:44:30,poll rally urged citizens to support poll rally initiatives.,1428
6330,2025-10-25 13:45:00,corruption urged citizens to support corruption initiatives.,2778
6331,2025-10-25 13:45:30,healthcare promised better healthcare opportunities for youth.,1216
6332,2025-10-25 13:46:00,infrastructure discussed the new infrastructure policy in India.,4697
6333,2025-10-25 13:46:30,Election Commission debated on Election Commission reforms in Parliament.,1467
6334,2025-10-25 13:47:00,poll rally spoke about recent improvements in poll rally.,3272
6335,2025-10-25 13:47:30,BJP highlighted challenges in BJP programs.,222
6336,2025-10-25 13:48:00,poll rally promised better poll rally opportunities for youth.,2072
6337,2025-10-25 13:48:30,BJP promised better BJP opportunities for youth.,1814
6338,2025-10-25 13:49:00,campaign launched a rally focusing on campaign development.,849
6339,2025-10-25 13:49:30,corruption debated on corruption reforms in Parliament.,2768
6340,2025-10-25 13:50:00,manifesto announced a major reform in manifesto sector.,2643
6341,2025-10-25 13:50:30,campaign announced a major reform in campaign sector.,2047
6342,2025-10-25 13:51:00,poll rally organized a large poll rally awareness campaign.,90
6343,2025-10-25 13:51:30,development debated on development reforms in Parliament.,4247
6344,2025-10-25 13:52:00,manifesto organized a large manifesto awareness campaign.,2999
6345,2025-10-25 13:52:30,healthcare discussed the new healthcare policy in India.,2777
6346,2025-10-25 13:53:00,Rahul Gandhi spoke about recent improvements in Rahul Gandhi.,16
6347,2025-10-25 13:53:30,digital India launched a rally focusing on digital India development.,101
6348,2025-10-25 13:54:00,Election Commission discussed the new Election Commission policy in India.,1581
6349,2025-10-25 13:54:30,corruption organized a large corruption awareness campaign.,2791
6350,2025-10-25 13:55:00,manifesto organized a large manifesto awareness campaign.,1920
6351,2025-10-25 13:55:30,Congress spoke about recent improvements in Congress.,2931
6352,2025-10-25 13:56:00,infrastructure organized a large infrastructure awareness campaign.,2033
6353,2025-10-25 13:56:30,Election Commission announced a major reform in Election Commission sector.,428
6354,2025-10-25 13:57:00,Modi debated on Modi reforms in Parliament.,60
6355,2025-10-25 13:57:30,education announced a major reform in education sector.,4458
6356,2025-10-25 13:58:00,jobs spoke about recent improvements in jobs.,627
6357,2025-10-25 13:58:30,jobs organized a large jobs awareness campaign.,3414
6358,2025-10-25 13:59:00,Modi debated on Modi reforms in Parliament.,431
6359,2025-10-25 13:59:30,infrastructure discussed the new infrastructure policy in India.,2364
6360,2025-10-25 14:00:00,poll rally discussed the new poll rally policy in India.,924
6361,2025-10-25 14:00:30,BJP criticized the opposition for BJP issues.,2864
6362,2025-10-25 14:01:00,BJP urged citizens to support BJP initiatives.,2161
6363,2025-10-25 14:01:30,Rahul Gandhi highlighted challenges in Rahul Gandhi programs.,4813
6364,2025-10-25 14:02:00,Rahul Gandhi criticized the opposition for Rahul Gandhi issues.,834
6365,2025-10-25 14:02:30,manifesto highlighted challenges in manifesto programs.,395
6366,2025-10-25 14:03:00,campaign organized a large campaign awareness campaign.,506
6367,2025-10-25 14:03:30,BJP criticized the opposition for BJP issues.,2127
6368,2025-10-25 14:04:00,BJP announced a major reform in BJP sector.,3970
6369,2025-10-25 14:04:30,development launched a rally focusing on development development.,3414
6370,2025-10-25 14:05:00,jobs criticized the opposition for jobs issues.,1964
6371,2025-10-25 14:05:30,manifesto promised better manifesto opportunities for youth.,1469
6372,2025-10-25 14:06:00,education highlighted challenges in education programs.,1935
6373,2025-10-25 14:06:30,development urged citizens to support development initiatives.,1189
6374,2025-10-25 14:07:00,Congress promised better Congress opportunities for youth.,3730
6375,2025-10-25 14:07:30,jobs debated on jobs reforms in Parliament.,3295
6376,2025-10-25 14:08:00,campaign highlighted challenges in campaign programs.,4459
6377,2025-10-25 14:08:30,infrastructure debated on infrastructure reforms in Parliament.,3055
6378,2025-10-25 14:09:00,digital India highlighted challenges in digital India programs.,3955
6379,2025-10-25 14:09:30,Modi launched a rally focusing on Modi development.,1560
6380,2025-10-25 14:10:00,Modi spoke about recent improvements in Modi.,1986
6381,2025-10-25 14:10:30,Election Commission criticized the opposition for Election Commission issues.,2548
6382,2025-10-25 14:11:00,healthcare criticized the opposition for healthcare issues.,2329
6383,2025-10-25 14:11:30,poll rally urged citizens to support poll rally initiatives.,3009
6384,2025-10-25 14:12:00,development spoke about recent improvements in development.,489
6385,2025-10-25 14:12:30,infrastructure debated on infrastructure reforms in Parliament.,3917
6386,2025-10-25 14:13:00,Modi debated on Modi reforms in Parliament.,784
6387,2025-10-25 14:13:30,infrastructure urged citizens to support infrastructure initiatives.,4109
6388,2025-10-25 14:14:00,Congress spoke about recent improvements in Congress.,4754
6389,2025-10-25 14:14:30,education urged citizens to support education initiatives.,2205
6390,2025-10-25 14:15:00,infrastructure spoke about recent improvements in infrastructure.,2050
6391,2025-10-25 14:15:30,development highlighted challenges in development programs.,2248
6392,2025-10-25 14:16:00,campaign debated on campaign reforms in Parliament.,3401
6393,2025-10-25 14:16:30,Modi announced a major reform in Modi sector.,1623
6394,2025-10-25 14:17:00,Congress launched a rally focusing on Congress development.,567
6395,2025-10-25 14:17:30,corruption urged citizens to support corruption initiatives.,65
6396,2025-10-25 14:18:00,Congress promised better Congress opportunities for youth.,778
6397,2025-10-25 14:18:30,BJP criticized the opposition for BJP issues.,3922
6398,2025-10-25 14:19:00,digital India debated on digital India reforms in Parliament.,1878
6399,2025-10-25 14:19:30,Election Commission promised better Election Commission opportunities for youth.,2552
6400,2025-10-25 14:20:00,BJP debated on BJP reforms in Parliament.,1386
6401,2025-10-25 14:20:30,digital India discussed the new digital India policy in India.,1025
6402,2025-10-25 14:21:00,poll rally announced a major reform in poll rally sector.,492
6403,2025-10-25 14:21:30,manifesto organized a large manifesto awareness campaign.,1097
6404,2025-10-25 14:22:00,education discussed the new education policy in India.,4634
6405,2025-10-25 14:22:30,BJP launched a rally focusing on BJP development.,4746
6406,2025-10-25 14:23:00,BJP discussed the new BJP policy in India.,1637
6407,2025-10-25 14:23:30,manifesto urged citizens to support manifesto initiatives.,193
6408,2025-10-25 14:24:00,infrastructure criticized the opposition for infrastructure issues.,2104
6409,2025-10-25 14:24:30,development launched a rally focusing on development development.,4058
6410,2025-10-25 14:25:00,infrastructure promised better infrastructure opportunities for youth.,2896
6411,2025-10-25 14:25:30,poll rally promised better poll rally opportunities for youth.,4007
6412,2025-10-25 14:26:00,development spoke about recent improvements in development.,3150
6413,2025-10-25 14:26:30,campaign promised better campaign opportunities for youth.,452
6414,2025-10-25 14:27:00,Modi highlighted challenges in Modi programs.,3485
6415,2025-10-25 14:27:30,infrastructure spoke about recent improvements in infrastructure.,1484
6416,2025-10-25 14:28:00,Congress organized a large Congress awareness campaign.,1851
6417,2025-10-25 14:28:30,infrastructure debated on infrastructure reforms in Parliament.,3263
6418,2025-10-25 14:29:00,education promised better education opportunities for youth.,4147
6419,2025-10-25 14:29:30,jobs organized a large jobs awareness campaign.,3939
6420,2025-10-25 14:30:00,education launched a rally focusing on education development.,3862
6421,2025-10-25 14:30:30,manifesto spoke about recent improvements in manifesto.,4560
6422,2025-10-25 14:31:00,jobs announced a major reform in jobs sector.,68
6423,2025-10-25 14:31:30,Modi spoke about recent improvements in Modi.,1289
6424,2025-10-25 14:32:00,campaign debated on campaign reforms in Parliament.,421
6425,2025-10-25 14:32:30,jobs highlighted challenges in jobs programs.,4102
6426,2025-10-25 14:33:00,healthcare discussed the new healthcare policy in India.,1952
6427,2025-10-25 14:33:30,jobs spoke about recent improvements in jobs.,2433
6428,2025-10-25 14:34:00,corruption announced a major reform in corruption sector.,91
6429,2025-10-25 14:34:30,BJP launched a rally focusing on BJP development.,3956
6430,2025-10-25 14:35:00,Election Commission criticized the opposition for Election Commission issues.,1680
6431,2025-10-25 14:35:30,Rahul Gandhi urged citizens to support Rahul Gandhi initiatives.,1227
6432,2025-10-25 14:36:00,development criticized the opposition for development issues.,1913
6433,2025-10-25 14:36:30,infrastructure criticized the opposition for infrastructure issues.,2753
6434,2025-10-25 14:37:00,education discussed the new education policy in India.,4411
6435,2025-10-25 14:37:30,Election Commission criticized the opposition for Election Commission issues.,2610
6436,2025-10-25 14:38:00,BJP launched a rally focusing on BJP development.,4984
6437,2025-10-25 14:38:30,BJP spoke about recent improvements in BJP.,4799
6438,2025-10-25 14:39:00,education discussed the new education policy in India.,4344
6439,2025-10-25 14:39:30,corruption announced a major reform in corruption sector.,1322
6440,2025-10-25 14:40:00,education highlighted challenges in education programs.,341
6441,2025-10-25 14:40:30,Congress organized a large Congress awareness campaign.,3340
6442,2025-10-25 14:41:00,BJP debated on BJP reforms in Parliament.,4389
6443,2025-10-25 14:41:30,BJP highlighted challenges in BJP programs.,2347
6444,2025-10-25 14:42:00,education criticized the opposition for education issues.,1831
6445,2025-10-25 14:42:30,jobs spoke about recent improvements in jobs.,1706
6446,2025-10-25 14:43:00,Congress promised better Congress opportunities for youth.,4628
6447,2025-10-25 14:43:30,digital India criticized the opposition for digital India issues.,62
6448,2025-10-25 14:44:00,infrastructure criticized the opposition for infrastructure issues.,389
6449,2025-10-25 14:44:30,campaign discussed the new campaign policy in India.,2066
6450,2025-10-25 14:45:00,Congress highlighted challenges in Congress programs.,4415
6451,2025-10-25 14:45:30,poll rally organized a large poll rally awareness campaign.,3796
6452,2025-10-25 14:46:00,corruption organized a large corruption awareness campaign.,522
6453,2025-10-25 14:46:30,BJP criticized the opposition for BJP issues.,513
6454,2025-10-25 14:47:00,corruption organized a large corruption awareness campaign.,371
6455,2025-10-25 14:47:30,Congress highlighted challenges in Congress programs.,3469
6456,2025-10-25 14:48:00,campaign criticized the opposition for campaign issues.,239
6457,2025-10-25 14:48:30,Election Commission debated on Election Commission reforms in Parliament.,2512
6458,2025-10-25 14:49:00,infrastructure urged citizens to support infrastructure initiatives.,2045
6459,2025-10-25 14:49:30,Election Commission promised better Election Commission opportunities for youth.,1375
6460,2025-10-25 14:50:00,healthcare spoke about recent improvements in healthcare.,4248
6461,2025-10-25 14:50:30,development spoke about recent improvements in development.,1501
6462,2025-10-25 14:51:00,education spoke about recent improvements in education.,4094
6463,2025-10-25 14:51:30,corruption spoke about recent improvements in corruption.,1032
6464,2025-10-25 14:52:00,education criticized the opposition for education issues.,3098
6465,2025-10-25 14:52:30,digital India spoke about recent improvements in digital India.,3071
6466,2025-10-25 14:53:00,BJP discussed the new BJP policy in India.,3707
6467,2025-10-25 14:53:30,infrastructure spoke about recent improvements in infrastructure.,1929
6468,2025-10-25 14:54:00,healthcare announced a major reform in healthcare sector.,3796
6469,2025-10-25 14:54:30,Rahul Gandhi criticized the opposition for Rahul Gandhi issues.,2279
6470,2025-10-25 14:55:00,corruption announced a major reform in corruption sector.,4994
6471,2025-10-25 14:55:30,Rahul Gandhi spoke about recent improvements in Rahul Gandhi.,2140
6472,2025-10-25 14:56:00,Congress criticized the opposition for Congress issues.,4668
6473,2025-10-25 14:56:30,education criticized the opposition for education issues.,1893
6474,2025-10-25 14:57:00,Modi launched a rally focusing on Modi development.,860
6475,2025-10-25 14:57:30,healthcare spoke about recent improvements in healthcare.,1263
6476,2025-10-25 14:58:00,BJP organized a large BJP awareness campaign.,4954
6477,2025-10-25 14:58:30,Modi announced a major reform in Modi sector.,435
6478,2025-10-25 14:59:00,healthcare urged citizens to support healthcare initiatives.,334
6479,2025-10-25 14:59:30,development urged citizens to support development initiatives.,2034
6480,2025-10-25 15:00:00,digital India discussed the new digital India policy in India.,4505
6481,2025-10-25 15:00:30,Modi discussed the new Modi policy in India.,2259
6482,2025-10-25 15:01:00,corruption highlighted challenges in corruption programs.,2216
6483,2025-10-25 15:01:30,infrastructure launched a rally focusing on infrastructure development.,1858
6484,2025-10-25 15:02:00,healthcare spoke about recent improvements in healthcare.,4713
6485,2025-10-25 15:02:30,poll rally debated on poll rally reforms in Parliament.,1974
6486,2025-10-25 15:03:00,infrastructure announced a major reform in infrastructure sector.,3467
6487,2025-10-25 15:03:30,manifesto debated on manifesto reforms in Parliament.,2882
6488,2025-10-25 15:04:00,development discussed the new development policy in India.,352
6489,2025-10-25 15:04:30,Rahul Gandhi criticized the opposition for Rahul Gandhi issues.,1513
6490,2025-10-25 15:05:00,Congress highlighted challenges in Congress programs.,3622
6491,2025-10-25 15:05:30,Congress debated on Congress reforms in Parliament.,2304
6492,2025-10-25 15:06:00,Congress urged citizens to support Congress initiatives.,2283
6493,2025-10-25 15:06:30,education promised better education opportunities for youth.,4438
6494,2025-10-25 15:07:00,manifesto announced a major reform in manifesto sector.,760
6495,2025-10-25 15:07:30,digital India announced a major reform in digital India sector.,1488
6496,2025-10-25 15:08:00,Election Commission spoke about recent improvements in Election Commission.,221
6497,2025-10-25 15:08:30,Rahul Gandhi organized a large Rahul Gandhi awareness campaign.,1615
6498,2025-10-25 15:09:00,corruption urged citizens to support corruption initiatives.,4723
6499,2025-10-25 15:09:30,BJP debated on BJP reforms in Parliament.,1021
6500,2025-10-25 15:10:00,Rahul Gandhi criticized the opposition for Rahul Gandhi issues.,1716
6501,2025-10-25 15:10:30,manifesto debated on manifesto reforms in Parliament.,2418
6502,2025-10-25 15:11:00,education spoke about recent improvements in education.,4061
6503,2025-10-25 15:11:30,poll rally criticized the opposition for poll rally issues.,2275
6504,2025-10-25 15:12:00,jobs discussed the new jobs policy in India.,296
6505,2025-10-25 15:12:30,manifesto promised better manifesto opportunities for youth.,2980
6506,2025-10-25 15:13:00,campaign spoke about recent improvements in campaign.,2608
6507,2025-10-25 15:13:30,campaign highlighted challenges in campaign programs.,1161
6508,2025-10-25 15:14:00,Modi promised better Modi opportunities for youth.,258
6509,2025-10-25 15:14:30,healthcare spoke about recent improvements in healthcare.,3492
6510,2025-10-25 15:15:00,poll rally launched a rally focusing on poll rally development.,4163
6511,2025-10-25 15:15:30,Congress criticized the opposition for Congress issues.,1262
6512,2025-10-25 15:16:00,Election Commission launched a rally focusing on Election Commission development.,2802
6513,2025-10-25 15:16:30,BJP debated on BJP reforms in Parliament.,4292
6514,2025-10-25 15:17:00,poll rally urged citizens to support poll rally initiatives.,2840
6515,2025-10-25 15:17:30,healthcare urged citizens to support healthcare initiatives.,1934
6516,2025-10-25 15:18:00,BJP spoke about recent improvements in BJP.,4901
6517,2025-10-25 15:18:30,Election Commission launched a rally focusing on Election Commission development.,4580
6518,2025-10-25 15:19:00,Election Commission criticized the opposition for Election Commission issues.,938
6519,2025-10-25 15:19:30,Modi promised better Modi opportunities for youth.,3394
6520,2025-10-25 15:20:00,Rahul Gandhi criticized the opposition for Rahul Gandhi issues.,4157
6521,2025-10-25 15:20:30,Modi highlighted challenges in Modi programs.,326
6522,2025-10-25 15:21:00,campaign organized a large campaign awareness campaign.,4190
6523,2025-10-25 15:21:30,jobs highlighted challenges in jobs programs.,4978
6524,2025-10-25 15:22:00,jobs discussed the new jobs policy in India.,3705
6525,2025-10-25 15:22:30,development discussed the new development policy in India.,4684
6526,2025-10-25 15:23:00,poll rally announced a major reform in poll rally sector.,2952
6527,2025-10-25 15:23:30,poll rally promised better poll rally opportunities for youth.,1251
6528,2025-10-25 15:24:00,education debated on education reforms in Parliament.,2206
6529,2025-10-25 15:24:30,infrastructure discussed the new infrastructure policy in India.,4986
6530,2025-10-25 15:25:00,healthcare spoke about recent improvements in healthcare.,158
6531,2025-10-25 15:25:30,Modi promised better Modi opportunities for youth.,4284
6532,2025-10-25 15:26:00,Modi spoke about recent improvements in Modi.,2444
6533,2025-10-25 15:26:30,jobs highlighted challenges in jobs programs.,777
6534,2025-10-25 15:27:00,development spoke about recent improvements in development.,2448
6535,2025-10-25 15:27:30,Modi discussed the new Modi policy in India.,1629
6536,2025-10-25 15:28:00,poll rally spoke about recent improvements in poll rally.,3966
6537,2025-10-25 15:28:30,jobs announced a major reform in jobs sector.,2171
6538,2025-10-25 15:29:00,poll rally urged citizens to support poll rally initiatives.,2149
6539,2025-10-25 15:29:30,digital India organized a large digital India awareness campaign.,4570
6540,2025-10-25 15:30:00,manifesto organized a large manifesto awareness campaign.,2525
6541,2025-10-25 15:30:30,education urged citizens to support education initiatives.,4101
6542,2025-10-25 15:31:00,Rahul Gandhi promised better Rahul Gandhi opportunities for youth.,3352
6543,2025-10-25 15:31:30,Congress urged citizens to support Congress initiatives.,626
6544,2025-10-25 15:32:00,development criticized the opposition for development issues.,206
6545,2025-10-25 15:32:30,campaign discussed the new campaign policy in India.,3190
6546,2025-10-25 15:33:00,manifesto organized a large manifesto awareness campaign.,4387
6547,2025-10-25 15:33:30,Rahul Gandhi promised better Rahul Gandhi opportunities for youth.,2365
6548,2025-10-25 15:34:00,education promised better education opportunities for youth.,2768
6549,2025-10-25 15:34:30,Congress launched a rally focusing on Congress development.,3410
6550,2025-10-25 15:35:00,Modi highlighted challenges in Modi programs.,4020
6551,2025-10-25 15:35:30,development urged citizens to support development initiatives.,707
6552,2025-10-25 15:36:00,infrastructure debated on infrastructure reforms in Parliament.,52
6553,2025-10-25 15:36:30,campaign urged citizens to support campaign initiatives.,3711
6554,2025-10-25 15:37:00,Election Commission promised better Election Commission opportunities for youth.,2599
6555,2025-10-25 15:37:30,corruption discussed the new corruption policy in India.,214
6556,2025-10-25 15:38:00,Modi discussed the new Modi policy in India.,4517
6557,2025-10-25 15:38:30,digital India promised better digital India opportunities for youth.,1195
6558,2025-10-25 15:39:00,development announced a major reform in development sector.,4994
6559,2025-10-25 15:39:30,jobs highlighted challenges in jobs programs.,1020
6560,2025-10-25 15:40:00,corruption urged citizens to support corruption initiatives.,4474
6561,2025-10-25 15:40:30,campaign organized a large campaign awareness campaign.,551
6562,2025-10-25 15:41:00,corruption urged citizens to support corruption initiatives.,2773
6563,2025-10-25 15:41:30,infrastructure discussed the new infrastructure policy in India.,513
6564,2025-10-25 15:42:00,education launched a rally focusing on education development.,4980
6565,2025-10-25 15:42:30,education highlighted challenges in education programs.,3006
6566,2025-10-25 15:43:00,Rahul Gandhi launched a rally focusing on Rahul Gandhi development.,3064
6567,2025-10-25 15:43:30,corruption discussed the new corruption policy in India.,2590
6568,2025-10-25 15:44:00,education discussed the new education policy in India.,819
6569,2025-10-25 15:44:30,corruption spoke about recent improvements in corruption.,33
6570,2025-10-25 15:45:00,manifesto debated on manifesto reforms in Parliament.,4846
6571,2025-10-25 15:45:30,Modi spoke about recent improvements in Modi.,4425
6572,2025-10-25 15:46:00,digital India organized a large digital India awareness campaign.,700
6573,2025-10-25 15:46:30,Modi discussed the new Modi policy in India.,3790
6574,2025-10-25 15:47:00,poll rally promised better poll rally opportunities for youth.,4546
6575,2025-10-25 15:47:30,poll rally criticized the opposition for poll rally issues.,4586
6576,2025-10-25 15:48:00,Congress organized a large Congress awareness campaign.,1624
6577,2025-10-25 15:48:30,healthcare launched a rally focusing on healthcare development.,2859
6578,2025-10-25 15:49:00,Election Commission highlighted challenges in Election Commission programs.,3078
6579,2025-10-25 15:49:30,Congress promised better Congress opportunities for youth.,1666
6580,2025-10-25 15:50:00,jobs urged citizens to support jobs initiatives.,3827
6581,2025-10-25 15:50:30,digital India urged citizens to support digital India initiatives.,3589
6582,2025-10-25 15:51:00,BJP organized a large BJP awareness campaign.,706
6583,2025-10-25 15:51:30,manifesto debated on manifesto reforms in Parliament.,3399
6584,2025-10-25 15:52:00,healthcare announced a major reform in healthcare sector.,4279
6585,2025-10-25 15:52:30,education announced a major reform in education sector.,1436
6586,2025-10-25 15:53:00,development organized a large development awareness campaign.,4379
6587,2025-10-25 15:53:30,Rahul Gandhi debated on Rahul Gandhi reforms in Parliament.,3487
6588,2025-10-25 15:54:00,campaign debated on campaign reforms in Parliament.,3141
6589,2025-10-25 15:54:30,Election Commission urged citizens to support Election Commission initiatives.,3524
6590,2025-10-25 15:55:00,digital India highlighted challenges in digital India programs.,4927
6591,2025-10-25 15:55:30,Election Commission promised better Election Commission opportunities for youth.,1692
6592,2025-10-25 15:56:00,Modi debated on Modi reforms in Parliament.,1743
6593,2025-10-25 15:56:30,corruption urged citizens to support corruption initiatives.,2051
6594,2025-10-25 15:57:00,manifesto organized a large manifesto awareness campaign.,2477
6595,2025-10-25 15:57:30,Election Commission highlighted challenges in Election Commission programs.,2897
6596,2025-10-25 15:58:00,BJP announced a major reform in BJP sector.,3188
6597,2025-10-25 15:58:30,Election Commission discussed the new Election Commission policy in India.,1126
6598,2025-10-25 15:59:00,development announced a major reform in development sector.,3485
6599,2025-10-25 15:59:30,jobs discussed the new jobs policy in India.,3007
6600,2025-10-25 16:00:00,campaign discussed the new campaign policy in India.,2512
6601,2025-10-25 16:00:30,education urged citizens to support education initiatives.,1908
6602,2025-10-25 16:01:00,Election Commission highlighted challenges in Election Commission programs.,2861
6603,2025-10-25 16:01:30,education launched a rally focusing on education development.,3913
6604,2025-10-25 16:02:00,Congress announced a major reform in Congress sector.,818
6605,2025-10-25 16:02:30,digital India spoke about recent improvements in digital India.,2970
6606,2025-10-25 16:03:00,healthcare urged citizens to support healthcare initiatives.,1476
6607,2025-10-25 16:03:30,infrastructure launched a rally focusing on infrastructure development.,2922
6608,2025-10-25 16:04:00,digital India discussed the new digital India policy in India.,157
6609,2025-10-25 16:04:30,infrastructure launched a rally focusing on infrastructure development.,2050
6610,2025-10-25 16:05:00,development spoke about recent improvements in development.,67
6611,2025-10-25 16:05:30,Rahul Gandhi urged citizens to support Rahul Gandhi initiatives.,2951
6612,2025-10-25 16:06:00,digital India debated on digital India reforms in Parliament.,1599
6613,2025-10-25 16:06:30,infrastructure promised better infrastructure opportunities for youth.,3798
6614,2025-10-25 16:07:00,education promised better education opportunities for youth.,4223
6615,2025-10-25 16:07:30,digital India organized a large digital India awareness campaign.,4602
6616,2025-10-25 16:08:00,Congress discussed the new Congress policy in India.,1149
6617,2025-10-25 16:08:30,Congress highlighted challenges in Congress programs.,924
6618,2025-10-25 16:09:00,manifesto launched a rally focusing on manifesto development.,3088
6619,2025-10-25 16:09:30,Rahul Gandhi announced a major reform in Rahul Gandhi sector.,4491
6620,2025-10-25 16:10:00,jobs debated on jobs reforms in Parliament.,797
6621,2025-10-25 16:10:30,jobs highlighted challenges in jobs programs.,4015
6622,2025-10-25 16:11:00,education promised better education opportunities for youth.,2589
6623,2025-10-25 16:11:30,manifesto launched a rally focusing on manifesto development.,2670
6624,2025-10-25 16:12:00,healthcare discussed the new healthcare policy in India.,3246
6625,2025-10-25 16:12:30,healthcare announced a major reform in healthcare sector.,3289
6626,2025-10-25 16:13:00,BJP promised better BJP opportunities for youth.,2601
6627,2025-10-25 16:13:30,Congress announced a major reform in Congress sector.,334
6628,2025-10-25 16:14:00,BJP criticized the opposition for BJP issues.,1742
6629,2025-10-25 16:14:30,development debated on development reforms in Parliament.,1587
6630,2025-10-25 16:15:00,Rahul Gandhi promised better Rahul Gandhi opportunities for youth.,4873
6631,2025-10-25 16:15:30,digital India highlighted challenges in digital India programs.,4151
6632,2025-10-25 16:16:00,development launched a rally focusing on development development.,2169
6633,2025-10-25 16:16:30,development announced a major reform in development sector.,4159
6634,2025-10-25 16:17:00,infrastructure organized a large infrastructure awareness campaign.,1641
6635,2025-10-25 16:17:30,infrastructure highlighted challenges in infrastructure programs.,2688
6636,2025-10-25 16:18:00,manifesto discussed the new manifesto policy in India.,1178
6637,2025-10-25 16:18:30,digital India debated on digital India reforms in Parliament.,655
6638,2025-10-25 16:19:00,jobs spoke about recent improvements in jobs.,3313
6639,2025-10-25 16:19:30,poll rally criticized the opposition for poll rally issues.,296
6640,2025-10-25 16:20:00,poll rally criticized the opposition for poll rally issues.,2943
6641,2025-10-25 16:20:30,jobs announced a major reform in jobs sector.,4614
6642,2025-10-25 16:21:00,healthcare spoke about recent improvements in healthcare.,3250
6643,2025-10-25 16:21:30,Modi promised better Modi opportunities for youth.,3487
6644,2025-10-25 16:22:00,healthcare debated on healthcare reforms in Parliament.,4790
6645,2025-10-25 16:22:30,BJP urged citizens to support BJP initiatives.,4765
6646,2025-10-25 16:23:00,Modi spoke about recent improvements in Modi.,3676
6647,2025-10-25 16:23:30,development criticized the opposition for development issues.,1080
6648,2025-10-25 16:24:00,jobs launched a rally focusing on jobs development.,3244
6649,2025-10-25 16:24:30,jobs spoke about recent improvements in jobs.,754
6650,2025-10-25 16:25:00,Rahul Gandhi discussed the new Rahul Gandhi policy in India.,125
6651,2025-10-25 16:25:30,jobs organized a large jobs awareness campaign.,3421
6652,2025-10-25 16:26:00,jobs debated on jobs reforms in Parliament.,3704
6653,2025-10-25 16:26:30,manifesto organized a large manifesto awareness campaign.,1575
6654,2025-10-25 16:27:00,healthcare organized a large healthcare awareness campaign.,1854
6655,2025-10-25 16:27:30,campaign announced a major reform in campaign sector.,3473
6656,2025-10-25 16:28:00,Rahul Gandhi urged citizens to support Rahul Gandhi initiatives.,957
6657,2025-10-25 16:28:30,healthcare launched a rally focusing on healthcare development.,2790
6658,2025-10-25 16:29:00,poll rally spoke about recent improvements in poll rally.,853
6659,2025-10-25 16:29:30,healthcare announced a major reform in healthcare sector.,3210
6660,2025-10-25 16:30:00,healthcare debated on healthcare reforms in Parliament.,4367
6661,2025-10-25 16:30:30,healthcare launched a rally focusing on healthcare development.,576
6662,2025-10-25 16:31:00,jobs highlighted challenges in jobs programs.,3041
6663,2025-10-25 16:31:30,Rahul Gandhi criticized the opposition for Rahul Gandhi issues.,4193
6664,2025-10-25 16:32:00,poll rally spoke about recent improvements in poll rally.,3093
6665,2025-10-25 16:32:30,Election Commission organized a large Election Commission awareness campaign.,4568
6666,2025-10-25 16:33:00,corruption launched a rally focusing on corruption development.,3730
6667,2025-10-25 16:33:30,BJP urged citizens to support BJP initiatives.,2158
6668,2025-10-25 16:34:00,infrastructure promised better infrastructure opportunities for youth.,4619
6669,2025-10-25 16:34:30,corruption spoke about recent improvements in corruption.,3426
6670,2025-10-25 16:35:00,Election Commission promised better Election Commission opportunities for youth.,2319
6671,2025-10-25 16:35:30,jobs launched a rally focusing on jobs development.,3759
6672,2025-10-25 16:36:00,Congress launched a rally focusing on Congress development.,2820
6673,2025-10-25 16:36:30,development announced a major reform in development sector.,4542
6674,2025-10-25 16:37:00,jobs highlighted challenges in jobs programs.,1670
6675,2025-10-25 16:37:30,manifesto discussed the new manifesto policy in India.,1844
6676,2025-10-25 16:38:00,poll rally spoke about recent improvements in poll rally.,4396
6677,2025-10-25 16:38:30,healthcare launched a rally focusing on healthcare development.,2039
6678,2025-10-25 16:39:00,Congress promised better Congress opportunities for youth.,13
6679,2025-10-25 16:39:30,poll rally announced a major reform in poll rally sector.,3312
6680,2025-10-25 16:40:00,infrastructure discussed the new infrastructure policy in India.,1556
6681,2025-10-25 16:40:30,education discussed the new education policy in India.,2864
6682,2025-10-25 16:41:00,BJP discussed the new BJP policy in India.,1497
6683,2025-10-25 16:41:30,digital India debated on digital India reforms in Parliament.,2291
6684,2025-10-25 16:42:00,campaign criticized the opposition for campaign issues.,2388
6685,2025-10-25 16:42:30,campaign announced a major reform in campaign sector.,1759
6686,2025-10-25 16:43:00,corruption promised better corruption opportunities for youth.,347
6687,2025-10-25 16:43:30,campaign discussed the new campaign policy in India.,4900
6688,2025-10-25 16:44:00,education criticized the opposition for education issues.,3047
6689,2025-10-25 16:44:30,healthcare criticized the opposition for healthcare issues.,2161
6690,2025-10-25 16:45:00,healthcare promised better healthcare opportunities for youth.,322
6691,2025-10-25 16:45:30,corruption urged citizens to support corruption initiatives.,1199
6692,2025-10-25 16:46:00,corruption announced a major reform in corruption sector.,2314
6693,2025-10-25 16:46:30,Congress urged citizens to support Congress initiatives.,3610
6694,2025-10-25 16:47:00,Election Commission launched a rally focusing on Election Commission development.,2161
6695,2025-10-25 16:47:30,development highlighted challenges in development programs.,2628
6696,2025-10-25 16:48:00,BJP spoke about recent improvements in BJP.,762
6697,2025-10-25 16:48:30,Congress organized a large Congress awareness campaign.,3725
6698,2025-10-25 16:49:00,development debated on development reforms in Parliament.,3063
6699,2025-10-25 16:49:30,digital India discussed the new digital India policy in India.,4270
6700,2025-10-25 16:50:00,education announced a major reform in education sector.,1255
6701,2025-10-25 16:50:30,Modi promised better Modi opportunities for youth.,2670
6702,2025-10-25 16:51:00,Congress launched a rally focusing on Congress development.,1769
6703,2025-10-25 16:51:30,digital India highlighted challenges in digital India programs.,3899
6704,2025-10-25 16:52:00,Congress debated on Congress reforms in Parliament.,3649
6705,2025-10-25 16:52:30,Congress criticized the opposition for Congress issues.,4616
6706,2025-10-25 16:53:00,Congress debated on Congress reforms in Parliament.,1532
6707,2025-10-25 16:53:30,corruption launched a rally focusing on corruption development.,1661
6708,2025-10-25 16:54:00,manifesto organized a large manifesto awareness campaign.,2647
6709,2025-10-25 16:54:30,education debated on education reforms in Parliament.,1539
6710,2025-10-25 16:55:00,Election Commission debated on Election Commission reforms in Parliament.,1945
6711,2025-10-25 16:55:30,poll rally criticized the opposition for poll rally issues.,2090
6712,2025-10-25 16:56:00,Election Commission criticized the opposition for Election Commission issues.,1642
6713,2025-10-25 16:56:30,Rahul Gandhi announced a major reform in Rahul Gandhi sector.,3574
6714,2025-10-25 16:57:00,Congress criticized the opposition for Congress issues.,3117
6715,2025-10-25 16:57:30,Modi announced a major reform in Modi sector.,4845
6716,2025-10-25 16:58:00,Rahul Gandhi organized a large Rahul Gandhi awareness campaign.,3944
6717,2025-10-25 16:58:30,jobs urged citizens to support jobs initiatives.,2905
6718,2025-10-25 16:59:00,Modi launched a rally focusing on Modi development.,4096
6719,2025-10-25 16:59:30,development launched a rally focusing on development development.,2735
6720,2025-10-25 17:00:00,education criticized the opposition for education issues.,42
6721,2025-10-25 17:00:30,poll rally discussed the new poll rally policy in India.,4166
6722,2025-10-25 17:01:00,education highlighted challenges in education programs.,2379
6723,2025-10-25 17:01:30,Rahul Gandhi criticized the opposition for Rahul Gandhi issues.,2444
6724,2025-10-25 17:02:00,development spoke about recent improvements in development.,2125
6725,2025-10-25 17:02:30,Rahul Gandhi promised better Rahul Gandhi opportunities for youth.,2679
6726,2025-10-25 17:03:00,Rahul Gandhi criticized the opposition for Rahul Gandhi issues.,2757
6727,2025-10-25 17:03:30,infrastructure urged citizens to support infrastructure initiatives.,2925
6728,2025-10-25 17:04:00,Rahul Gandhi discussed the new Rahul Gandhi policy in India.,3383
6729,2025-10-25 17:04:30,digital India discussed the new digital India policy in India.,1527
6730,2025-10-25 17:05:00,Congress organized a large Congress awareness campaign.,3802
6731,2025-10-25 17:05:30,development highlighted challenges in development programs.,152
6732,2025-10-25 17:06:00,development debated on development reforms in Parliament.,678
6733,2025-10-25 17:06:30,Election Commission debated on Election Commission reforms in Parliament.,4410
6734,2025-10-25 17:07:00,Modi launched a rally focusing on Modi development.,20
6735,2025-10-25 17:07:30,healthcare organized a large healthcare awareness campaign.,3920
6736,2025-10-25 17:08:00,infrastructure criticized the opposition for infrastructure issues.,1082
6737,2025-10-25 17:08:30,infrastructure highlighted challenges in infrastructure programs.,3378
6738,2025-10-25 17:09:00,Modi highlighted challenges in Modi programs.,3769
6739,2025-10-25 17:09:30,Modi launched a rally focusing on Modi development.,1988
6740,2025-10-25 17:10:00,poll rally promised better poll rally opportunities for youth.,2446
6741,2025-10-25 17:10:30,jobs urged citizens to support jobs initiatives.,979
6742,2025-10-25 17:11:00,Election Commission criticized the opposition for Election Commission issues.,3090
6743,2025-10-25 17:11:30,BJP discussed the new BJP policy in India.,3485
6744,2025-10-25 17:12:00,Modi highlighted challenges in Modi programs.,535
6745,2025-10-25 17:12:30,poll rally announced a major reform in poll rally sector.,3216
6746,2025-10-25 17:13:00,Election Commission discussed the new Election Commission policy in India.,4125
6747,2025-10-25 17:13:30,corruption criticized the opposition for corruption issues.,4510
6748,2025-10-25 17:14:00,Rahul Gandhi criticized the opposition for Rahul Gandhi issues.,1340
6749,2025-10-25 17:14:30,manifesto highlighted challenges in manifesto programs.,920
6750,2025-10-25 17:15:00,corruption discussed the new corruption policy in India.,168
6751,2025-10-25 17:15:30,infrastructure spoke about recent improvements in infrastructure.,4228
6752,2025-10-25 17:16:00,manifesto highlighted challenges in manifesto programs.,2804
6753,2025-10-25 17:16:30,education launched a rally focusing on education development.,4402
6754,2025-10-25 17:17:00,education organized a large education awareness campaign.,2034
6755,2025-10-25 17:17:30,development discussed the new development policy in India.,338
6756,2025-10-25 17:18:00,development announced a major reform in development sector.,2522
6757,2025-10-25 17:18:30,development launched a rally focusing on development development.,4588
6758,2025-10-25 17:19:00,manifesto announced a major reform in manifesto sector.,451
6759,2025-10-25 17:19:30,campaign announced a major reform in campaign sector.,2578
6760,2025-10-25 17:20:00,education organized a large education awareness campaign.,4513
6761,2025-10-25 17:20:30,digital India launched a rally focusing on digital India development.,500
6762,2025-10-25 17:21:00,manifesto promised better manifesto opportunities for youth.,788
6763,2025-10-25 17:21:30,Modi organized a large Modi awareness campaign.,2884
6764,2025-10-25 17:22:00,infrastructure discussed the new infrastructure policy in India.,2556
6765,2025-10-25 17:22:30,Congress debated on Congress reforms in Parliament.,3125
6766,2025-10-25 17:23:00,healthcare debated on healthcare reforms in Parliament.,4542
6767,2025-10-25 17:23:30,education debated on education reforms in Parliament.,1519
6768,2025-10-25 17:24:00,corruption urged citizens to support corruption initiatives.,4545
6769,2025-10-25 17:24:30,healthcare debated on healthcare reforms in Parliament.,976
6770,2025-10-25 17:25:00,poll rally launched a rally focusing on poll rally development.,1376
6771,2025-10-25 17:25:30,Election Commission debated on Election Commission reforms in Parliament.,841
6772,2025-10-25 17:26:00,digital India urged citizens to support digital India initiatives.,3616
6773,2025-10-25 17:26:30,infrastructure promised better infrastructure opportunities for youth.,3167
6774,2025-10-25 17:27:00,BJP urged citizens to support BJP initiatives.,856
6775,2025-10-25 17:27:30,infrastructure debated on infrastructure reforms in Parliament.,1767
6776,2025-10-25 17:28:00,Election Commission announced a major reform in Election Commission sector.,644
6777,2025-10-25 17:28:30,corruption criticized the opposition for corruption issues.,1460
6778,2025-10-25 17:29:00,Election Commission announced a major reform in Election Commission sector.,3049
6779,2025-10-25 17:29:30,healthcare criticized the opposition for healthcare issues.,3727
6780,2025-10-25 17:30:00,poll rally highlighted challenges in poll rally programs.,4556
6781,2025-10-25 17:30:30,corruption urged citizens to support corruption initiatives.,2158
6782,2025-10-25 17:31:00,Election Commission promised better Election Commission opportunities for youth.,4151
6783,2025-10-25 17:31:30,BJP criticized the opposition for BJP issues.,627
6784,2025-10-25 17:32:00,infrastructure spoke about recent improvements in infrastructure.,1546
6785,2025-10-25 17:32:30,poll rally criticized the opposition for poll rally issues.,1151
6786,2025-10-25 17:33:00,Modi urged citizens to support Modi initiatives.,3115
6787,2025-10-25 17:33:30,development discussed the new development policy in India.,2547
6788,2025-10-25 17:34:00,development debated on development reforms in Parliament.,3140
6789,2025-10-25 17:34:30,Rahul Gandhi spoke about recent improvements in Rahul Gandhi.,773
6790,2025-10-25 17:35:00,development spoke about recent improvements in development.,2743
6791,2025-10-25 17:35:30,Election Commission discussed the new Election Commission policy in India.,4514
6792,2025-10-25 17:36:00,Rahul Gandhi promised better Rahul Gandhi opportunities for youth.,3111
6793,2025-10-25 17:36:30,manifesto organized a large manifesto awareness campaign.,3532
6794,2025-10-25 17:37:00,poll rally criticized the opposition for poll rally issues.,1114
6795,2025-10-25 17:37:30,Modi highlighted challenges in Modi programs.,4209
6796,2025-10-25 17:38:00,BJP organized a large BJP awareness campaign.,874
6797,2025-10-25 17:38:30,infrastructure announced a major reform in infrastructure sector.,4477
6798,2025-10-25 17:39:00,Modi highlighted challenges in Modi programs.,4858
6799,2025-10-25 17:39:30,infrastructure criticized the opposition for infrastructure issues.,3109
6800,2025-10-25 17:40:00,corruption discussed the new corruption policy in India.,4769
6801,2025-10-25 17:40:30,Modi organized a large Modi awareness campaign.,2590
6802,2025-10-25 17:41:00,education announced a major reform in education sector.,600
6803,2025-10-25 17:41:30,education launched a rally focusing on education development.,4216
6804,2025-10-25 17:42:00,Election Commission promised better Election Commission opportunities for youth.,3311
6805,2025-10-25 17:42:30,Election Commission announced a major reform in Election Commission sector.,1660
6806,2025-10-25 17:43:00,BJP debated on BJP reforms in Parliament.,4065
6807,2025-10-25 17:43:30,development urged citizens to support development initiatives.,402
6808,2025-10-25 17:44:00,infrastructure promised better infrastructure opportunities for youth.,2984
6809,2025-10-25 17:44:30,corruption spoke about recent improvements in corruption.,755
6810,2025-10-25 17:45:00,Election Commission launched a rally focusing on Election Commission development.,1699
6811,2025-10-25 17:45:30,jobs promised better jobs opportunities for youth.,864
6812,2025-10-25 17:46:00,BJP urged citizens to support BJP initiatives.,4363
6813,2025-10-25 17:46:30,campaign urged citizens to support campaign initiatives.,1775
6814,2025-10-25 17:47:00,Election Commission highlighted challenges in Election Commission programs.,1798
6815,2025-10-25 17:47:30,Rahul Gandhi urged citizens to support Rahul Gandhi initiatives.,4058
6816,2025-10-25 17:48:00,Election Commission launched a rally focusing on Election Commission development.,1448
6817,2025-10-25 17:48:30,BJP organized a large BJP awareness campaign.,4859
6818,2025-10-25 17:49:00,infrastructure urged citizens to support infrastructure initiatives.,4592
6819,2025-10-25 17:49:30,Rahul Gandhi debated on Rahul Gandhi reforms in Parliament.,3400
6820,2025-10-25 17:50:00,Election Commission debated on Election Commission reforms in Parliament.,2620
6821,2025-10-25 17:50:30,BJP spoke about recent improvements in BJP.,3219
6822,2025-10-25 17:51:00,education announced a major reform in education sector.,2130
6823,2025-10-25 17:51:30,development criticized the opposition for development issues.,15
6824,2025-10-25 17:52:00,manifesto discussed the new manifesto policy in India.,1980
6825,2025-10-25 17:52:30,healthcare debated on healthcare reforms in Parliament.,2927
6826,2025-10-25 17:53:00,Election Commission spoke about recent improvements in Election Commission.,3605
6827,2025-10-25 17:53:30,jobs criticized the opposition for jobs issues.,4425
6828,2025-10-25 17:54:00,poll rally debated on poll rally reforms in Parliament.,2641
6829,2025-10-25 17:54:30,campaign organized a large campaign awareness campaign.,4869
6830,2025-10-25 17:55:00,healthcare organized a large healthcare awareness campaign.,3932
6831,2025-10-25 17:55:30,campaign discussed the new campaign policy in India.,3807
6832,2025-10-25 17:56:00,manifesto highlighted challenges in manifesto programs.,512
6833,2025-10-25 17:56:30,jobs highlighted challenges in jobs programs.,1707
6834,2025-10-25 17:57:00,Rahul Gandhi spoke about recent improvements in Rahul Gandhi.,2067
6835,2025-10-25 17:57:30,corruption spoke about recent improvements in corruption.,2158
6836,2025-10-25 17:58:00,BJP highlighted challenges in BJP programs.,976
6837,2025-10-25 17:58:30,development organized a large development awareness campaign.,746
6838,2025-10-25 17:59:00,digital India launched a rally focusing on digital India development.,1561
6839,2025-10-25 17:59:30,education highlighted challenges in education programs.,1239
6840,2025-10-25 18:00:00,Congress promised better Congress opportunities for youth.,891
6841,2025-10-25 18:00:30,Election Commission announced a major reform in Election Commission sector.,788
6842,2025-10-25 18:01:00,poll rally discussed the new poll rally policy in India.,2101
6843,2025-10-25 18:01:30,Modi debated on Modi reforms in Parliament.,767
6844,2025-10-25 18:02:00,Rahul Gandhi discussed the new Rahul Gandhi policy in India.,3546
6845,2025-10-25 18:02:30,BJP debated on BJP reforms in Parliament.,109
6846,2025-10-25 18:03:00,Congress criticized the opposition for Congress issues.,2006
6847,2025-10-25 18:03:30,BJP announced a major reform in BJP sector.,1837
6848,2025-10-25 18:04:00,campaign criticized the opposition for campaign issues.,319
6849,2025-10-25 18:04:30,corruption organized a large corruption awareness campaign.,2315
6850,2025-10-25 18:05:00,development launched a rally focusing on development development.,3413
6851,2025-10-25 18:05:30,infrastructure debated on infrastructure reforms in Parliament.,4872
6852,2025-10-25 18:06:00,Modi announced a major reform in Modi sector.,1369
6853,2025-10-25 18:06:30,digital India debated on digital India reforms in Parliament.,4123
6854,2025-10-25 18:07:00,Election Commission announced a major reform in Election Commission sector.,3061
6855,2025-10-25 18:07:30,manifesto spoke about recent improvements in manifesto.,1932
6856,2025-10-25 18:08:00,development discussed the new development policy in India.,3160
6857,2025-10-25 18:08:30,infrastructure spoke about recent improvements in infrastructure.,2418
6858,2025-10-25 18:09:00,Rahul Gandhi highlighted challenges in Rahul Gandhi programs.,1149
6859,2025-10-25 18:09:30,Rahul Gandhi launched a rally focusing on Rahul Gandhi development.,3514
6860,2025-10-25 18:10:00,Rahul Gandhi highlighted challenges in Rahul Gandhi programs.,2333
6861,2025-10-25 18:10:30,infrastructure announced a major reform in infrastructure sector.,4215
6862,2025-10-25 18:11:00,education launched a rally focusing on education development.,1257
6863,2025-10-25 18:11:30,corruption promised better corruption opportunities for youth.,1157
6864,2025-10-25 18:12:00,Congress spoke about recent improvements in Congress.,954
6865,2025-10-25 18:12:30,development organized a large development awareness campaign.,3944
6866,2025-10-25 18:13:00,Election Commission promised better Election Commission opportunities for youth.,174
6867,2025-10-25 18:13:30,infrastructure spoke about recent improvements in infrastructure.,855
6868,2025-10-25 18:14:00,corruption launched a rally focusing on corruption development.,3369
6869,2025-10-25 18:14:30,campaign promised better campaign opportunities for youth.,3172
6870,2025-10-25 18:15:00,campaign debated on campaign reforms in Parliament.,1254
6871,2025-10-25 18:15:30,digital India discussed the new digital India policy in India.,681
6872,2025-10-25 18:16:00,Election Commission highlighted challenges in Election Commission programs.,4786
6873,2025-10-25 18:16:30,manifesto urged citizens to support manifesto initiatives.,1285
6874,2025-10-25 18:17:00,manifesto promised better manifesto opportunities for youth.,1509
6875,2025-10-25 18:17:30,corruption promised better corruption opportunities for youth.,1940
6876,2025-10-25 18:18:00,Election Commission organized a large Election Commission awareness campaign.,2739
6877,2025-10-25 18:18:30,jobs criticized the opposition for jobs issues.,4103
6878,2025-10-25 18:19:00,infrastructure announced a major reform in infrastructure sector.,3260
6879,2025-10-25 18:19:30,education urged citizens to support education initiatives.,3426
6880,2025-10-25 18:20:00,poll rally organized a large poll rally awareness campaign.,3009
6881,2025-10-25 18:20:30,BJP promised better BJP opportunities for youth.,1376
6882,2025-10-25 18:21:00,education organized a large education awareness campaign.,3090
6883,2025-10-25 18:21:30,manifesto criticized the opposition for manifesto issues.,2070
6884,2025-10-25 18:22:00,digital India spoke about recent improvements in digital India.,3591
6885,2025-10-25 18:22:30,Congress promised better Congress opportunities for youth.,3312
6886,2025-10-25 18:23:00,digital India debated on digital India reforms in Parliament.,3242
6887,2025-10-25 18:23:30,healthcare launched a rally focusing on healthcare development.,3513
6888,2025-10-25 18:24:00,digital India spoke about recent improvements in digital India.,4490
6889,2025-10-25 18:24:30,corruption organized a large corruption awareness campaign.,116
6890,2025-10-25 18:25:00,poll rally urged citizens to support poll rally initiatives.,2698
6891,2025-10-25 18:25:30,Election Commission spoke about recent improvements in Election Commission.,748
6892,2025-10-25 18:26:00,development highlighted challenges in development programs.,399
6893,2025-10-25 18:26:30,jobs criticized the opposition for jobs issues.,1808
6894,2025-10-25 18:27:00,manifesto launched a rally focusing on manifesto development.,4802
6895,2025-10-25 18:27:30,Modi organized a large Modi awareness campaign.,4636
6896,2025-10-25 18:28:00,development highlighted challenges in development programs.,652
6897,2025-10-25 18:28:30,corruption announced a major reform in corruption sector.,12
6898,2025-10-25 18:29:00,Congress launched a rally focusing on Congress development.,2483
6899,2025-10-25 18:29:30,Rahul Gandhi announced a major reform in Rahul Gandhi sector.,69
6900,2025-10-25 18:30:00,Congress urged citizens to support Congress initiatives.,363
6901,2025-10-25 18:30:30,corruption promised better corruption opportunities for youth.,2214
6902,2025-10-25 18:31:00,Election Commission spoke about recent improvements in Election Commission.,976
6903,2025-10-25 18:31:30,poll rally urged citizens to support poll rally initiatives.,3114
6904,2025-10-25 18:32:00,infrastructure debated on infrastructure reforms in Parliament.,3448
6905,2025-10-25 18:32:30,development discussed the new development policy in India.,3802
6906,2025-10-25 18:33:00,digital India promised better digital India opportunities for youth.,1977
6907,2025-10-25 18:33:30,Election Commission organized a large Election Commission awareness campaign.,2874
6908,2025-10-25 18:34:00,Modi spoke about recent improvements in Modi.,825
6909,2025-10-25 18:34:30,infrastructure organized a large infrastructure awareness campaign.,1671
6910,2025-10-25 18:35:00,healthcare launched a rally focusing on healthcare development.,4994
6911,2025-10-25 18:35:30,poll rally highlighted challenges in poll rally programs.,1883
6912,2025-10-25 18:36:00,poll rally urged citizens to support poll rally initiatives.,278
6913,2025-10-25 18:36:30,education announced a major reform in education sector.,2163
6914,2025-10-25 18:37:00,Congress spoke about recent improvements in Congress.,3600
6915,2025-10-25 18:37:30,manifesto organized a large manifesto awareness campaign.,814
6916,2025-10-25 18:38:00,corruption debated on corruption reforms in Parliament.,2920
6917,2025-10-25 18:38:30,BJP criticized the opposition for BJP issues.,3812
6918,2025-10-25 18:39:00,Rahul Gandhi announced a major reform in Rahul Gandhi sector.,2611
6919,2025-10-25 18:39:30,infrastructure launched a rally focusing on infrastructure development.,1516
6920,2025-10-25 18:40:00,development organized a large development awareness campaign.,2893
6921,2025-10-25 18:40:30,development launched a rally focusing on development development.,4817
6922,2025-10-25 18:41:00,poll rally discussed the new poll rally policy in India.,778
6923,2025-10-25 18:41:30,Rahul Gandhi urged citizens to support Rahul Gandhi initiatives.,2538
6924,2025-10-25 18:42:00,campaign criticized the opposition for campaign issues.,3606
6925,2025-10-25 18:42:30,BJP spoke about recent improvements in BJP.,3512
6926,2025-10-25 18:43:00,campaign organized a large campaign awareness campaign.,1653
6927,2025-10-25 18:43:30,poll rally spoke about recent improvements in poll rally.,4953
6928,2025-10-25 18:44:00,BJP urged citizens to support BJP initiatives.,2974
6929,2025-10-25 18:44:30,Rahul Gandhi debated on Rahul Gandhi reforms in Parliament.,446
6930,2025-10-25 18:45:00,healthcare announced a major reform in healthcare sector.,4003
6931,2025-10-25 18:45:30,development announced a major reform in development sector.,2977
6932,2025-10-25 18:46:00,campaign discussed the new campaign policy in India.,474
6933,2025-10-25 18:46:30,BJP promised better BJP opportunities for youth.,4497
6934,2025-10-25 18:47:00,poll rally promised better poll rally opportunities for youth.,1844
6935,2025-10-25 18:47:30,manifesto debated on manifesto reforms in Parliament.,4710
6936,2025-10-25 18:48:00,education announced a major reform in education sector.,524
6937,2025-10-25 18:48:30,manifesto debated on manifesto reforms in Parliament.,658
6938,2025-10-25 18:49:00,infrastructure urged citizens to support infrastructure initiatives.,3960
6939,2025-10-25 18:49:30,poll rally announced a major reform in poll rally sector.,3244
6940,2025-10-25 18:50:00,BJP announced a major reform in BJP sector.,3255
6941,2025-10-25 18:50:30,corruption announced a major reform in corruption sector.,3320
6942,2025-10-25 18:51:00,poll rally urged citizens to support poll rally initiatives.,896
6943,2025-10-25 18:51:30,infrastructure organized a large infrastructure awareness campaign.,4705
6944,2025-10-25 18:52:00,Modi criticized the opposition for Modi issues.,381
6945,2025-10-25 18:52:30,corruption spoke about recent improvements in corruption.,3633
6946,2025-10-25 18:53:00,Rahul Gandhi urged citizens to support Rahul Gandhi initiatives.,277
6947,2025-10-25 18:53:30,jobs promised better jobs opportunities for youth.,2824
6948,2025-10-25 18:54:00,Rahul Gandhi urged citizens to support Rahul Gandhi initiatives.,3663
6949,2025-10-25 18:54:30,jobs spoke about recent improvements in jobs.,1666
6950,2025-10-25 18:55:00,campaign highlighted challenges in campaign programs.,4316
6951,2025-10-25 18:55:30,poll rally spoke about recent improvements in poll rally.,4776
6952,2025-10-25 18:56:00,development debated on development reforms in Parliament.,1908
6953,2025-10-25 18:56:30,jobs criticized the opposition for jobs issues.,1838
6954,2025-10-25 18:57:00,corruption launched a rally focusing on corruption development.,4233
6955,2025-10-25 18:57:30,BJP spoke about recent improvements in BJP.,2585
6956,2025-10-25 18:58:00,campaign organized a large campaign awareness campaign.,2972
6957,2025-10-25 18:58:30,education announced a major reform in education sector.,3822
6958,2025-10-25 18:59:00,BJP announced a major reform in BJP sector.,1101
6959,2025-10-25 18:59:30,manifesto debated on manifesto reforms in Parliament.,1990
6960,2025-10-25 19:00:00,manifesto urged citizens to support manifesto initiatives.,3304
6961,2025-10-25 19:00:30,Election Commission discussed the new Election Commission policy in India.,3182
6962,2025-10-25 19:01:00,Congress promised better Congress opportunities for youth.,936
6963,2025-10-25 19:01:30,Modi criticized the opposition for Modi issues.,1063
6964,2025-10-25 19:02:00,digital India organized a large digital India awareness campaign.,3533
6965,2025-10-25 19:02:30,healthcare announced a major reform in healthcare sector.,3614
6966,2025-10-25 19:03:00,development announced a major reform in development sector.,3147
6967,2025-10-25 19:03:30,Congress spoke about recent improvements in Congress.,1506
6968,2025-10-25 19:04:00,infrastructure launched a rally focusing on infrastructure development.,2521
6969,2025-10-25 19:04:30,development debated on development reforms in Parliament.,3257
6970,2025-10-25 19:05:00,Modi debated on Modi reforms in Parliament.,2065
6971,2025-10-25 19:05:30,education discussed the new education policy in India.,3979
6972,2025-10-25 19:06:00,education debated on education reforms in Parliament.,2380
6973,2025-10-25 19:06:30,development criticized the opposition for development issues.,3722
6974,2025-10-25 19:07:00,Congress debated on Congress reforms in Parliament.,3171
6975,2025-10-25 19:07:30,education urged citizens to support education initiatives.,2424
6976,2025-10-25 19:08:00,campaign spoke about recent improvements in campaign.,2861
6977,2025-10-25 19:08:30,healthcare urged citizens to support healthcare initiatives.,3204
6978,2025-10-25 19:09:00,digital India highlighted challenges in digital India programs.,3175
6979,2025-10-25 19:09:30,infrastructure discussed the new infrastructure policy in India.,897
6980,2025-10-25 19:10:00,jobs urged citizens to support jobs initiatives.,1813
6981,2025-10-25 19:10:30,manifesto spoke about recent improvements in manifesto.,250
6982,2025-10-25 19:11:00,development organized a large development awareness campaign.,525
6983,2025-10-25 19:11:30,campaign urged citizens to support campaign initiatives.,4793
6984,2025-10-25 19:12:00,jobs announced a major reform in jobs sector.,2335
6985,2025-10-25 19:12:30,Election Commission urged citizens to support Election Commission initiatives.,1334
6986,2025-10-25 19:13:00,Modi debated on Modi reforms in Parliament.,3415
6987,2025-10-25 19:13:30,Rahul Gandhi discussed the new Rahul Gandhi policy in India.,2041
6988,2025-10-25 19:14:00,healthcare promised better healthcare opportunities for youth.,2373
6989,2025-10-25 19:14:30,poll rally discussed the new poll rally policy in India.,713
6990,2025-10-25 19:15:00,campaign organized a large campaign awareness campaign.,4223
6991,2025-10-25 19:15:30,poll rally spoke about recent improvements in poll rally.,1586
6992,2025-10-25 19:16:00,Election Commission discussed the new Election Commission policy in India.,3871
6993,2025-10-25 19:16:30,poll rally launched a rally focusing on poll rally development.,4783
6994,2025-10-25 19:17:00,infrastructure discussed the new infrastructure policy in India.,4157
6995,2025-10-25 19:17:30,education highlighted challenges in education programs.,816
6996,2025-10-25 19:18:00,development urged citizens to support development initiatives.,3214
6997,2025-10-25 19:18:30,manifesto debated on manifesto reforms in Parliament.,1808
6998,2025-10-25 19:19:00,BJP organized a large BJP awareness campaign.,2015
6999,2025-10-25 19:19:30,Congress announced a major reform in Congress sector.,620
7000,2025-10-25 19:20:00,Rahul Gandhi announced a major reform in Rahul Gandhi sector.,2740
7001,2025-10-25 19:20:30,digital India organized a large digital India awareness campaign.,1746
7002,2025-10-25 19:21:00,corruption debated on corruption reforms in Parliament.,1498
7003,2025-10-25 19:21:30,BJP discussed the new BJP policy in India.,2229
7004,2025-10-25 19:22:00,healthcare debated on healthcare reforms in Parliament.,3803
7005,2025-10-25 19:22:30,manifesto promised better manifesto opportunities for youth.,2705
7006,2025-10-25 19:23:00,infrastructure organized a large infrastructure awareness campaign.,4676
7007,2025-10-25 19:23:30,BJP organized a large BJP awareness campaign.,4468
7008,2025-10-25 19:24:00,BJP urged citizens to support BJP initiatives.,2661
7009,2025-10-25 19:24:30,manifesto discussed the new manifesto policy in India.,787
7010,2025-10-25 19:25:00,digital India organized a large digital India awareness campaign.,2891
7011,2025-10-25 19:25:30,corruption discussed the new corruption policy in India.,774
7012,2025-10-25 19:26:00,poll rally debated on poll rally reforms in Parliament.,1302
7013,2025-10-25 19:26:30,jobs announced a major reform in jobs sector.,3840
7014,2025-10-25 19:27:00,corruption organized a large corruption awareness campaign.,3347
7015,2025-10-25 19:27:30,jobs spoke about recent improvements in jobs.,3962
7016,2025-10-25 19:28:00,Rahul Gandhi discussed the new Rahul Gandhi policy in India.,4524
7017,2025-10-25 19:28:30,Rahul Gandhi promised better Rahul Gandhi opportunities for youth.,229
7018,2025-10-25 19:29:00,infrastructure highlighted challenges in infrastructure programs.,3219
7019,2025-10-25 19:29:30,infrastructure launched a rally focusing on infrastructure development.,3476
7020,2025-10-25 19:30:00,jobs criticized the opposition for jobs issues.,3621
7021,2025-10-25 19:30:30,education debated on education reforms in Parliament.,1427
7022,2025-10-25 19:31:00,manifesto discussed the new manifesto policy in India.,3194
7023,2025-10-25 19:31:30,campaign highlighted challenges in campaign programs.,729
7024,2025-10-25 19:32:00,Rahul Gandhi spoke about recent improvements in Rahul Gandhi.,2973
7025,2025-10-25 19:32:30,Rahul Gandhi promised better Rahul Gandhi opportunities for youth.,3350
7026,2025-10-25 19:33:00,education launched a rally focusing on education development.,4409
7027,2025-10-25 19:33:30,development promised better development opportunities for youth.,2258
7028,2025-10-25 19:34:00,Modi promised better Modi opportunities for youth.,627
7029,2025-10-25 19:34:30,education urged citizens to support education initiatives.,4221
7030,2025-10-25 19:35:00,education criticized the opposition for education issues.,3580
7031,2025-10-25 19:35:30,corruption debated on corruption reforms in Parliament.,1335
7032,2025-10-25 19:36:00,corruption spoke about recent improvements in corruption.,1281
7033,2025-10-25 19:36:30,infrastructure organized a large infrastructure awareness campaign.,4840
7034,2025-10-25 19:37:00,BJP announced a major reform in BJP sector.,4194
7035,2025-10-25 19:37:30,jobs announced a major reform in jobs sector.,2228
7036,2025-10-25 19:38:00,infrastructure highlighted challenges in infrastructure programs.,329
7037,2025-10-25 19:38:30,Modi discussed the new Modi policy in India.,3803
7038,2025-10-25 19:39:00,infrastructure organized a large infrastructure awareness campaign.,3517
7039,2025-10-25 19:39:30,Congress criticized the opposition for Congress issues.,567
7040,2025-10-25 19:40:00,campaign criticized the opposition for campaign issues.,2567
7041,2025-10-25 19:40:30,digital India highlighted challenges in digital India programs.,1355
7042,2025-10-25 19:41:00,development discussed the new development policy in India.,3267
7043,2025-10-25 19:41:30,Congress announced a major reform in Congress sector.,2790
7044,2025-10-25 19:42:00,healthcare highlighted challenges in healthcare programs.,3088
7045,2025-10-25 19:42:30,Congress urged citizens to support Congress initiatives.,2131
7046,2025-10-25 19:43:00,development launched a rally focusing on development development.,805
7047,2025-10-25 19:43:30,manifesto urged citizens to support manifesto initiatives.,2475
7048,2025-10-25 19:44:00,digital India debated on digital India reforms in Parliament.,228
7049,2025-10-25 19:44:30,infrastructure urged citizens to support infrastructure initiatives.,224
7050,2025-10-25 19:45:00,healthcare highlighted challenges in healthcare programs.,3997
7051,2025-10-25 19:45:30,infrastructure spoke about recent improvements in infrastructure.,2155
7052,2025-10-25 19:46:00,campaign criticized the opposition for campaign issues.,2844
7053,2025-10-25 19:46:30,campaign launched a rally focusing on campaign development.,2477
7054,2025-10-25 19:47:00,campaign launched a rally focusing on campaign development.,3339
7055,2025-10-25 19:47:30,BJP urged citizens to support BJP initiatives.,2800
7056,2025-10-25 19:48:00,healthcare criticized the opposition for healthcare issues.,1833
7057,2025-10-25 19:48:30,digital India urged citizens to support digital India initiatives.,4369
7058,2025-10-25 19:49:00,campaign spoke about recent improvements in campaign.,4602
7059,2025-10-25 19:49:30,manifesto discussed the new manifesto policy in India.,4740
7060,2025-10-25 19:50:00,jobs discussed the new jobs policy in India.,1204
7061,2025-10-25 19:50:30,Rahul Gandhi criticized the opposition for Rahul Gandhi issues.,1480
7062,2025-10-25 19:51:00,Congress discussed the new Congress policy in India.,1283
7063,2025-10-25 19:51:30,campaign criticized the opposition for campaign issues.,4990
7064,2025-10-25 19:52:00,Modi organized a large Modi awareness campaign.,3812
7065,2025-10-25 19:52:30,education criticized the opposition for education issues.,2156
7066,2025-10-25 19:53:00,infrastructure promised better infrastructure opportunities for youth.,276
7067,2025-10-25 19:53:30,Congress launched a rally focusing on Congress development.,297
7068,2025-10-25 19:54:00,Modi launched a rally focusing on Modi development.,4744
7069,2025-10-25 19:54:30,Modi criticized the opposition for Modi issues.,2539
7070,2025-10-25 19:55:00,poll rally discussed the new poll rally policy in India.,1972
7071,2025-10-25 19:55:30,Election Commission spoke about recent improvements in Election Commission.,323
7072,2025-10-25 19:56:00,Rahul Gandhi promised better Rahul Gandhi opportunities for youth.,3411
7073,2025-10-25 19:56:30,Election Commission urged citizens to support Election Commission initiatives.,2134
7074,2025-10-25 19:57:00,campaign discussed the new campaign policy in India.,2738
7075,2025-10-25 19:57:30,healthcare organized a large healthcare awareness campaign.,3419
7076,2025-10-25 19:58:00,Congress organized a large Congress awareness campaign.,1375
7077,2025-10-25 19:58:30,manifesto criticized the opposition for manifesto issues.,1110
7078,2025-10-25 19:59:00,healthcare urged citizens to support healthcare initiatives.,1802
7079,2025-10-25 19:59:30,education announced a major reform in education sector.,2772
7080,2025-10-25 20:00:00,education criticized the opposition for education issues.,1196
7081,2025-10-25 20:00:30,development organized a large development awareness campaign.,1413
7082,2025-10-25 20:01:00,infrastructure urged citizens to support infrastructure initiatives.,918
7083,2025-10-25 20:01:30,Modi urged citizens to support Modi initiatives.,3160
7084,2025-10-25 20:02:00,education discussed the new education policy in India.,3344
7085,2025-10-25 20:02:30,manifesto announced a major reform in manifesto sector.,2816
7086,2025-10-25 20:03:00,manifesto promised better manifesto opportunities for youth.,3641
7087,2025-10-25 20:03:30,digital India spoke about recent improvements in digital India.,4565
7088,2025-10-25 20:04:00,BJP announced a major reform in BJP sector.,40
7089,2025-10-25 20:04:30,campaign announced a major reform in campaign sector.,4189
7090,2025-10-25 20:05:00,manifesto criticized the opposition for manifesto issues.,4955
7091,2025-10-25 20:05:30,manifesto highlighted challenges in manifesto programs.,2275
7092,2025-10-25 20:06:00,campaign discussed the new campaign policy in India.,2626
7093,2025-10-25 20:06:30,healthcare urged citizens to support healthcare initiatives.,4446
7094,2025-10-25 20:07:00,Modi highlighted challenges in Modi programs.,2875
7095,2025-10-25 20:07:30,corruption spoke about recent improvements in corruption.,4735
7096,2025-10-25 20:08:00,manifesto highlighted challenges in manifesto programs.,4446
7097,2025-10-25 20:08:30,Election Commission highlighted challenges in Election Commission programs.,476
7098,2025-10-25 20:09:00,poll rally criticized the opposition for poll rally issues.,3752
7099,2025-10-25 20:09:30,jobs spoke about recent improvements in jobs.,3315
7100,2025-10-25 20:10:00,poll rally promised better poll rally opportunities for youth.,3864
7101,2025-10-25 20:10:30,infrastructure highlighted challenges in infrastructure programs.,4708
7102,2025-10-25 20:11:00,infrastructure launched a rally focusing on infrastructure development.,2122
7103,2025-10-25 20:11:30,infrastructure launched a rally focusing on infrastructure development.,3880
7104,2025-10-25 20:12:00,digital India discussed the new digital India policy in India.,4824
7105,2025-10-25 20:12:30,infrastructure urged citizens to support infrastructure initiatives.,3441
7106,2025-10-25 20:13:00,corruption urged citizens to support corruption initiatives.,1737
7107,2025-10-25 20:13:30,corruption announced a major reform in corruption sector.,2600
7108,2025-10-25 20:14:00,manifesto announced a major reform in manifesto sector.,197
7109,2025-10-25 20:14:30,Modi criticized the opposition for Modi issues.,640
7110,2025-10-25 20:15:00,Rahul Gandhi spoke about recent improvements in Rahul Gandhi.,4249
7111,2025-10-25 20:15:30,jobs promised better jobs opportunities for youth.,3574
7112,2025-10-25 20:16:00,education debated on education reforms in Parliament.,2611
7113,2025-10-25 20:16:30,manifesto spoke about recent improvements in manifesto.,164
7114,2025-10-25 20:17:00,manifesto urged citizens to support manifesto initiatives.,1667
7115,2025-10-25 20:17:30,campaign organized a large campaign awareness campaign.,403
7116,2025-10-25 20:18:00,Modi discussed the new Modi policy in India.,1820
7117,2025-10-25 20:18:30,manifesto debated on manifesto reforms in Parliament.,892
7118,2025-10-25 20:19:00,Election Commission debated on Election Commission reforms in Parliament.,3861
7119,2025-10-25 20:19:30,jobs criticized the opposition for jobs issues.,4599
7120,2025-10-25 20:20:00,healthcare promised better healthcare opportunities for youth.,4054
7121,2025-10-25 20:20:30,infrastructure launched a rally focusing on infrastructure development.,2004
7122,2025-10-25 20:21:00,Election Commission highlighted challenges in Election Commission programs.,4297
7123,2025-10-25 20:21:30,development debated on development reforms in Parliament.,2533
7124,2025-10-25 20:22:00,BJP promised better BJP opportunities for youth.,4511
7125,2025-10-25 20:22:30,digital India promised better digital India opportunities for youth.,4190
7126,2025-10-25 20:23:00,infrastructure highlighted challenges in infrastructure programs.,1385
7127,2025-10-25 20:23:30,infrastructure spoke about recent improvements in infrastructure.,4471
7128,2025-10-25 20:24:00,Congress criticized the opposition for Congress issues.,3493
7129,2025-10-25 20:24:30,development highlighted challenges in development programs.,4700
7130,2025-10-25 20:25:00,Election Commission promised better Election Commission opportunities for youth.,4840
7131,2025-10-25 20:25:30,Rahul Gandhi debated on Rahul Gandhi reforms in Parliament.,958
7132,2025-10-25 20:26:00,Rahul Gandhi announced a major reform in Rahul Gandhi sector.,4550
7133,2025-10-25 20:26:30,development highlighted challenges in development programs.,3234
7134,2025-10-25 20:27:00,poll rally promised better poll rally opportunities for youth.,1054
7135,2025-10-25 20:27:30,BJP spoke about recent improvements in BJP.,4194
7136,2025-10-25 20:28:00,digital India spoke about recent improvements in digital India.,2445
7137,2025-10-25 20:28:30,Rahul Gandhi highlighted challenges in Rahul Gandhi programs.,4214
7138,2025-10-25 20:29:00,jobs spoke about recent improvements in jobs.,4220
7139,2025-10-25 20:29:30,Modi discussed the new Modi policy in India.,1401
7140,2025-10-25 20:30:00,manifesto highlighted challenges in manifesto programs.,3651
7141,2025-10-25 20:30:30,education organized a large education awareness campaign.,4188
7142,2025-10-25 20:31:00,jobs discussed the new jobs policy in India.,4272
7143,2025-10-25 20:31:30,Rahul Gandhi announced a major reform in Rahul Gandhi sector.,1060
7144,2025-10-25 20:32:00,corruption urged citizens to support corruption initiatives.,4835
7145,2025-10-25 20:32:30,Election Commission organized a large Election Commission awareness campaign.,3387
7146,2025-10-25 20:33:00,development debated on development reforms in Parliament.,4477
7147,2025-10-25 20:33:30,jobs launched a rally focusing on jobs development.,3713
7148,2025-10-25 20:34:00,BJP highlighted challenges in BJP programs.,3053
7149,2025-10-25 20:34:30,digital India criticized the opposition for digital India issues.,4069
7150,2025-10-25 20:35:00,Modi highlighted challenges in Modi programs.,415
7151,2025-10-25 20:35:30,manifesto debated on manifesto reforms in Parliament.,1769
7152,2025-10-25 20:36:00,healthcare spoke about recent improvements in healthcare.,4517
7153,2025-10-25 20:36:30,Congress announced a major reform in Congress sector.,2981
7154,2025-10-25 20:37:00,Modi promised better Modi opportunities for youth.,3710
7155,2025-10-25 20:37:30,corruption launched a rally focusing on corruption development.,4363
7156,2025-10-25 20:38:00,education launched a rally focusing on education development.,4042
7157,2025-10-25 20:38:30,Congress highlighted challenges in Congress programs.,1986
7158,2025-10-25 20:39:00,corruption urged citizens to support corruption initiatives.,4330
7159,2025-10-25 20:39:30,jobs discussed the new jobs policy in India.,2446
7160,2025-10-25 20:40:00,corruption organized a large corruption awareness campaign.,2398
7161,2025-10-25 20:40:30,infrastructure launched a rally focusing on infrastructure development.,3426
7162,2025-10-25 20:41:00,Election Commission promised better Election Commission opportunities for youth.,3297
7163,2025-10-25 20:41:30,education organized a large education awareness campaign.,3790
7164,2025-10-25 20:42:00,development highlighted challenges in development programs.,597
7165,2025-10-25 20:42:30,BJP promised better BJP opportunities for youth.,528
7166,2025-10-25 20:43:00,healthcare promised better healthcare opportunities for youth.,4697
7167,2025-10-25 20:43:30,poll rally discussed the new poll rally policy in India.,2640
7168,2025-10-25 20:44:00,development announced a major reform in development sector.,2082
7169,2025-10-25 20:44:30,campaign organized a large campaign awareness campaign.,4419
7170,2025-10-25 20:45:00,manifesto highlighted challenges in manifesto programs.,3422
7171,2025-10-25 20:45:30,campaign announced a major reform in campaign sector.,1474
7172,2025-10-25 20:46:00,campaign promised better campaign opportunities for youth.,2318
7173,2025-10-25 20:46:30,manifesto spoke about recent improvements in manifesto.,4399
7174,2025-10-25 20:47:00,BJP announced a major reform in BJP sector.,508
7175,2025-10-25 20:47:30,Congress debated on Congress reforms in Parliament.,1981
7176,2025-10-25 20:48:00,digital India launched a rally focusing on digital India development.,4472
7177,2025-10-25 20:48:30,Rahul Gandhi launched a rally focusing on Rahul Gandhi development.,3849
7178,2025-10-25 20:49:00,corruption debated on corruption reforms in Parliament.,3426
7179,2025-10-25 20:49:30,healthcare organized a large healthcare awareness campaign.,3278
7180,2025-10-25 20:50:00,poll rally launched a rally focusing on poll rally development.,2046
7181,2025-10-25 20:50:30,infrastructure announced a major reform in infrastructure sector.,1298
7182,2025-10-25 20:51:00,corruption criticized the opposition for corruption issues.,4269
7183,2025-10-25 20:51:30,Rahul Gandhi criticized the opposition for Rahul Gandhi issues.,822
7184,2025-10-25 20:52:00,campaign launched a rally focusing on campaign development.,4851
7185,2025-10-25 20:52:30,development announced a major reform in development sector.,3397
7186,2025-10-25 20:53:00,manifesto criticized the opposition for manifesto issues.,960
7187,2025-10-25 20:53:30,digital India highlighted challenges in digital India programs.,3658
7188,2025-10-25 20:54:00,Rahul Gandhi urged citizens to support Rahul Gandhi initiatives.,4860
7189,2025-10-25 20:54:30,campaign debated on campaign reforms in Parliament.,3394
7190,2025-10-25 20:55:00,campaign launched a rally focusing on campaign development.,4853
7191,2025-10-25 20:55:30,poll rally criticized the opposition for poll rally issues.,3084
7192,2025-10-25 20:56:00,infrastructure highlighted challenges in infrastructure programs.,133
7193,2025-10-25 20:56:30,development discussed the new development policy in India.,1639
7194,2025-10-25 20:57:00,BJP discussed the new BJP policy in India.,3921
7195,2025-10-25 20:57:30,Congress debated on Congress reforms in Parliament.,3824
7196,2025-10-25 20:58:00,healthcare launched a rally focusing on healthcare development.,2762
7197,2025-10-25 20:58:30,manifesto discussed the new manifesto policy in India.,3567
7198,2025-10-25 20:59:00,jobs launched a rally focusing on jobs development.,3060
7199,2025-10-25 20:59:30,Election Commission announced a major reform in Election Commission sector.,88
7200,2025-10-25 21:00:00,Rahul Gandhi urged citizens to support Rahul Gandhi initiatives.,1826
7201,2025-10-25 21:00:30,Election Commission discussed the new Election Commission policy in India.,344
7202,2025-10-25 21:01:00,poll rally announced a major reform in poll rally sector.,227
7203,2025-10-25 21:01:30,Modi highlighted challenges in Modi programs.,2021
7204,2025-10-25 21:02:00,poll rally promised better poll rally opportunities for youth.,3554
7205,2025-10-25 21:02:30,digital India discussed the new digital India policy in India.,108
7206,2025-10-25 21:03:00,development discussed the new development policy in India.,3875
7207,2025-10-25 21:03:30,Congress organized a large Congress awareness campaign.,1808
7208,2025-10-25 21:04:00,campaign promised better campaign opportunities for youth.,887
7209,2025-10-25 21:04:30,digital India criticized the opposition for digital India issues.,3794
7210,2025-10-25 21:05:00,digital India organized a large digital India awareness campaign.,3966
7211,2025-10-25 21:05:30,Rahul Gandhi highlighted challenges in Rahul Gandhi programs.,3086
7212,2025-10-25 21:06:00,campaign discussed the new campaign policy in India.,1755
7213,2025-10-25 21:06:30,Rahul Gandhi urged citizens to support Rahul Gandhi initiatives.,4156
7214,2025-10-25 21:07:00,manifesto highlighted challenges in manifesto programs.,846
7215,2025-10-25 21:07:30,development discussed the new development policy in India.,3770
7216,2025-10-25 21:08:00,Congress promised better Congress opportunities for youth.,751
7217,2025-10-25 21:08:30,poll rally debated on poll rally reforms in Parliament.,237
7218,2025-10-25 21:09:00,manifesto criticized the opposition for manifesto issues.,1568
7219,2025-10-25 21:09:30,poll rally organized a large poll rally awareness campaign.,4863
7220,2025-10-25 21:10:00,healthcare debated on healthcare reforms in Parliament.,1267
7221,2025-10-25 21:10:30,infrastructure urged citizens to support infrastructure initiatives.,2184
7222,2025-10-25 21:11:00,campaign organized a large campaign awareness campaign.,329
7223,2025-10-25 21:11:30,BJP highlighted challenges in BJP programs.,2968
7224,2025-10-25 21:12:00,jobs organized a large jobs awareness campaign.,98
7225,2025-10-25 21:12:30,infrastructure promised better infrastructure opportunities for youth.,4058
7226,2025-10-25 21:13:00,Rahul Gandhi organized a large Rahul Gandhi awareness campaign.,748
7227,2025-10-25 21:13:30,jobs urged citizens to support jobs initiatives.,436
7228,2025-10-25 21:14:00,BJP organized a large BJP awareness campaign.,4241
7229,2025-10-25 21:14:30,education spoke about recent improvements in education.,611
7230,2025-10-25 21:15:00,digital India discussed the new digital India policy in India.,4937
7231,2025-10-25 21:15:30,BJP promised better BJP opportunities for youth.,1941
7232,2025-10-25 21:16:00,development discussed the new development policy in India.,14
7233,2025-10-25 21:16:30,Election Commission highlighted challenges in Election Commission programs.,2168
7234,2025-10-25 21:17:00,BJP announced a major reform in BJP sector.,1085
7235,2025-10-25 21:17:30,Rahul Gandhi organized a large Rahul Gandhi awareness campaign.,4917
7236,2025-10-25 21:18:00,manifesto launched a rally focusing on manifesto development.,4568
7237,2025-10-25 21:18:30,manifesto urged citizens to support manifesto initiatives.,2897
7238,2025-10-25 21:19:00,manifesto criticized the opposition for manifesto issues.,1323
7239,2025-10-25 21:19:30,poll rally announced a major reform in poll rally sector.,2725
7240,2025-10-25 21:20:00,healthcare promised better healthcare opportunities for youth.,1512
7241,2025-10-25 21:20:30,development debated on development reforms in Parliament.,2011
7242,2025-10-25 21:21:00,campaign urged citizens to support campaign initiatives.,690
7243,2025-10-25 21:21:30,development debated on development reforms in Parliament.,549
7244,2025-10-25 21:22:00,jobs highlighted challenges in jobs programs.,1351
7245,2025-10-25 21:22:30,healthcare highlighted challenges in healthcare programs.,1383
7246,2025-10-25 21:23:00,BJP highlighted challenges in BJP programs.,49
7247,2025-10-25 21:23:30,jobs urged citizens to support jobs initiatives.,2867
7248,2025-10-25 21:24:00,Election Commission debated on Election Commission reforms in Parliament.,3260
7249,2025-10-25 21:24:30,Congress launched a rally focusing on Congress development.,3564
7250,2025-10-25 21:25:00,jobs highlighted challenges in jobs programs.,1439
7251,2025-10-25 21:25:30,Rahul Gandhi announced a major reform in Rahul Gandhi sector.,3273
7252,2025-10-25 21:26:00,development launched a rally focusing on development development.,3657
7253,2025-10-25 21:26:30,manifesto promised better manifesto opportunities for youth.,374
7254,2025-10-25 21:27:00,healthcare highlighted challenges in healthcare programs.,4128
7255,2025-10-25 21:27:30,infrastructure urged citizens to support infrastructure initiatives.,280
7256,2025-10-25 21:28:00,development launched a rally focusing on development development.,3057
7257,2025-10-25 21:28:30,digital India debated on digital India reforms in Parliament.,1444
7258,2025-10-25 21:29:00,campaign spoke about recent improvements in campaign.,2821
7259,2025-10-25 21:29:30,Election Commission criticized the opposition for Election Commission issues.,3220
7260,2025-10-25 21:30:00,digital India announced a major reform in digital India sector.,2827
7261,2025-10-25 21:30:30,digital India criticized the opposition for digital India issues.,3235
7262,2025-10-25 21:31:00,Modi debated on Modi reforms in Parliament.,3432
7263,2025-10-25 21:31:30,manifesto promised better manifesto opportunities for youth.,38
7264,2025-10-25 21:32:00,Rahul Gandhi launched a rally focusing on Rahul Gandhi development.,2718
7265,2025-10-25 21:32:30,healthcare announced a major reform in healthcare sector.,2694
7266,2025-10-25 21:33:00,infrastructure debated on infrastructure reforms in Parliament.,971
7267,2025-10-25 21:33:30,campaign announced a major reform in campaign sector.,898
7268,2025-10-25 21:34:00,poll rally highlighted challenges in poll rally programs.,740
7269,2025-10-25 21:34:30,education promised better education opportunities for youth.,1797
7270,2025-10-25 21:35:00,manifesto announced a major reform in manifesto sector.,148
7271,2025-10-25 21:35:30,campaign promised better campaign opportunities for youth.,1130
7272,2025-10-25 21:36:00,campaign organized a large campaign awareness campaign.,2495
7273,2025-10-25 21:36:30,campaign criticized the opposition for campaign issues.,1365
7274,2025-10-25 21:37:00,jobs announced a major reform in jobs sector.,1637
7275,2025-10-25 21:37:30,healthcare debated on healthcare reforms in Parliament.,3364
7276,2025-10-25 21:38:00,Election Commission discussed the new Election Commission policy in India.,3352
7277,2025-10-25 21:38:30,digital India spoke about recent improvements in digital India.,26
7278,2025-10-25 21:39:00,Modi highlighted challenges in Modi programs.,3717
7279,2025-10-25 21:39:30,digital India discussed the new digital India policy in India.,3172
7280,2025-10-25 21:40:00,Modi criticized the opposition for Modi issues.,4198
7281,2025-10-25 21:40:30,digital India spoke about recent improvements in digital India.,1690
7282,2025-10-25 21:41:00,BJP announced a major reform in BJP sector.,2068
7283,2025-10-25 21:41:30,Congress spoke about recent improvements in Congress.,1754
7284,2025-10-25 21:42:00,campaign urged citizens to support campaign initiatives.,1947
7285,2025-10-25 21:42:30,healthcare launched a rally focusing on healthcare development.,76
7286,2025-10-25 21:43:00,campaign announced a major reform in campaign sector.,2351
7287,2025-10-25 21:43:30,campaign spoke about recent improvements in campaign.,1962
7288,2025-10-25 21:44:00,infrastructure debated on infrastructure reforms in Parliament.,1981
7289,2025-10-25 21:44:30,infrastructure highlighted challenges in infrastructure programs.,2499
7290,2025-10-25 21:45:00,infrastructure criticized the opposition for infrastructure issues.,4255
7291,2025-10-25 21:45:30,Modi discussed the new Modi policy in India.,3868
7292,2025-10-25 21:46:00,healthcare launched a rally focusing on healthcare development.,4145
7293,2025-10-25 21:46:30,education urged citizens to support education initiatives.,1793
7294,2025-10-25 21:47:00,development spoke about recent improvements in development.,2255
7295,2025-10-25 21:47:30,jobs highlighted challenges in jobs programs.,4931
7296,2025-10-25 21:48:00,corruption spoke about recent improvements in corruption.,559
7297,2025-10-25 21:48:30,Rahul Gandhi urged citizens to support Rahul Gandhi initiatives.,1046
7298,2025-10-25 21:49:00,Election Commission spoke about recent improvements in Election Commission.,2603
7299,2025-10-25 21:49:30,Rahul Gandhi highlighted challenges in Rahul Gandhi programs.,2000
7300,2025-10-25 21:50:00,development criticized the opposition for development issues.,3738
7301,2025-10-25 21:50:30,Election Commission urged citizens to support Election Commission initiatives.,3527
7302,2025-10-25 21:51:00,Rahul Gandhi spoke about recent improvements in Rahul Gandhi.,895
7303,2025-10-25 21:51:30,manifesto promised better manifesto opportunities for youth.,1263
7304,2025-10-25 21:52:00,campaign debated on campaign reforms in Parliament.,1312
7305,2025-10-25 21:52:30,Election Commission spoke about recent improvements in Election Commission.,2809
7306,2025-10-25 21:53:00,BJP announced a major reform in BJP sector.,4020
7307,2025-10-25 21:53:30,poll rally announced a major reform in poll rally sector.,3029
7308,2025-10-25 21:54:00,poll rally promised better poll rally opportunities for youth.,4649
7309,2025-10-25 21:54:30,Rahul Gandhi criticized the opposition for Rahul Gandhi issues.,772
7310,2025-10-25 21:55:00,manifesto launched a rally focusing on manifesto development.,4821
7311,2025-10-25 21:55:30,corruption highlighted challenges in corruption programs.,450
7312,2025-10-25 21:56:00,BJP highlighted challenges in BJP programs.,208
7313,2025-10-25 21:56:30,Modi announced a major reform in Modi sector.,1813
7314,2025-10-25 21:57:00,corruption discussed the new corruption policy in India.,1318
7315,2025-10-25 21:57:30,Modi announced a major reform in Modi sector.,783
7316,2025-10-25 21:58:00,poll rally launched a rally focusing on poll rally development.,1684
7317,2025-10-25 21:58:30,BJP announced a major reform in BJP sector.,4510
7318,2025-10-25 21:59:00,digital India spoke about recent improvements in digital India.,1361
7319,2025-10-25 21:59:30,campaign debated on campaign reforms in Parliament.,1926
7320,2025-10-25 22:00:00,development launched a rally focusing on development development.,2291
7321,2025-10-25 22:00:30,manifesto announced a major reform in manifesto sector.,1724
7322,2025-10-25 22:01:00,poll rally highlighted challenges in poll rally programs.,2382
7323,2025-10-25 22:01:30,digital India promised better digital India opportunities for youth.,4688
7324,2025-10-25 22:02:00,development announced a major reform in development sector.,1827
7325,2025-10-25 22:02:30,infrastructure discussed the new infrastructure policy in India.,10
7326,2025-10-25 22:03:00,Congress discussed the new Congress policy in India.,884
7327,2025-10-25 22:03:30,education urged citizens to support education initiatives.,101
7328,2025-10-25 22:04:00,Election Commission launched a rally focusing on Election Commission development.,3306
7329,2025-10-25 22:04:30,Modi announced a major reform in Modi sector.,327
7330,2025-10-25 22:05:00,corruption launched a rally focusing on corruption development.,3641
7331,2025-10-25 22:05:30,jobs promised better jobs opportunities for youth.,2471
7332,2025-10-25 22:06:00,jobs discussed the new jobs policy in India.,4362
7333,2025-10-25 22:06:30,poll rally urged citizens to support poll rally initiatives.,4026
7334,2025-10-25 22:07:00,development spoke about recent improvements in development.,3050
7335,2025-10-25 22:07:30,BJP discussed the new BJP policy in India.,4027
7336,2025-10-25 22:08:00,jobs urged citizens to support jobs initiatives.,1763
7337,2025-10-25 22:08:30,digital India highlighted challenges in digital India programs.,181
7338,2025-10-25 22:09:00,development announced a major reform in development sector.,1089
7339,2025-10-25 22:09:30,Modi criticized the opposition for Modi issues.,1395
7340,2025-10-25 22:10:00,development launched a rally focusing on development development.,3135
7341,2025-10-25 22:10:30,Election Commission urged citizens to support Election Commission initiatives.,4385
7342,2025-10-25 22:11:00,healthcare criticized the opposition for healthcare issues.,725
7343,2025-10-25 22:11:30,infrastructure discussed the new infrastructure policy in India.,2447
7344,2025-10-25 22:12:00,Rahul Gandhi spoke about recent improvements in Rahul Gandhi.,2679
7345,2025-10-25 22:12:30,corruption criticized the opposition for corruption issues.,2637
7346,2025-10-25 22:13:00,Congress highlighted challenges in Congress programs.,1038
7347,2025-10-25 22:13:30,Rahul Gandhi launched a rally focusing on Rahul Gandhi development.,3418
7348,2025-10-25 22:14:00,corruption organized a large corruption awareness campaign.,3313
7349,2025-10-25 22:14:30,healthcare debated on healthcare reforms in Parliament.,515
7350,2025-10-25 22:15:00,poll rally criticized the opposition for poll rally issues.,4433
7351,2025-10-25 22:15:30,Rahul Gandhi organized a large Rahul Gandhi awareness campaign.,4274
7352,2025-10-25 22:16:00,Congress organized a large Congress awareness campaign.,2671
7353,2025-10-25 22:16:30,education spoke about recent improvements in education.,3118
7354,2025-10-25 22:17:00,corruption discussed the new corruption policy in India.,2738
7355,2025-10-25 22:17:30,development announced a major reform in development sector.,4144
7356,2025-10-25 22:18:00,jobs criticized the opposition for jobs issues.,777
7357,2025-10-25 22:18:30,digital India debated on digital India reforms in Parliament.,2949
7358,2025-10-25 22:19:00,poll rally promised better poll rally opportunities for youth.,2120
7359,2025-10-25 22:19:30,Rahul Gandhi highlighted challenges in Rahul Gandhi programs.,75
7360,2025-10-25 22:20:00,infrastructure organized a large infrastructure awareness campaign.,505
7361,2025-10-25 22:20:30,infrastructure criticized the opposition for infrastructure issues.,3773
7362,2025-10-25 22:21:00,jobs criticized the opposition for jobs issues.,1303
7363,2025-10-25 22:21:30,BJP spoke about recent improvements in BJP.,4119
7364,2025-10-25 22:22:00,development debated on development reforms in Parliament.,4276
7365,2025-10-25 22:22:30,development spoke about recent improvements in development.,2715
7366,2025-10-25 22:23:00,Modi debated on Modi reforms in Parliament.,457
7367,2025-10-25 22:23:30,Congress spoke about recent improvements in Congress.,3839
7368,2025-10-25 22:24:00,digital India highlighted challenges in digital India programs.,857
7369,2025-10-25 22:24:30,education criticized the opposition for education issues.,2357
7370,2025-10-25 22:25:00,poll rally promised better poll rally opportunities for youth.,875
7371,2025-10-25 22:25:30,Rahul Gandhi spoke about recent improvements in Rahul Gandhi.,4738
7372,2025-10-25 22:26:00,education criticized the opposition for education issues.,4291
7373,2025-10-25 22:26:30,Rahul Gandhi launched a rally focusing on Rahul Gandhi development.,3055
7374,2025-10-25 22:27:00,Election Commission promised better Election Commission opportunities for youth.,3461
7375,2025-10-25 22:27:30,jobs urged citizens to support jobs initiatives.,3219
7376,2025-10-25 22:28:00,jobs urged citizens to support jobs initiatives.,2864
7377,2025-10-25 22:28:30,jobs launched a rally focusing on jobs development.,4273
7378,2025-10-25 22:29:00,Modi discussed the new Modi policy in India.,1543
7379,2025-10-25 22:29:30,healthcare promised better healthcare opportunities for youth.,2386
7380,2025-10-25 22:30:00,Congress urged citizens to support Congress initiatives.,1322
7381,2025-10-25 22:30:30,digital India promised better digital India opportunities for youth.,3332
7382,2025-10-25 22:31:00,Rahul Gandhi urged citizens to support Rahul Gandhi initiatives.,2374
7383,2025-10-25 22:31:30,education announced a major reform in education sector.,3929
7384,2025-10-25 22:32:00,poll rally discussed the new poll rally policy in India.,4024
7385,2025-10-25 22:32:30,manifesto criticized the opposition for manifesto issues.,3732
7386,2025-10-25 22:33:00,Congress highlighted challenges in Congress programs.,776
7387,2025-10-25 22:33:30,digital India criticized the opposition for digital India issues.,2159
7388,2025-10-25 22:34:00,development highlighted challenges in development programs.,1826
7389,2025-10-25 22:34:30,corruption urged citizens to support corruption initiatives.,1020
7390,2025-10-25 22:35:00,corruption criticized the opposition for corruption issues.,667
7391,2025-10-25 22:35:30,poll rally criticized the opposition for poll rally issues.,3333
7392,2025-10-25 22:36:00,corruption spoke about recent improvements in corruption.,3459
7393,2025-10-25 22:36:30,BJP organized a large BJP awareness campaign.,2995
7394,2025-10-25 22:37:00,corruption discussed the new corruption policy in India.,284
7395,2025-10-25 22:37:30,Congress launched a rally focusing on Congress development.,3078
7396,2025-10-25 22:38:00,Rahul Gandhi promised better Rahul Gandhi opportunities for youth.,2904
7397,2025-10-25 22:38:30,campaign criticized the opposition for campaign issues.,1191
7398,2025-10-25 22:39:00,manifesto debated on manifesto reforms in Parliament.,968
7399,2025-10-25 22:39:30,education debated on education reforms in Parliament.,2661
7400,2025-10-25 22:40:00,campaign debated on campaign reforms in Parliament.,1561
7401,2025-10-25 22:40:30,manifesto debated on manifesto reforms in Parliament.,3723
7402,2025-10-25 22:41:00,campaign discussed the new campaign policy in India.,2758
7403,2025-10-25 22:41:30,education promised better education opportunities for youth.,618
7404,2025-10-25 22:42:00,development spoke about recent improvements in development.,4728
7405,2025-10-25 22:42:30,corruption criticized the opposition for corruption issues.,246
7406,2025-10-25 22:43:00,digital India promised better digital India opportunities for youth.,3933
7407,2025-10-25 22:43:30,Election Commission discussed the new Election Commission policy in India.,3015
7408,2025-10-25 22:44:00,education criticized the opposition for education issues.,2410
7409,2025-10-25 22:44:30,BJP highlighted challenges in BJP programs.,3270
7410,2025-10-25 22:45:00,poll rally discussed the new poll rally policy in India.,1292
7411,2025-10-25 22:45:30,BJP urged citizens to support BJP initiatives.,1532
7412,2025-10-25 22:46:00,BJP launched a rally focusing on BJP development.,2737
7413,2025-10-25 22:46:30,Modi debated on Modi reforms in Parliament.,164
7414,2025-10-25 22:47:00,healthcare launched a rally focusing on healthcare development.,475
7415,2025-10-25 22:47:30,poll rally criticized the opposition for poll rally issues.,1051
7416,2025-10-25 22:48:00,manifesto discussed the new manifesto policy in India.,4638
7417,2025-10-25 22:48:30,manifesto promised better manifesto opportunities for youth.,804
7418,2025-10-25 22:49:00,manifesto spoke about recent improvements in manifesto.,3877
7419,2025-10-25 22:49:30,Election Commission urged citizens to support Election Commission initiatives.,106
7420,2025-10-25 22:50:00,development highlighted challenges in development programs.,4071
7421,2025-10-25 22:50:30,Modi organized a large Modi awareness campaign.,2730
7422,2025-10-25 22:51:00,jobs launched a rally focusing on jobs development.,2193
7423,2025-10-25 22:51:30,campaign announced a major reform in campaign sector.,617
7424,2025-10-25 22:52:00,Modi spoke about recent improvements in Modi.,2505
7425,2025-10-25 22:52:30,jobs spoke about recent improvements in jobs.,2696
7426,2025-10-25 22:53:00,education announced a major reform in education sector.,1125
7427,2025-10-25 22:53:30,manifesto spoke about recent improvements in manifesto.,2233
7428,2025-10-25 22:54:00,Rahul Gandhi promised better Rahul Gandhi opportunities for youth.,1018
7429,2025-10-25 22:54:30,manifesto organized a large manifesto awareness campaign.,1756
7430,2025-10-25 22:55:00,digital India highlighted challenges in digital India programs.,2874
7431,2025-10-25 22:55:30,poll rally criticized the opposition for poll rally issues.,1902
7432,2025-10-25 22:56:00,Election Commission promised better Election Commission opportunities for youth.,3917
7433,2025-10-25 22:56:30,jobs organized a large jobs awareness campaign.,555
7434,2025-10-25 22:57:00,Congress spoke about recent improvements in Congress.,3949
7435,2025-10-25 22:57:30,healthcare criticized the opposition for healthcare issues.,90
7436,2025-10-25 22:58:00,corruption launched a rally focusing on corruption development.,4678
7437,2025-10-25 22:58:30,infrastructure launched a rally focusing on infrastructure development.,617
7438,2025-10-25 22:59:00,poll rally highlighted challenges in poll rally programs.,2742
7439,2025-10-25 22:59:30,BJP promised better BJP opportunities for youth.,3047
7440,2025-10-25 23:00:00,infrastructure launched a rally focusing on infrastructure development.,2761
7441,2025-10-25 23:00:30,healthcare urged citizens to support healthcare initiatives.,1076
7442,2025-10-25 23:01:00,manifesto debated on manifesto reforms in Parliament.,3173
7443,2025-10-25 23:01:30,education urged citizens to support education initiatives.,3731
7444,2025-10-25 23:02:00,manifesto promised better manifesto opportunities for youth.,3539
7445,2025-10-25 23:02:30,Modi announced a major reform in Modi sector.,3258
7446,2025-10-25 23:03:00,digital India discussed the new digital India policy in India.,3893
7447,2025-10-25 23:03:30,campaign criticized the opposition for campaign issues.,3825
7448,2025-10-25 23:04:00,campaign announced a major reform in campaign sector.,1062
7449,2025-10-25 23:04:30,Rahul Gandhi highlighted challenges in Rahul Gandhi programs.,2205
7450,2025-10-25 23:05:00,jobs debated on jobs reforms in Parliament.,3781
7451,2025-10-25 23:05:30,campaign discussed the new campaign policy in India.,268
7452,2025-10-25 23:06:00,infrastructure promised better infrastructure opportunities for youth.,2261
7453,2025-10-25 23:06:30,infrastructure announced a major reform in infrastructure sector.,2130
7454,2025-10-25 23:07:00,Modi launched a rally focusing on Modi development.,2333
7455,2025-10-25 23:07:30,jobs criticized the opposition for jobs issues.,4224
7456,2025-10-25 23:08:00,infrastructure highlighted challenges in infrastructure programs.,3333
7457,2025-10-25 23:08:30,infrastructure criticized the opposition for infrastructure issues.,3719
7458,2025-10-25 23:09:00,Modi announced a major reform in Modi sector.,1804
7459,2025-10-25 23:09:30,Modi highlighted challenges in Modi programs.,3642
7460,2025-10-25 23:10:00,healthcare criticized the opposition for healthcare issues.,1238
7461,2025-10-25 23:10:30,campaign urged citizens to support campaign initiatives.,1925
7462,2025-10-25 23:11:00,corruption promised better corruption opportunities for youth.,2984
7463,2025-10-25 23:11:30,healthcare debated on healthcare reforms in Parliament.,3796
7464,2025-10-25 23:12:00,Congress organized a large Congress awareness campaign.,4387
7465,2025-10-25 23:12:30,Rahul Gandhi discussed the new Rahul Gandhi policy in India.,4796
7466,2025-10-25 23:13:00,digital India highlighted challenges in digital India programs.,4712
7467,2025-10-25 23:13:30,BJP organized a large BJP awareness campaign.,4022
7468,2025-10-25 23:14:00,education highlighted challenges in education programs.,176
7469,2025-10-25 23:14:30,digital India discussed the new digital India policy in India.,2392
7470,2025-10-25 23:15:00,digital India launched a rally focusing on digital India development.,1009
7471,2025-10-25 23:15:30,jobs launched a rally focusing on jobs development.,3024
7472,2025-10-25 23:16:00,education announced a major reform in education sector.,2893
7473,2025-10-25 23:16:30,jobs announced a major reform in jobs sector.,4879
7474,2025-10-25 23:17:00,Election Commission launched a rally focusing on Election Commission development.,778
7475,2025-10-25 23:17:30,Modi promised better Modi opportunities for youth.,2187
7476,2025-10-25 23:18:00,jobs announced a major reform in jobs sector.,4525
7477,2025-10-25 23:18:30,education highlighted challenges in education programs.,946
7478,2025-10-25 23:19:00,digital India announced a major reform in digital India sector.,1393
7479,2025-10-25 23:19:30,campaign urged citizens to support campaign initiatives.,3206
7480,2025-10-25 23:20:00,digital India discussed the new digital India policy in India.,552
7481,2025-10-25 23:20:30,development promised better development opportunities for youth.,3899
7482,2025-10-25 23:21:00,digital India urged citizens to support digital India initiatives.,2850
7483,2025-10-25 23:21:30,Modi launched a rally focusing on Modi development.,3097
7484,2025-10-25 23:22:00,corruption organized a large corruption awareness campaign.,843
7485,2025-10-25 23:22:30,digital India debated on digital India reforms in Parliament.,1869
7486,2025-10-25 23:23:00,manifesto debated on manifesto reforms in Parliament.,2549
7487,2025-10-25 23:23:30,BJP spoke about recent improvements in BJP.,3543
7488,2025-10-25 23:24:00,Rahul Gandhi urged citizens to support Rahul Gandhi initiatives.,3782
7489,2025-10-25 23:24:30,jobs urged citizens to support jobs initiatives.,1642
7490,2025-10-25 23:25:00,campaign debated on campaign reforms in Parliament.,3396
7491,2025-10-25 23:25:30,BJP debated on BJP reforms in Parliament.,1567
7492,2025-10-25 23:26:00,education criticized the opposition for education issues.,2936
7493,2025-10-25 23:26:30,development highlighted challenges in development programs.,2852
7494,2025-10-25 23:27:00,Congress launched a rally focusing on Congress development.,4387
7495,2025-10-25 23:27:30,Modi debated on Modi reforms in Parliament.,1153
7496,2025-10-25 23:28:00,Rahul Gandhi announced a major reform in Rahul Gandhi sector.,1321
7497,2025-10-25 23:28:30,healthcare criticized the opposition for healthcare issues.,4138
7498,2025-10-25 23:29:00,corruption highlighted challenges in corruption programs.,461
7499,2025-10-25 23:29:30,digital India highlighted challenges in digital India programs.,4454
7500,2025-10-25 23:30:00,jobs debated on jobs reforms in Parliament.,4490
7501,2025-10-25 23:30:30,infrastructure launched a rally focusing on infrastructure development.,4463
7502,2025-10-25 23:31:00,Election Commission launched a rally focusing on Election Commission development.,4038
7503,2025-10-25 23:31:30,corruption launched a rally focusing on corruption development.,1133
7504,2025-10-25 23:32:00,campaign urged citizens to support campaign initiatives.,2132
7505,2025-10-25 23:32:30,infrastructure debated on infrastructure reforms in Parliament.,4250
7506,2025-10-25 23:33:00,Rahul Gandhi discussed the new Rahul Gandhi policy in India.,2735
7507,2025-10-25 23:33:30,jobs debated on jobs reforms in Parliament.,334
7508,2025-10-25 23:34:00,Election Commission promised better Election Commission opportunities for youth.,408
7509,2025-10-25 23:34:30,Congress organized a large Congress awareness campaign.,701
7510,2025-10-25 23:35:00,digital India organized a large digital India awareness campaign.,3042
7511,2025-10-25 23:35:30,healthcare spoke about recent improvements in healthcare.,247
7512,2025-10-25 23:36:00,healthcare promised better healthcare opportunities for youth.,3131
7513,2025-10-25 23:36:30,Modi debated on Modi reforms in Parliament.,799
7514,2025-10-25 23:37:00,BJP spoke about recent improvements in BJP.,2369
7515,2025-10-25 23:37:30,jobs launched a rally focusing on jobs development.,159
7516,2025-10-25 23:38:00,Congress discussed the new Congress policy in India.,370
7517,2025-10-25 23:38:30,education spoke about recent improvements in education.,1687
7518,2025-10-25 23:39:00,manifesto launched a rally focusing on manifesto development.,1518
7519,2025-10-25 23:39:30,Election Commission promised better Election Commission opportunities for youth.,2380
7520,2025-10-25 23:40:00,education debated on education reforms in Parliament.,3479
7521,2025-10-25 23:40:30,Rahul Gandhi highlighted challenges in Rahul Gandhi programs.,2928
7522,2025-10-25 23:41:00,development launched a rally focusing on development development.,4743
7523,2025-10-25 23:41:30,poll rally criticized the opposition for poll rally issues.,4477
7524,2025-10-25 23:42:00,education announced a major reform in education sector.,1855
7525,2025-10-25 23:42:30,Modi urged citizens to support Modi initiatives.,842
7526,2025-10-25 23:43:00,education criticized the opposition for education issues.,3874
7527,2025-10-25 23:43:30,Rahul Gandhi criticized the opposition for Rahul Gandhi issues.,3823
7528,2025-10-25 23:44:00,BJP announced a major reform in BJP sector.,603
7529,2025-10-25 23:44:30,digital India criticized the opposition for digital India issues.,637
7530,2025-10-25 23:45:00,Election Commission discussed the new Election Commission policy in India.,1823
7531,2025-10-25 23:45:30,digital India launched a rally focusing on digital India development.,619
7532,2025-10-25 23:46:00,BJP organized a large BJP awareness campaign.,1458
7533,2025-10-25 23:46:30,Congress organized a large Congress awareness campaign.,4026
7534,2025-10-25 23:47:00,jobs criticized the opposition for jobs issues.,2083
7535,2025-10-25 23:47:30,development criticized the opposition for development issues.,4552
7536,2025-10-25 23:48:00,infrastructure spoke about recent improvements in infrastructure.,2883
7537,2025-10-25 23:48:30,BJP announced a major reform in BJP sector.,262
7538,2025-10-25 23:49:00,corruption announced a major reform in corruption sector.,3760
7539,2025-10-25 23:49:30,Election Commission organized a large Election Commission awareness campaign.,2413
7540,2025-10-25 23:50:00,campaign urged citizens to support campaign initiatives.,4183
7541,2025-10-25 23:50:30,poll rally discussed the new poll rally policy in India.,2953
7542,2025-10-25 23:51:00,Election Commission highlighted challenges in Election Commission programs.,3113
7543,2025-10-25 23:51:30,corruption spoke about recent improvements in corruption.,3848
7544,2025-10-25 23:52:00,corruption launched a rally focusing on corruption development.,2829
7545,2025-10-25 23:52:30,Modi launched a rally focusing on Modi development.,1539
7546,2025-10-25 23:53:00,jobs urged citizens to support jobs initiatives.,200
7547,2025-10-25 23:53:30,poll rally discussed the new poll rally policy in India.,341
7548,2025-10-25 23:54:00,BJP announced a major reform in BJP sector.,3120
7549,2025-10-25 23:54:30,digital India spoke about recent improvements in digital India.,3716
7550,2025-10-25 23:55:00,manifesto announced a major reform in manifesto sector.,1666
7551,2025-10-25 23:55:30,campaign announced a major reform in campaign sector.,2838
7552,2025-10-25 23:56:00,education announced a major reform in education sector.,2084
7553,2025-10-25 23:56:30,development organized a large development awareness campaign.,2615
7554,2025-10-25 23:57:00,infrastructure announced a major reform in infrastructure sector.,3908
7555,2025-10-25 23:57:30,campaign urged citizens to support campaign initiatives.,782
7556,2025-10-25 23:58:00,manifesto highlighted challenges in manifesto programs.,2703
7557,2025-10-25 23:58:30,campaign announced a major reform in campaign sector.,4697
7558,2025-10-25 23:59:00,infrastructure spoke about recent improvements in infrastructure.,3453
7559,2025-10-25 23:59:30,Election Commission criticized the opposition for Election Commission issues.,3965
7560,2025-10-26 00:00:00,development urged citizens to support development initiatives.,1958
7561,2025-10-26 00:00:30,Modi urged citizens to support Modi initiatives.,841
7562,2025-10-26 00:01:00,healthcare promised better healthcare opportunities for youth.,600
7563,2025-10-26 00:01:30,jobs discussed the new jobs policy in India.,4072
7564,2025-10-26 00:02:00,infrastructure urged citizens to support infrastructure initiatives.,4653
7565,2025-10-26 00:02:30,poll rally debated on poll rally reforms in Parliament.,2228
7566,2025-10-26 00:03:00,manifesto promised better manifesto opportunities for youth.,1112
7567,2025-10-26 00:03:30,BJP launched a rally focusing on BJP development.,186
7568,2025-10-26 00:04:00,manifesto announced a major reform in manifesto sector.,3805
7569,2025-10-26 00:04:30,campaign urged citizens to support campaign initiatives.,4395
7570,2025-10-26 00:05:00,BJP debated on BJP reforms in Parliament.,126
7571,2025-10-26 00:05:30,poll rally spoke about recent improvements in poll rally.,819
7572,2025-10-26 00:06:00,digital India discussed the new digital India policy in India.,2124
7573,2025-10-26 00:06:30,poll rally debated on poll rally reforms in Parliament.,4097
7574,2025-10-26 00:07:00,campaign criticized the opposition for campaign issues.,2105
7575,2025-10-26 00:07:30,jobs announced a major reform in jobs sector.,4762
7576,2025-10-26 00:08:00,development urged citizens to support development initiatives.,2226
7577,2025-10-26 00:08:30,poll rally organized a large poll rally awareness campaign.,2998
7578,2025-10-26 00:09:00,infrastructure discussed the new infrastructure policy in India.,2799
7579,2025-10-26 00:09:30,manifesto urged citizens to support manifesto initiatives.,3659
7580,2025-10-26 00:10:00,jobs discussed the new jobs policy in India.,2067
7581,2025-10-26 00:10:30,Modi debated on Modi reforms in Parliament.,1810
7582,2025-10-26 00:11:00,Congress spoke about recent improvements in Congress.,1900
7583,2025-10-26 00:11:30,jobs announced a major reform in jobs sector.,1952
7584,2025-10-26 00:12:00,Election Commission spoke about recent improvements in Election Commission.,935
7585,2025-10-26 00:12:30,infrastructure debated on infrastructure reforms in Parliament.,3175
7586,2025-10-26 00:13:00,education debated on education reforms in Parliament.,4091
7587,2025-10-26 00:13:30,poll rally announced a major reform in poll rally sector.,4339
7588,2025-10-26 00:14:00,Rahul Gandhi promised better Rahul Gandhi opportunities for youth.,1727
7589,2025-10-26 00:14:30,Modi discussed the new Modi policy in India.,3324
7590,2025-10-26 00:15:00,jobs announced a major reform in jobs sector.,2383
7591,2025-10-26 00:15:30,jobs promised better jobs opportunities for youth.,3860
7592,2025-10-26 00:16:00,education announced a major reform in education sector.,2024
7593,2025-10-26 00:16:30,Election Commission discussed the new Election Commission policy in India.,1743
7594,2025-10-26 00:17:00,corruption spoke about recent improvements in corruption.,56
7595,2025-10-26 00:17:30,Rahul Gandhi announced a major reform in Rahul Gandhi sector.,4227
7596,2025-10-26 00:18:00,BJP debated on BJP reforms in Parliament.,1016
7597,2025-10-26 00:18:30,Modi debated on Modi reforms in Parliament.,3048
7598,2025-10-26 00:19:00,digital India discussed the new digital India policy in India.,4132
7599,2025-10-26 00:19:30,corruption launched a rally focusing on corruption development.,1500
7600,2025-10-26 00:20:00,Rahul Gandhi debated on Rahul Gandhi reforms in Parliament.,3785
7601,2025-10-26 00:20:30,BJP promised better BJP opportunities for youth.,960
7602,2025-10-26 00:21:00,campaign spoke about recent improvements in campaign.,2289
7603,2025-10-26 00:21:30,BJP organized a large BJP awareness campaign.,1353
7604,2025-10-26 00:22:00,corruption promised better corruption opportunities for youth.,3476
7605,2025-10-26 00:22:30,jobs launched a rally focusing on jobs development.,3988
7606,2025-10-26 00:23:00,digital India debated on digital India reforms in Parliament.,869
7607,2025-10-26 00:23:30,development highlighted challenges in development programs.,732
7608,2025-10-26 00:24:00,digital India urged citizens to support digital India initiatives.,4668
7609,2025-10-26 00:24:30,BJP discussed the new BJP policy in India.,3412
7610,2025-10-26 00:25:00,manifesto highlighted challenges in manifesto programs.,3245
7611,2025-10-26 00:25:30,education spoke about recent improvements in education.,573
7612,2025-10-26 00:26:00,BJP spoke about recent improvements in BJP.,2775
7613,2025-10-26 00:26:30,Modi discussed the new Modi policy in India.,2252
7614,2025-10-26 00:27:00,manifesto spoke about recent improvements in manifesto.,2682
7615,2025-10-26 00:27:30,Modi highlighted challenges in Modi programs.,2523
7616,2025-10-26 00:28:00,poll rally discussed the new poll rally policy in India.,173
7617,2025-10-26 00:28:30,campaign launched a rally focusing on campaign development.,3188
7618,2025-10-26 00:29:00,infrastructure urged citizens to support infrastructure initiatives.,3815
7619,2025-10-26 00:29:30,campaign spoke about recent improvements in campaign.,3256
7620,2025-10-26 00:30:00,manifesto urged citizens to support manifesto initiatives.,3590
7621,2025-10-26 00:30:30,jobs launched a rally focusing on jobs development.,927
7622,2025-10-26 00:31:00,manifesto announced a major reform in manifesto sector.,1742
7623,2025-10-26 00:31:30,BJP urged citizens to support BJP initiatives.,3217
7624,2025-10-26 00:32:00,Modi spoke about recent improvements in Modi.,1131
7625,2025-10-26 00:32:30,Modi announced a major reform in Modi sector.,72
7626,2025-10-26 00:33:00,Modi debated on Modi reforms in Parliament.,1815
7627,2025-10-26 00:33:30,Congress discussed the new Congress policy in India.,3417
7628,2025-10-26 00:34:00,healthcare debated on healthcare reforms in Parliament.,2738
7629,2025-10-26 00:34:30,Election Commission highlighted challenges in Election Commission programs.,1160
7630,2025-10-26 00:35:00,Congress announced a major reform in Congress sector.,1394
7631,2025-10-26 00:35:30,digital India urged citizens to support digital India initiatives.,39
7632,2025-10-26 00:36:00,Congress discussed the new Congress policy in India.,1317
7633,2025-10-26 00:36:30,healthcare organized a large healthcare awareness campaign.,30
7634,2025-10-26 00:37:00,manifesto announced a major reform in manifesto sector.,2918
7635,2025-10-26 00:37:30,Congress debated on Congress reforms in Parliament.,4416
7636,2025-10-26 00:38:00,Congress urged citizens to support Congress initiatives.,2993
7637,2025-10-26 00:38:30,infrastructure promised better infrastructure opportunities for youth.,2219
7638,2025-10-26 00:39:00,Congress debated on Congress reforms in Parliament.,4062
7639,2025-10-26 00:39:30,manifesto urged citizens to support manifesto initiatives.,3001
7640,2025-10-26 00:40:00,education launched a rally focusing on education development.,851
7641,2025-10-26 00:40:30,poll rally launched a rally focusing on poll rally development.,1884
7642,2025-10-26 00:41:00,development discussed the new development policy in India.,521
7643,2025-10-26 00:41:30,development discussed the new development policy in India.,508
7644,2025-10-26 00:42:00,Congress urged citizens to support Congress initiatives.,4751
7645,2025-10-26 00:42:30,manifesto debated on manifesto reforms in Parliament.,1092
7646,2025-10-26 00:43:00,manifesto organized a large manifesto awareness campaign.,672
7647,2025-10-26 00:43:30,Modi announced a major reform in Modi sector.,3385
7648,2025-10-26 00:44:00,jobs promised better jobs opportunities for youth.,3823
7649,2025-10-26 00:44:30,manifesto spoke about recent improvements in manifesto.,4540
7650,2025-10-26 00:45:00,Election Commission criticized the opposition for Election Commission issues.,2147
7651,2025-10-26 00:45:30,development criticized the opposition for development issues.,4609
7652,2025-10-26 00:46:00,campaign debated on campaign reforms in Parliament.,550
7653,2025-10-26 00:46:30,digital India debated on digital India reforms in Parliament.,4107
7654,2025-10-26 00:47:00,development promised better development opportunities for youth.,95
7655,2025-10-26 00:47:30,healthcare highlighted challenges in healthcare programs.,540
7656,2025-10-26 00:48:00,BJP criticized the opposition for BJP issues.,3888
7657,2025-10-26 00:48:30,Election Commission discussed the new Election Commission policy in India.,1999
7658,2025-10-26 00:49:00,digital India launched a rally focusing on digital India development.,848
7659,2025-10-26 00:49:30,corruption promised better corruption opportunities for youth.,1002
7660,2025-10-26 00:50:00,infrastructure promised better infrastructure opportunities for youth.,2390
7661,2025-10-26 00:50:30,infrastructure announced a major reform in infrastructure sector.,199
7662,2025-10-26 00:51:00,development spoke about recent improvements in development.,35
7663,2025-10-26 00:51:30,BJP highlighted challenges in BJP programs.,1338
7664,2025-10-26 00:52:00,development urged citizens to support development initiatives.,1860
7665,2025-10-26 00:52:30,development promised better development opportunities for youth.,2518
7666,2025-10-26 00:53:00,corruption highlighted challenges in corruption programs.,1229
7667,2025-10-26 00:53:30,corruption debated on corruption reforms in Parliament.,4473
7668,2025-10-26 00:54:00,campaign launched a rally focusing on campaign development.,1817
7669,2025-10-26 00:54:30,Election Commission debated on Election Commission reforms in Parliament.,2533
7670,2025-10-26 00:55:00,poll rally criticized the opposition for poll rally issues.,3095
7671,2025-10-26 00:55:30,poll rally discussed the new poll rally policy in India.,2123
7672,2025-10-26 00:56:00,Congress criticized the opposition for Congress issues.,980
7673,2025-10-26 00:56:30,poll rally discussed the new poll rally policy in India.,220
7674,2025-10-26 00:57:00,campaign promised better campaign opportunities for youth.,1255
7675,2025-10-26 00:57:30,corruption promised better corruption opportunities for youth.,2785
7676,2025-10-26 00:58:00,development highlighted challenges in development programs.,4433
7677,2025-10-26 00:58:30,digital India launched a rally focusing on digital India development.,415
7678,2025-10-26 00:59:00,infrastructure highlighted challenges in infrastructure programs.,2867
7679,2025-10-26 00:59:30,campaign launched a rally focusing on campaign development.,940
7680,2025-10-26 01:00:00,digital India organized a large digital India awareness campaign.,131
7681,2025-10-26 01:00:30,digital India organized a large digital India awareness campaign.,1370
7682,2025-10-26 01:01:00,poll rally urged citizens to support poll rally initiatives.,4226
7683,2025-10-26 01:01:30,manifesto criticized the opposition for manifesto issues.,3109
7684,2025-10-26 01:02:00,corruption urged citizens to support corruption initiatives.,1031
7685,2025-10-26 01:02:30,jobs launched a rally focusing on jobs development.,4666
7686,2025-10-26 01:03:00,campaign criticized the opposition for campaign issues.,3433
7687,2025-10-26 01:03:30,education criticized the opposition for education issues.,1136
7688,2025-10-26 01:04:00,poll rally discussed the new poll rally policy in India.,2428
7689,2025-10-26 01:04:30,manifesto promised better manifesto opportunities for youth.,1700
7690,2025-10-26 01:05:00,jobs promised better jobs opportunities for youth.,3686
7691,2025-10-26 01:05:30,digital India announced a major reform in digital India sector.,2013
7692,2025-10-26 01:06:00,development organized a large development awareness campaign.,4765
7693,2025-10-26 01:06:30,campaign launched a rally focusing on campaign development.,2268
7694,2025-10-26 01:07:00,campaign promised better campaign opportunities for youth.,4798
7695,2025-10-26 01:07:30,infrastructure promised better infrastructure opportunities for youth.,3012
7696,2025-10-26 01:08:00,healthcare announced a major reform in healthcare sector.,3739
7697,2025-10-26 01:08:30,Modi discussed the new Modi policy in India.,914
7698,2025-10-26 01:09:00,education launched a rally focusing on education development.,1798
7699,2025-10-26 01:09:30,poll rally discussed the new poll rally policy in India.,576
7700,2025-10-26 01:10:00,Election Commission announced a major reform in Election Commission sector.,3867
7701,2025-10-26 01:10:30,development spoke about recent improvements in development.,2153
7702,2025-10-26 01:11:00,Congress criticized the opposition for Congress issues.,1300
7703,2025-10-26 01:11:30,campaign highlighted challenges in campaign programs.,1803
7704,2025-10-26 01:12:00,manifesto debated on manifesto reforms in Parliament.,3311
7705,2025-10-26 01:12:30,Election Commission promised better Election Commission opportunities for youth.,4109
7706,2025-10-26 01:13:00,Rahul Gandhi promised better Rahul Gandhi opportunities for youth.,551
7707,2025-10-26 01:13:30,jobs organized a large jobs awareness campaign.,3562
7708,2025-10-26 01:14:00,poll rally highlighted challenges in poll rally programs.,872
7709,2025-10-26 01:14:30,development criticized the opposition for development issues.,2530
7710,2025-10-26 01:15:00,education debated on education reforms in Parliament.,728
7711,2025-10-26 01:15:30,Election Commission promised better Election Commission opportunities for youth.,3340
7712,2025-10-26 01:16:00,Election Commission criticized the opposition for Election Commission issues.,1254
7713,2025-10-26 01:16:30,healthcare debated on healthcare reforms in Parliament.,2027
7714,2025-10-26 01:17:00,Rahul Gandhi launched a rally focusing on Rahul Gandhi development.,2008
7715,2025-10-26 01:17:30,digital India urged citizens to support digital India initiatives.,4332
7716,2025-10-26 01:18:00,infrastructure promised better infrastructure opportunities for youth.,1851
7717,2025-10-26 01:18:30,Congress promised better Congress opportunities for youth.,643
7718,2025-10-26 01:19:00,corruption discussed the new corruption policy in India.,4034
7719,2025-10-26 01:19:30,BJP debated on BJP reforms in Parliament.,2872
7720,2025-10-26 01:20:00,Election Commission criticized the opposition for Election Commission issues.,4079
7721,2025-10-26 01:20:30,Rahul Gandhi criticized the opposition for Rahul Gandhi issues.,583
7722,2025-10-26 01:21:00,Congress promised better Congress opportunities for youth.,4321
7723,2025-10-26 01:21:30,Rahul Gandhi discussed the new Rahul Gandhi policy in India.,4829
7724,2025-10-26 01:22:00,manifesto debated on manifesto reforms in Parliament.,2920
7725,2025-10-26 01:22:30,digital India debated on digital India reforms in Parliament.,3852
7726,2025-10-26 01:23:00,Modi debated on Modi reforms in Parliament.,419
7727,2025-10-26 01:23:30,corruption highlighted challenges in corruption programs.,1580
7728,2025-10-26 01:24:00,digital India debated on digital India reforms in Parliament.,2627
7729,2025-10-26 01:24:30,Modi organized a large Modi awareness campaign.,485
7730,2025-10-26 01:25:00,campaign highlighted challenges in campaign programs.,2022
7731,2025-10-26 01:25:30,education urged citizens to support education initiatives.,4592
7732,2025-10-26 01:26:00,development launched a rally focusing on development development.,3226
7733,2025-10-26 01:26:30,corruption spoke about recent improvements in corruption.,2302
7734,2025-10-26 01:27:00,infrastructure spoke about recent improvements in infrastructure.,2186
7735,2025-10-26 01:27:30,manifesto announced a major reform in manifesto sector.,902
7736,2025-10-26 01:28:00,campaign discussed the new campaign policy in India.,556
7737,2025-10-26 01:28:30,BJP announced a major reform in BJP sector.,1352
7738,2025-10-26 01:29:00,digital India criticized the opposition for digital India issues.,2770
7739,2025-10-26 01:29:30,digital India announced a major reform in digital India sector.,2993
7740,2025-10-26 01:30:00,infrastructure announced a major reform in infrastructure sector.,2217
7741,2025-10-26 01:30:30,Modi criticized the opposition for Modi issues.,954
7742,2025-10-26 01:31:00,Rahul Gandhi announced a major reform in Rahul Gandhi sector.,3666
7743,2025-10-26 01:31:30,education promised better education opportunities for youth.,4912
7744,2025-10-26 01:32:00,manifesto discussed the new manifesto policy in India.,4010
7745,2025-10-26 01:32:30,manifesto organized a large manifesto awareness campaign.,3172
7746,2025-10-26 01:33:00,BJP debated on BJP reforms in Parliament.,2508
7747,2025-10-26 01:33:30,Congress urged citizens to support Congress initiatives.,2549
7748,2025-10-26 01:34:00,poll rally discussed the new poll rally policy in India.,4264
7749,2025-10-26 01:34:30,BJP discussed the new BJP policy in India.,300
7750,2025-10-26 01:35:00,Election Commission promised better Election Commission opportunities for youth.,757
7751,2025-10-26 01:35:30,corruption promised better corruption opportunities for youth.,4735
7752,2025-10-26 01:36:00,digital India discussed the new digital India policy in India.,4167
7753,2025-10-26 01:36:30,Congress organized a large Congress awareness campaign.,2062
7754,2025-10-26 01:37:00,Election Commission spoke about recent improvements in Election Commission.,4407
7755,2025-10-26 01:37:30,jobs criticized the opposition for jobs issues.,4155
7756,2025-10-26 01:38:00,corruption urged citizens to support corruption initiatives.,2898
7757,2025-10-26 01:38:30,Election Commission announced a major reform in Election Commission sector.,3448
7758,2025-10-26 01:39:00,infrastructure announced a major reform in infrastructure sector.,779
7759,2025-10-26 01:39:30,poll rally highlighted challenges in poll rally programs.,1433
7760,2025-10-26 01:40:00,poll rally criticized the opposition for poll rally issues.,1646
7761,2025-10-26 01:40:30,Election Commission organized a large Election Commission awareness campaign.,556
7762,2025-10-26 01:41:00,corruption debated on corruption reforms in Parliament.,4634
7763,2025-10-26 01:41:30,education launched a rally focusing on education development.,1090
7764,2025-10-26 01:42:00,development urged citizens to support development initiatives.,3534
7765,2025-10-26 01:42:30,digital India promised better digital India opportunities for youth.,3488
7766,2025-10-26 01:43:00,development launched a rally focusing on development development.,4723
7767,2025-10-26 01:43:30,infrastructure launched a rally focusing on infrastructure development.,2182
7768,2025-10-26 01:44:00,Modi announced a major reform in Modi sector.,4136
7769,2025-10-26 01:44:30,healthcare organized a large healthcare awareness campaign.,549
7770,2025-10-26 01:45:00,jobs announced a major reform in jobs sector.,4781
7771,2025-10-26 01:45:30,BJP organized a large BJP awareness campaign.,3008
7772,2025-10-26 01:46:00,infrastructure organized a large infrastructure awareness campaign.,2399
7773,2025-10-26 01:46:30,development spoke about recent improvements in development.,2430
7774,2025-10-26 01:47:00,infrastructure highlighted challenges in infrastructure programs.,4056
7775,2025-10-26 01:47:30,infrastructure spoke about recent improvements in infrastructure.,3091
7776,2025-10-26 01:48:00,corruption highlighted challenges in corruption programs.,2230
7777,2025-10-26 01:48:30,corruption urged citizens to support corruption initiatives.,2520
7778,2025-10-26 01:49:00,education spoke about recent improvements in education.,1931
7779,2025-10-26 01:49:30,Modi spoke about recent improvements in Modi.,4583
7780,2025-10-26 01:50:00,Rahul Gandhi criticized the opposition for Rahul Gandhi issues.,2609
7781,2025-10-26 01:50:30,education promised better education opportunities for youth.,1315
7782,2025-10-26 01:51:00,infrastructure spoke about recent improvements in infrastructure.,285
7783,2025-10-26 01:51:30,Rahul Gandhi criticized the opposition for Rahul Gandhi issues.,3849
7784,2025-10-26 01:52:00,Election Commission spoke about recent improvements in Election Commission.,938
7785,2025-10-26 01:52:30,education announced a major reform in education sector.,3356
7786,2025-10-26 01:53:00,Election Commission criticized the opposition for Election Commission issues.,1794
7787,2025-10-26 01:53:30,digital India spoke about recent improvements in digital India.,1873
7788,2025-10-26 01:54:00,campaign organized a large campaign awareness campaign.,2125
7789,2025-10-26 01:54:30,education criticized the opposition for education issues.,284
7790,2025-10-26 01:55:00,poll rally criticized the opposition for poll rally issues.,1712
7791,2025-10-26 01:55:30,BJP organized a large BJP awareness campaign.,1559
7792,2025-10-26 01:56:00,BJP announced a major reform in BJP sector.,3456
7793,2025-10-26 01:56:30,BJP discussed the new BJP policy in India.,4130
7794,2025-10-26 01:57:00,digital India organized a large digital India awareness campaign.,617
7795,2025-10-26 01:57:30,BJP organized a large BJP awareness campaign.,1143
7796,2025-10-26 01:58:00,BJP discussed the new BJP policy in India.,3731
7797,2025-10-26 01:58:30,jobs organized a large jobs awareness campaign.,2015
7798,2025-10-26 01:59:00,corruption organized a large corruption awareness campaign.,2714
7799,2025-10-26 01:59:30,infrastructure launched a rally focusing on infrastructure development.,4670
7800,2025-10-26 02:00:00,jobs discussed the new jobs policy in India.,1538
7801,2025-10-26 02:00:30,campaign organized a large campaign awareness campaign.,4929
7802,2025-10-26 02:01:00,education discussed the new education policy in India.,2624
7803,2025-10-26 02:01:30,BJP launched a rally focusing on BJP development.,270
7804,2025-10-26 02:02:00,healthcare announced a major reform in healthcare sector.,3151
7805,2025-10-26 02:02:30,manifesto launched a rally focusing on manifesto development.,1032
7806,2025-10-26 02:03:00,campaign spoke about recent improvements in campaign.,3583
7807,2025-10-26 02:03:30,jobs discussed the new jobs policy in India.,604
7808,2025-10-26 02:04:00,Rahul Gandhi launched a rally focusing on Rahul Gandhi development.,1047
7809,2025-10-26 02:04:30,Modi highlighted challenges in Modi programs.,3833
7810,2025-10-26 02:05:00,campaign debated on campaign reforms in Parliament.,4838
7811,2025-10-26 02:05:30,Modi announced a major reform in Modi sector.,3462
7812,2025-10-26 02:06:00,BJP announced a major reform in BJP sector.,3798
7813,2025-10-26 02:06:30,infrastructure launched a rally focusing on infrastructure development.,3464
7814,2025-10-26 02:07:00,Rahul Gandhi organized a large Rahul Gandhi awareness campaign.,2584
7815,2025-10-26 02:07:30,Modi promised better Modi opportunities for youth.,222
7816,2025-10-26 02:08:00,Modi announced a major reform in Modi sector.,2984
7817,2025-10-26 02:08:30,Modi promised better Modi opportunities for youth.,3194
7818,2025-10-26 02:09:00,healthcare discussed the new healthcare policy in India.,2360
7819,2025-10-26 02:09:30,infrastructure promised better infrastructure opportunities for youth.,1191
7820,2025-10-26 02:10:00,healthcare criticized the opposition for healthcare issues.,1113
7821,2025-10-26 02:10:30,jobs debated on jobs reforms in Parliament.,1504
7822,2025-10-26 02:11:00,manifesto spoke about recent improvements in manifesto.,3865
7823,2025-10-26 02:11:30,Election Commission debated on Election Commission reforms in Parliament.,2367
7824,2025-10-26 02:12:00,manifesto debated on manifesto reforms in Parliament.,993
7825,2025-10-26 02:12:30,corruption announced a major reform in corruption sector.,2017
7826,2025-10-26 02:13:00,Election Commission announced a major reform in Election Commission sector.,1458
7827,2025-10-26 02:13:30,poll rally announced a major reform in poll rally sector.,1554
7828,2025-10-26 02:14:00,healthcare urged citizens to support healthcare initiatives.,2404
7829,2025-10-26 02:14:30,BJP debated on BJP reforms in Parliament.,2124
7830,2025-10-26 02:15:00,digital India spoke about recent improvements in digital India.,3559
7831,2025-10-26 02:15:30,BJP debated on BJP reforms in Parliament.,191
7832,2025-10-26 02:16:00,development promised better development opportunities for youth.,938
7833,2025-10-26 02:16:30,Rahul Gandhi discussed the new Rahul Gandhi policy in India.,3890
7834,2025-10-26 02:17:00,campaign spoke about recent improvements in campaign.,4497
7835,2025-10-26 02:17:30,Rahul Gandhi urged citizens to support Rahul Gandhi initiatives.,1696
7836,2025-10-26 02:18:00,Congress spoke about recent improvements in Congress.,3049
7837,2025-10-26 02:18:30,jobs debated on jobs reforms in Parliament.,4327
7838,2025-10-26 02:19:00,campaign highlighted challenges in campaign programs.,2787
7839,2025-10-26 02:19:30,Election Commission organized a large Election Commission awareness campaign.,2590
7840,2025-10-26 02:20:00,poll rally urged citizens to support poll rally initiatives.,2566
7841,2025-10-26 02:20:30,infrastructure announced a major reform in infrastructure sector.,4055
7842,2025-10-26 02:21:00,healthcare urged citizens to support healthcare initiatives.,853
7843,2025-10-26 02:21:30,campaign highlighted challenges in campaign programs.,4546
7844,2025-10-26 02:22:00,Rahul Gandhi promised better Rahul Gandhi opportunities for youth.,143
7845,2025-10-26 02:22:30,jobs launched a rally focusing on jobs development.,4867
7846,2025-10-26 02:23:00,Congress promised better Congress opportunities for youth.,4143
7847,2025-10-26 02:23:30,Modi highlighted challenges in Modi programs.,948
7848,2025-10-26 02:24:00,infrastructure promised better infrastructure opportunities for youth.,3039
7849,2025-10-26 02:24:30,Congress spoke about recent improvements in Congress.,4122
7850,2025-10-26 02:25:00,corruption criticized the opposition for corruption issues.,4896
7851,2025-10-26 02:25:30,education debated on education reforms in Parliament.,2933
7852,2025-10-26 02:26:00,Modi organized a large Modi awareness campaign.,2966
7853,2025-10-26 02:26:30,campaign announced a major reform in campaign sector.,3092
7854,2025-10-26 02:27:00,digital India organized a large digital India awareness campaign.,2709
7855,2025-10-26 02:27:30,BJP launched a rally focusing on BJP development.,3786
7856,2025-10-26 02:28:00,jobs criticized the opposition for jobs issues.,4057
7857,2025-10-26 02:28:30,jobs promised better jobs opportunities for youth.,3246
7858,2025-10-26 02:29:00,education organized a large education awareness campaign.,1361
7859,2025-10-26 02:29:30,manifesto organized a large manifesto awareness campaign.,2664
7860,2025-10-26 02:30:00,Modi spoke about recent improvements in Modi.,2592
7861,2025-10-26 02:30:30,manifesto spoke about recent improvements in manifesto.,4280
7862,2025-10-26 02:31:00,education discussed the new education policy in India.,1957
7863,2025-10-26 02:31:30,Rahul Gandhi discussed the new Rahul Gandhi policy in India.,580
7864,2025-10-26 02:32:00,poll rally launched a rally focusing on poll rally development.,1449
7865,2025-10-26 02:32:30,education criticized the opposition for education issues.,4764
7866,2025-10-26 02:33:00,manifesto spoke about recent improvements in manifesto.,4366
7867,2025-10-26 02:33:30,digital India announced a major reform in digital India sector.,423
7868,2025-10-26 02:34:00,digital India promised better digital India opportunities for youth.,4591
7869,2025-10-26 02:34:30,digital India highlighted challenges in digital India programs.,1276
7870,2025-10-26 02:35:00,jobs organized a large jobs awareness campaign.,3447
7871,2025-10-26 02:35:30,healthcare highlighted challenges in healthcare programs.,749
7872,2025-10-26 02:36:00,corruption discussed the new corruption policy in India.,3002
7873,2025-10-26 02:36:30,jobs criticized the opposition for jobs issues.,1149
7874,2025-10-26 02:37:00,development discussed the new development policy in India.,3002
7875,2025-10-26 02:37:30,campaign highlighted challenges in campaign programs.,4564
7876,2025-10-26 02:38:00,poll rally highlighted challenges in poll rally programs.,362
7877,2025-10-26 02:38:30,Congress highlighted challenges in Congress programs.,1406
7878,2025-10-26 02:39:00,Rahul Gandhi discussed the new Rahul Gandhi policy in India.,548
7879,2025-10-26 02:39:30,education highlighted challenges in education programs.,2939
7880,2025-10-26 02:40:00,corruption discussed the new corruption policy in India.,1872
7881,2025-10-26 02:40:30,development spoke about recent improvements in development.,887
7882,2025-10-26 02:41:00,corruption launched a rally focusing on corruption development.,842
7883,2025-10-26 02:41:30,campaign highlighted challenges in campaign programs.,2024
7884,2025-10-26 02:42:00,Modi launched a rally focusing on Modi development.,667
7885,2025-10-26 02:42:30,campaign promised better campaign opportunities for youth.,247
7886,2025-10-26 02:43:00,healthcare spoke about recent improvements in healthcare.,3212
7887,2025-10-26 02:43:30,campaign criticized the opposition for campaign issues.,2745
7888,2025-10-26 02:44:00,corruption urged citizens to support corruption initiatives.,2741
7889,2025-10-26 02:44:30,Modi criticized the opposition for Modi issues.,459
7890,2025-10-26 02:45:00,development promised better development opportunities for youth.,4093
7891,2025-10-26 02:45:30,poll rally spoke about recent improvements in poll rally.,490
7892,2025-10-26 02:46:00,campaign announced a major reform in campaign sector.,844
7893,2025-10-26 02:46:30,corruption promised better corruption opportunities for youth.,1569
7894,2025-10-26 02:47:00,infrastructure launched a rally focusing on infrastructure development.,721
7895,2025-10-26 02:47:30,jobs discussed the new jobs policy in India.,928
7896,2025-10-26 02:48:00,Rahul Gandhi promised better Rahul Gandhi opportunities for youth.,2368
7897,2025-10-26 02:48:30,digital India spoke about recent improvements in digital India.,1299
7898,2025-10-26 02:49:00,development discussed the new development policy in India.,1108
7899,2025-10-26 02:49:30,education criticized the opposition for education issues.,1281
7900,2025-10-26 02:50:00,development launched a rally focusing on development development.,236
7901,2025-10-26 02:50:30,Congress announced a major reform in Congress sector.,3465
7902,2025-10-26 02:51:00,BJP spoke about recent improvements in BJP.,1510
7903,2025-10-26 02:51:30,manifesto debated on manifesto reforms in Parliament.,1526
7904,2025-10-26 02:52:00,campaign spoke about recent improvements in campaign.,3729
7905,2025-10-26 02:52:30,development discussed the new development policy in India.,1894
7906,2025-10-26 02:53:00,corruption launched a rally focusing on corruption development.,215
7907,2025-10-26 02:53:30,BJP discussed the new BJP policy in India.,4592
7908,2025-10-26 02:54:00,poll rally promised better poll rally opportunities for youth.,2621
7909,2025-10-26 02:54:30,BJP spoke about recent improvements in BJP.,870
7910,2025-10-26 02:55:00,Rahul Gandhi organized a large Rahul Gandhi awareness campaign.,340
7911,2025-10-26 02:55:30,education discussed the new education policy in India.,179
7912,2025-10-26 02:56:00,corruption debated on corruption reforms in Parliament.,4660
7913,2025-10-26 02:56:30,digital India highlighted challenges in digital India programs.,2750
7914,2025-10-26 02:57:00,corruption launched a rally focusing on corruption development.,1370
7915,2025-10-26 02:57:30,BJP launched a rally focusing on BJP development.,4385
7916,2025-10-26 02:58:00,infrastructure organized a large infrastructure awareness campaign.,601
7917,2025-10-26 02:58:30,Rahul Gandhi criticized the opposition for Rahul Gandhi issues.,2205
7918,2025-10-26 02:59:00,healthcare discussed the new healthcare policy in India.,3084
7919,2025-10-26 02:59:30,development launched a rally focusing on development development.,1387
7920,2025-10-26 03:00:00,BJP highlighted challenges in BJP programs.,4384
7921,2025-10-26 03:00:30,Election Commission debated on Election Commission reforms in Parliament.,2482
7922,2025-10-26 03:01:00,healthcare spoke about recent improvements in healthcare.,3438
7923,2025-10-26 03:01:30,BJP highlighted challenges in BJP programs.,3204
7924,2025-10-26 03:02:00,infrastructure promised better infrastructure opportunities for youth.,3240
7925,2025-10-26 03:02:30,Rahul Gandhi announced a major reform in Rahul Gandhi sector.,916
7926,2025-10-26 03:03:00,Election Commission highlighted challenges in Election Commission programs.,1121
7927,2025-10-26 03:03:30,Modi promised better Modi opportunities for youth.,653
7928,2025-10-26 03:04:00,Rahul Gandhi launched a rally focusing on Rahul Gandhi development.,3165
7929,2025-10-26 03:04:30,healthcare announced a major reform in healthcare sector.,2726
7930,2025-10-26 03:05:00,BJP launched a rally focusing on BJP development.,4211
7931,2025-10-26 03:05:30,corruption discussed the new corruption policy in India.,1843
7932,2025-10-26 03:06:00,BJP announced a major reform in BJP sector.,4233
7933,2025-10-26 03:06:30,campaign spoke about recent improvements in campaign.,2659
7934,2025-10-26 03:07:00,Modi criticized the opposition for Modi issues.,4307
7935,2025-10-26 03:07:30,manifesto announced a major reform in manifesto sector.,3623
7936,2025-10-26 03:08:00,poll rally highlighted challenges in poll rally programs.,147
7937,2025-10-26 03:08:30,Election Commission announced a major reform in Election Commission sector.,1141
7938,2025-10-26 03:09:00,Election Commission discussed the new Election Commission policy in India.,57
7939,2025-10-26 03:09:30,jobs announced a major reform in jobs sector.,1201
7940,2025-10-26 03:10:00,Congress highlighted challenges in Congress programs.,150
7941,2025-10-26 03:10:30,development criticized the opposition for development issues.,3013
7942,2025-10-26 03:11:00,education debated on education reforms in Parliament.,1901
7943,2025-10-26 03:11:30,Election Commission announced a major reform in Election Commission sector.,758
7944,2025-10-26 03:12:00,Congress urged citizens to support Congress initiatives.,2389
7945,2025-10-26 03:12:30,education organized a large education awareness campaign.,732
7946,2025-10-26 03:13:00,education debated on education reforms in Parliament.,4041
7947,2025-10-26 03:13:30,poll rally highlighted challenges in poll rally programs.,4099
7948,2025-10-26 03:14:00,corruption spoke about recent improvements in corruption.,3541
7949,2025-10-26 03:14:30,Modi announced a major reform in Modi sector.,1107
7950,2025-10-26 03:15:00,Congress promised better Congress opportunities for youth.,1585
7951,2025-10-26 03:15:30,jobs announced a major reform in jobs sector.,168
7952,2025-10-26 03:16:00,Congress spoke about recent improvements in Congress.,4188
7953,2025-10-26 03:16:30,development criticized the opposition for development issues.,3197
7954,2025-10-26 03:17:00,BJP launched a rally focusing on BJP development.,3121
7955,2025-10-26 03:17:30,BJP criticized the opposition for BJP issues.,2947
7956,2025-10-26 03:18:00,education promised better education opportunities for youth.,1725
7957,2025-10-26 03:18:30,BJP promised better BJP opportunities for youth.,4815
7958,2025-10-26 03:19:00,healthcare discussed the new healthcare policy in India.,1082
7959,2025-10-26 03:19:30,manifesto organized a large manifesto awareness campaign.,3574
7960,2025-10-26 03:20:00,manifesto promised better manifesto opportunities for youth.,1445
7961,2025-10-26 03:20:30,Congress debated on Congress reforms in Parliament.,2788
7962,2025-10-26 03:21:00,corruption debated on corruption reforms in Parliament.,3231
7963,2025-10-26 03:21:30,Election Commission debated on Election Commission reforms in Parliament.,4779
7964,2025-10-26 03:22:00,education discussed the new education policy in India.,3985
7965,2025-10-26 03:22:30,corruption criticized the opposition for corruption issues.,2256
7966,2025-10-26 03:23:00,Election Commission discussed the new Election Commission policy in India.,4335
7967,2025-10-26 03:23:30,Rahul Gandhi promised better Rahul Gandhi opportunities for youth.,2850
7968,2025-10-26 03:24:00,Congress promised better Congress opportunities for youth.,741
7969,2025-10-26 03:24:30,development spoke about recent improvements in development.,3985
7970,2025-10-26 03:25:00,Congress debated on Congress reforms in Parliament.,4713
7971,2025-10-26 03:25:30,poll rally urged citizens to support poll rally initiatives.,4236
7972,2025-10-26 03:26:00,education announced a major reform in education sector.,1979
7973,2025-10-26 03:26:30,corruption organized a large corruption awareness campaign.,1927
7974,2025-10-26 03:27:00,Congress organized a large Congress awareness campaign.,4573
7975,2025-10-26 03:27:30,Congress highlighted challenges in Congress programs.,4999
7976,2025-10-26 03:28:00,Congress criticized the opposition for Congress issues.,1556
7977,2025-10-26 03:28:30,jobs highlighted challenges in jobs programs.,1060
7978,2025-10-26 03:29:00,healthcare announced a major reform in healthcare sector.,875
7979,2025-10-26 03:29:30,Congress discussed the new Congress policy in India.,2638
7980,2025-10-26 03:30:00,corruption spoke about recent improvements in corruption.,4066
7981,2025-10-26 03:30:30,development discussed the new development policy in India.,2264
7982,2025-10-26 03:31:00,education urged citizens to support education initiatives.,656
7983,2025-10-26 03:31:30,jobs launched a rally focusing on jobs development.,2549
7984,2025-10-26 03:32:00,Election Commission debated on Election Commission reforms in Parliament.,594
7985,2025-10-26 03:32:30,manifesto launched a rally focusing on manifesto development.,994
7986,2025-10-26 03:33:00,education debated on education reforms in Parliament.,797
7987,2025-10-26 03:33:30,education criticized the opposition for education issues.,4628
7988,2025-10-26 03:34:00,healthcare discussed the new healthcare policy in India.,799
7989,2025-10-26 03:34:30,BJP organized a large BJP awareness campaign.,1113
7990,2025-10-26 03:35:00,BJP urged citizens to support BJP initiatives.,801
7991,2025-10-26 03:35:30,infrastructure launched a rally focusing on infrastructure development.,1864
7992,2025-10-26 03:36:00,jobs discussed the new jobs policy in India.,4058
7993,2025-10-26 03:36:30,campaign announced a major reform in campaign sector.,3346
7994,2025-10-26 03:37:00,jobs promised better jobs opportunities for youth.,4095
7995,2025-10-26 03:37:30,education debated on education reforms in Parliament.,1216
7996,2025-10-26 03:38:00,manifesto highlighted challenges in manifesto programs.,4668
7997,2025-10-26 03:38:30,healthcare spoke about recent improvements in healthcare.,4482
7998,2025-10-26 03:39:00,Modi promised better Modi opportunities for youth.,2285
7999,2025-10-26 03:39:30,healthcare debated on healthcare reforms in Parliament.,3715
8000,2025-10-26 03:40:00,jobs highlighted challenges in jobs programs.,3111
8001,2025-10-26 03:40:30,Rahul Gandhi discussed the new Rahul Gandhi policy in India.,1361
8002,2025-10-26 03:41:00,Rahul Gandhi announced a major reform in Rahul Gandhi sector.,4273
8003,2025-10-26 03:41:30,campaign organized a large campaign awareness campaign.,1650
8004,2025-10-26 03:42:00,campaign highlighted challenges in campaign programs.,1624
8005,2025-10-26 03:42:30,education spoke about recent improvements in education.,1184
8006,2025-10-26 03:43:00,Election Commission organized a large Election Commission awareness campaign.,3631
8007,2025-10-26 03:43:30,development spoke about recent improvements in development.,732
8008,2025-10-26 03:44:00,infrastructure criticized the opposition for infrastructure issues.,903
8009,2025-10-26 03:44:30,Election Commission spoke about recent improvements in Election Commission.,2994
8010,2025-10-26 03:45:00,development promised better development opportunities for youth.,3538
8011,2025-10-26 03:45:30,manifesto promised better manifesto opportunities for youth.,1748
8012,2025-10-26 03:46:00,infrastructure highlighted challenges in infrastructure programs.,2102
8013,2025-10-26 03:46:30,corruption announced a major reform in corruption sector.,569
8014,2025-10-26 03:47:00,Congress launched a rally focusing on Congress development.,3301
8015,2025-10-26 03:47:30,development highlighted challenges in development programs.,2052
8016,2025-10-26 03:48:00,Modi discussed the new Modi policy in India.,42
8017,2025-10-26 03:48:30,BJP announced a major reform in BJP sector.,2615
8018,2025-10-26 03:49:00,education promised better education opportunities for youth.,285
8019,2025-10-26 03:49:30,poll rally launched a rally focusing on poll rally development.,1898
8020,2025-10-26 03:50:00,Modi announced a major reform in Modi sector.,166
8021,2025-10-26 03:50:30,development discussed the new development policy in India.,1220
8022,2025-10-26 03:51:00,campaign debated on campaign reforms in Parliament.,712
8023,2025-10-26 03:51:30,digital India highlighted challenges in digital India programs.,3032
8024,2025-10-26 03:52:00,Rahul Gandhi announced a major reform in Rahul Gandhi sector.,374
8025,2025-10-26 03:52:30,poll rally highlighted challenges in poll rally programs.,2372
8026,2025-10-26 03:53:00,campaign highlighted challenges in campaign programs.,1241
8027,2025-10-26 03:53:30,jobs announced a major reform in jobs sector.,3009
8028,2025-10-26 03:54:00,Congress criticized the opposition for Congress issues.,3357
8029,2025-10-26 03:54:30,Election Commission promised better Election Commission opportunities for youth.,3412
8030,2025-10-26 03:55:00,campaign criticized the opposition for campaign issues.,3199
8031,2025-10-26 03:55:30,jobs debated on jobs reforms in Parliament.,4021
8032,2025-10-26 03:56:00,healthcare promised better healthcare opportunities for youth.,2536
8033,2025-10-26 03:56:30,corruption urged citizens to support corruption initiatives.,4147
8034,2025-10-26 03:57:00,corruption launched a rally focusing on corruption development.,3164
8035,2025-10-26 03:57:30,digital India announced a major reform in digital India sector.,553
8036,2025-10-26 03:58:00,infrastructure organized a large infrastructure awareness campaign.,541
8037,2025-10-26 03:58:30,jobs organized a large jobs awareness campaign.,3836
8038,2025-10-26 03:59:00,Election Commission announced a major reform in Election Commission sector.,158
8039,2025-10-26 03:59:30,digital India promised better digital India opportunities for youth.,950
8040,2025-10-26 04:00:00,corruption launched a rally focusing on corruption development.,1473
8041,2025-10-26 04:00:30,education discussed the new education policy in India.,4095
8042,2025-10-26 04:01:00,poll rally launched a rally focusing on poll rally development.,1170
8043,2025-10-26 04:01:30,Rahul Gandhi discussed the new Rahul Gandhi policy in India.,4361
8044,2025-10-26 04:02:00,manifesto highlighted challenges in manifesto programs.,2809
8045,2025-10-26 04:02:30,Modi criticized the opposition for Modi issues.,3840
8046,2025-10-26 04:03:00,manifesto announced a major reform in manifesto sector.,504
8047,2025-10-26 04:03:30,corruption announced a major reform in corruption sector.,3296
8048,2025-10-26 04:04:00,Election Commission announced a major reform in Election Commission sector.,4845
8049,2025-10-26 04:04:30,campaign criticized the opposition for campaign issues.,2051
8050,2025-10-26 04:05:00,campaign discussed the new campaign policy in India.,4214
8051,2025-10-26 04:05:30,infrastructure debated on infrastructure reforms in Parliament.,3119
8052,2025-10-26 04:06:00,development discussed the new development policy in India.,3787
8053,2025-10-26 04:06:30,development spoke about recent improvements in development.,3180
8054,2025-10-26 04:07:00,manifesto promised better manifesto opportunities for youth.,2670
8055,2025-10-26 04:07:30,BJP discussed the new BJP policy in India.,4878
8056,2025-10-26 04:08:00,education criticized the opposition for education issues.,1986
8057,2025-10-26 04:08:30,poll rally discussed the new poll rally policy in India.,2323
8058,2025-10-26 04:09:00,poll rally criticized the opposition for poll rally issues.,1634
8059,2025-10-26 04:09:30,healthcare discussed the new healthcare policy in India.,860
8060,2025-10-26 04:10:00,jobs launched a rally focusing on jobs development.,3852
8061,2025-10-26 04:10:30,manifesto organized a large manifesto awareness campaign.,2167
8062,2025-10-26 04:11:00,campaign urged citizens to support campaign initiatives.,3961
8063,2025-10-26 04:11:30,jobs highlighted challenges in jobs programs.,1421
8064,2025-10-26 04:12:00,development highlighted challenges in development programs.,1458
8065,2025-10-26 04:12:30,Rahul Gandhi promised better Rahul Gandhi opportunities for youth.,3009
8066,2025-10-26 04:13:00,Rahul Gandhi debated on Rahul Gandhi reforms in Parliament.,3023
8067,2025-10-26 04:13:30,BJP discussed the new BJP policy in India.,3490
8068,2025-10-26 04:14:00,campaign spoke about recent improvements in campaign.,3550
8069,2025-10-26 04:14:30,education highlighted challenges in education programs.,1494
8070,2025-10-26 04:15:00,campaign discussed the new campaign policy in India.,4744
8071,2025-10-26 04:15:30,healthcare organized a large healthcare awareness campaign.,1294
8072,2025-10-26 04:16:00,BJP launched a rally focusing on BJP development.,3153
8073,2025-10-26 04:16:30,poll rally discussed the new poll rally policy in India.,487
8074,2025-10-26 04:17:00,jobs announced a major reform in jobs sector.,1514
8075,2025-10-26 04:17:30,development criticized the opposition for development issues.,3357
8076,2025-10-26 04:18:00,Rahul Gandhi spoke about recent improvements in Rahul Gandhi.,4686
8077,2025-10-26 04:18:30,BJP organized a large BJP awareness campaign.,2904
8078,2025-10-26 04:19:00,Rahul Gandhi launched a rally focusing on Rahul Gandhi development.,2419
8079,2025-10-26 04:19:30,Modi urged citizens to support Modi initiatives.,230
8080,2025-10-26 04:20:00,corruption promised better corruption opportunities for youth.,466
8081,2025-10-26 04:20:30,digital India announced a major reform in digital India sector.,4009
8082,2025-10-26 04:21:00,manifesto urged citizens to support manifesto initiatives.,1564
8083,2025-10-26 04:21:30,digital India highlighted challenges in digital India programs.,4100
8084,2025-10-26 04:22:00,development launched a rally focusing on development development.,274
8085,2025-10-26 04:22:30,manifesto criticized the opposition for manifesto issues.,4385
8086,2025-10-26 04:23:00,education launched a rally focusing on education development.,3181
8087,2025-10-26 04:23:30,development organized a large development awareness campaign.,3384
8088,2025-10-26 04:24:00,education launched a rally focusing on education development.,4994
8089,2025-10-26 04:24:30,poll rally criticized the opposition for poll rally issues.,3838
8090,2025-10-26 04:25:00,campaign urged citizens to support campaign initiatives.,4516
8091,2025-10-26 04:25:30,education spoke about recent improvements in education.,3712
8092,2025-10-26 04:26:00,jobs spoke about recent improvements in jobs.,4362
8093,2025-10-26 04:26:30,healthcare urged citizens to support healthcare initiatives.,718
8094,2025-10-26 04:27:00,Congress urged citizens to support Congress initiatives.,3776
8095,2025-10-26 04:27:30,digital India criticized the opposition for digital India issues.,1750
8096,2025-10-26 04:28:00,jobs organized a large jobs awareness campaign.,189
8097,2025-10-26 04:28:30,digital India debated on digital India reforms in Parliament.,1250
8098,2025-10-26 04:29:00,poll rally launched a rally focusing on poll rally development.,2288
8099,2025-10-26 04:29:30,Congress launched a rally focusing on Congress development.,3343
8100,2025-10-26 04:30:00,education announced a major reform in education sector.,308
8101,2025-10-26 04:30:30,manifesto announced a major reform in manifesto sector.,4437
8102,2025-10-26 04:31:00,jobs spoke about recent improvements in jobs.,4576
8103,2025-10-26 04:31:30,digital India urged citizens to support digital India initiatives.,1002
8104,2025-10-26 04:32:00,manifesto launched a rally focusing on manifesto development.,4567
8105,2025-10-26 04:32:30,campaign announced a major reform in campaign sector.,3210
8106,2025-10-26 04:33:00,poll rally launched a rally focusing on poll rally development.,4199
8107,2025-10-26 04:33:30,Election Commission urged citizens to support Election Commission initiatives.,2669
8108,2025-10-26 04:34:00,Rahul Gandhi debated on Rahul Gandhi reforms in Parliament.,520
8109,2025-10-26 04:34:30,poll rally spoke about recent improvements in poll rally.,2914
8110,2025-10-26 04:35:00,campaign spoke about recent improvements in campaign.,1474
8111,2025-10-26 04:35:30,campaign debated on campaign reforms in Parliament.,2418
8112,2025-10-26 04:36:00,healthcare debated on healthcare reforms in Parliament.,2584
8113,2025-10-26 04:36:30,poll rally discussed the new poll rally policy in India.,904
8114,2025-10-26 04:37:00,manifesto urged citizens to support manifesto initiatives.,4373
8115,2025-10-26 04:37:30,digital India promised better digital India opportunities for youth.,3333
8116,2025-10-26 04:38:00,corruption organized a large corruption awareness campaign.,2700
8117,2025-10-26 04:38:30,digital India promised better digital India opportunities for youth.,2563
8118,2025-10-26 04:39:00,jobs promised better jobs opportunities for youth.,3656
8119,2025-10-26 04:39:30,healthcare spoke about recent improvements in healthcare.,4179
8120,2025-10-26 04:40:00,corruption launched a rally focusing on corruption development.,2308
8121,2025-10-26 04:40:30,Election Commission debated on Election Commission reforms in Parliament.,4742
8122,2025-10-26 04:41:00,healthcare highlighted challenges in healthcare programs.,3036
8123,2025-10-26 04:41:30,healthcare debated on healthcare reforms in Parliament.,2179
8124,2025-10-26 04:42:00,BJP highlighted challenges in BJP programs.,3001
8125,2025-10-26 04:42:30,Election Commission promised better Election Commission opportunities for youth.,1619
8126,2025-10-26 04:43:00,Congress spoke about recent improvements in Congress.,1857
8127,2025-10-26 04:43:30,poll rally announced a major reform in poll rally sector.,4909
8128,2025-10-26 04:44:00,BJP discussed the new BJP policy in India.,3482
8129,2025-10-26 04:44:30,Election Commission highlighted challenges in Election Commission programs.,1362
8130,2025-10-26 04:45:00,Election Commission promised better Election Commission opportunities for youth.,2285
8131,2025-10-26 04:45:30,corruption announced a major reform in corruption sector.,384
8132,2025-10-26 04:46:00,jobs highlighted challenges in jobs programs.,2889
8133,2025-10-26 04:46:30,infrastructure discussed the new infrastructure policy in India.,567
8134,2025-10-26 04:47:00,infrastructure organized a large infrastructure awareness campaign.,1293
8135,2025-10-26 04:47:30,jobs highlighted challenges in jobs programs.,534
8136,2025-10-26 04:48:00,campaign urged citizens to support campaign initiatives.,1139
8137,2025-10-26 04:48:30,digital India announced a major reform in digital India sector.,478
8138,2025-10-26 04:49:00,Election Commission announced a major reform in Election Commission sector.,3309
8139,2025-10-26 04:49:30,Modi spoke about recent improvements in Modi.,4815
8140,2025-10-26 04:50:00,manifesto debated on manifesto reforms in Parliament.,1286
8141,2025-10-26 04:50:30,Rahul Gandhi launched a rally focusing on Rahul Gandhi development.,4058
8142,2025-10-26 04:51:00,Election Commission organized a large Election Commission awareness campaign.,4332
8143,2025-10-26 04:51:30,infrastructure criticized the opposition for infrastructure issues.,1391
8144,2025-10-26 04:52:00,Rahul Gandhi promised better Rahul Gandhi opportunities for youth.,217
8145,2025-10-26 04:52:30,Election Commission urged citizens to support Election Commission initiatives.,4836
8146,2025-10-26 04:53:00,Election Commission discussed the new Election Commission policy in India.,965
8147,2025-10-26 04:53:30,Congress spoke about recent improvements in Congress.,3858
8148,2025-10-26 04:54:00,infrastructure discussed the new infrastructure policy in India.,4298
8149,2025-10-26 04:54:30,BJP organized a large BJP awareness campaign.,1496
8150,2025-10-26 04:55:00,infrastructure organized a large infrastructure awareness campaign.,2727
8151,2025-10-26 04:55:30,healthcare criticized the opposition for healthcare issues.,3297
8152,2025-10-26 04:56:00,corruption announced a major reform in corruption sector.,2405
8153,2025-10-26 04:56:30,healthcare launched a rally focusing on healthcare development.,1418
8154,2025-10-26 04:57:00,infrastructure criticized the opposition for infrastructure issues.,4219
8155,2025-10-26 04:57:30,development discussed the new development policy in India.,4289
8156,2025-10-26 04:58:00,BJP urged citizens to support BJP initiatives.,4079
8157,2025-10-26 04:58:30,corruption criticized the opposition for corruption issues.,987
8158,2025-10-26 04:59:00,Congress urged citizens to support Congress initiatives.,4940
8159,2025-10-26 04:59:30,digital India highlighted challenges in digital India programs.,726
8160,2025-10-26 05:00:00,manifesto criticized the opposition for manifesto issues.,2236
8161,2025-10-26 05:00:30,manifesto urged citizens to support manifesto initiatives.,4808
8162,2025-10-26 05:01:00,jobs organized a large jobs awareness campaign.,3739
8163,2025-10-26 05:01:30,Rahul Gandhi announced a major reform in Rahul Gandhi sector.,3588
8164,2025-10-26 05:02:00,poll rally discussed the new poll rally policy in India.,4320
8165,2025-10-26 05:02:30,Modi announced a major reform in Modi sector.,4914
8166,2025-10-26 05:03:00,poll rally criticized the opposition for poll rally issues.,349
8167,2025-10-26 05:03:30,BJP promised better BJP opportunities for youth.,695
8168,2025-10-26 05:04:00,digital India spoke about recent improvements in digital India.,2523
8169,2025-10-26 05:04:30,infrastructure spoke about recent improvements in infrastructure.,3972
8170,2025-10-26 05:05:00,digital India announced a major reform in digital India sector.,751
8171,2025-10-26 05:05:30,jobs urged citizens to support jobs initiatives.,3606
8172,2025-10-26 05:06:00,poll rally organized a large poll rally awareness campaign.,3606
8173,2025-10-26 05:06:30,manifesto spoke about recent improvements in manifesto.,2157
8174,2025-10-26 05:07:00,campaign urged citizens to support campaign initiatives.,987
8175,2025-10-26 05:07:30,Congress promised better Congress opportunities for youth.,2668
8176,2025-10-26 05:08:00,poll rally debated on poll rally reforms in Parliament.,1160
8177,2025-10-26 05:08:30,infrastructure spoke about recent improvements in infrastructure.,1206
8178,2025-10-26 05:09:00,corruption debated on corruption reforms in Parliament.,2518
8179,2025-10-26 05:09:30,campaign organized a large campaign awareness campaign.,1635
8180,2025-10-26 05:10:00,BJP criticized the opposition for BJP issues.,1656
8181,2025-10-26 05:10:30,Congress criticized the opposition for Congress issues.,3306
8182,2025-10-26 05:11:00,poll rally debated on poll rally reforms in Parliament.,3354
8183,2025-10-26 05:11:30,development spoke about recent improvements in development.,205
8184,2025-10-26 05:12:00,development highlighted challenges in development programs.,979
8185,2025-10-26 05:12:30,poll rally launched a rally focusing on poll rally development.,3478
8186,2025-10-26 05:13:00,jobs highlighted challenges in jobs programs.,1138
8187,2025-10-26 05:13:30,Congress announced a major reform in Congress sector.,4520
8188,2025-10-26 05:14:00,Modi discussed the new Modi policy in India.,4469
8189,2025-10-26 05:14:30,education urged citizens to support education initiatives.,272
8190,2025-10-26 05:15:00,digital India debated on digital India reforms in Parliament.,4532
8191,2025-10-26 05:15:30,development announced a major reform in development sector.,4683
8192,2025-10-26 05:16:00,jobs debated on jobs reforms in Parliament.,1536
8193,2025-10-26 05:16:30,corruption criticized the opposition for corruption issues.,3796
8194,2025-10-26 05:17:00,poll rally announced a major reform in poll rally sector.,1958
8195,2025-10-26 05:17:30,corruption announced a major reform in corruption sector.,4204
8196,2025-10-26 05:18:00,campaign discussed the new campaign policy in India.,1749
8197,2025-10-26 05:18:30,Congress launched a rally focusing on Congress development.,67
8198,2025-10-26 05:19:00,campaign criticized the opposition for campaign issues.,930
8199,2025-10-26 05:19:30,development spoke about recent improvements in development.,3472
8200,2025-10-26 05:20:00,development organized a large development awareness campaign.,3849
8201,2025-10-26 05:20:30,digital India launched a rally focusing on digital India development.,4945
8202,2025-10-26 05:21:00,manifesto discussed the new manifesto policy in India.,4648
8203,2025-10-26 05:21:30,BJP urged citizens to support BJP initiatives.,223
8204,2025-10-26 05:22:00,manifesto debated on manifesto reforms in Parliament.,2078
8205,2025-10-26 05:22:30,Election Commission announced a major reform in Election Commission sector.,3230
8206,2025-10-26 05:23:00,corruption organized a large corruption awareness campaign.,618
8207,2025-10-26 05:23:30,development spoke about recent improvements in development.,2656
8208,2025-10-26 05:24:00,digital India urged citizens to support digital India initiatives.,984
8209,2025-10-26 05:24:30,Election Commission criticized the opposition for Election Commission issues.,651
8210,2025-10-26 05:25:00,Rahul Gandhi debated on Rahul Gandhi reforms in Parliament.,4829
8211,2025-10-26 05:25:30,digital India organized a large digital India awareness campaign.,3646
8212,2025-10-26 05:26:00,digital India spoke about recent improvements in digital India.,4087
8213,2025-10-26 05:26:30,education urged citizens to support education initiatives.,4180
8214,2025-10-26 05:27:00,Congress urged citizens to support Congress initiatives.,2535
8215,2025-10-26 05:27:30,corruption debated on corruption reforms in Parliament.,4627
8216,2025-10-26 05:28:00,campaign debated on campaign reforms in Parliament.,1453
8217,2025-10-26 05:28:30,Election Commission spoke about recent improvements in Election Commission.,1311
8218,2025-10-26 05:29:00,digital India debated on digital India reforms in Parliament.,3309
8219,2025-10-26 05:29:30,BJP debated on BJP reforms in Parliament.,4422
8220,2025-10-26 05:30:00,digital India announced a major reform in digital India sector.,2508
8221,2025-10-26 05:30:30,Rahul Gandhi criticized the opposition for Rahul Gandhi issues.,3560
8222,2025-10-26 05:31:00,jobs organized a large jobs awareness campaign.,3468
8223,2025-10-26 05:31:30,education organized a large education awareness campaign.,4950
8224,2025-10-26 05:32:00,Election Commission spoke about recent improvements in Election Commission.,943
8225,2025-10-26 05:32:30,infrastructure spoke about recent improvements in infrastructure.,1746
8226,2025-10-26 05:33:00,campaign urged citizens to support campaign initiatives.,260
8227,2025-10-26 05:33:30,BJP promised better BJP opportunities for youth.,204
8228,2025-10-26 05:34:00,Modi promised better Modi opportunities for youth.,1797
8229,2025-10-26 05:34:30,Election Commission organized a large Election Commission awareness campaign.,3534
8230,2025-10-26 05:35:00,corruption urged citizens to support corruption initiatives.,1721
8231,2025-10-26 05:35:30,Election Commission debated on Election Commission reforms in Parliament.,550
8232,2025-10-26 05:36:00,education spoke about recent improvements in education.,2349
8233,2025-10-26 05:36:30,campaign debated on campaign reforms in Parliament.,4872
8234,2025-10-26 05:37:00,infrastructure spoke about recent improvements in infrastructure.,2517
8235,2025-10-26 05:37:30,development urged citizens to support development initiatives.,1063
8236,2025-10-26 05:38:00,campaign urged citizens to support campaign initiatives.,1234
8237,2025-10-26 05:38:30,campaign highlighted challenges in campaign programs.,101
8238,2025-10-26 05:39:00,development highlighted challenges in development programs.,982
8239,2025-10-26 05:39:30,infrastructure highlighted challenges in infrastructure programs.,1791
8240,2025-10-26 05:40:00,education discussed the new education policy in India.,2694
8241,2025-10-26 05:40:30,digital India urged citizens to support digital India initiatives.,1245
8242,2025-10-26 05:41:00,Rahul Gandhi organized a large Rahul Gandhi awareness campaign.,190
8243,2025-10-26 05:41:30,BJP urged citizens to support BJP initiatives.,3894
8244,2025-10-26 05:42:00,healthcare organized a large healthcare awareness campaign.,3916
8245,2025-10-26 05:42:30,Modi highlighted challenges in Modi programs.,3172
8246,2025-10-26 05:43:00,digital India organized a large digital India awareness campaign.,4739
8247,2025-10-26 05:43:30,manifesto debated on manifesto reforms in Parliament.,4617
8248,2025-10-26 05:44:00,poll rally promised better poll rally opportunities for youth.,3105
8249,2025-10-26 05:44:30,manifesto highlighted challenges in manifesto programs.,2015
8250,2025-10-26 05:45:00,education announced a major reform in education sector.,4511
8251,2025-10-26 05:45:30,healthcare urged citizens to support healthcare initiatives.,633
8252,2025-10-26 05:46:00,jobs debated on jobs reforms in Parliament.,1825
8253,2025-10-26 05:46:30,development urged citizens to support development initiatives.,2775
8254,2025-10-26 05:47:00,jobs launched a rally focusing on jobs development.,2877
8255,2025-10-26 05:47:30,BJP spoke about recent improvements in BJP.,4102
8256,2025-10-26 05:48:00,BJP highlighted challenges in BJP programs.,2390
8257,2025-10-26 05:48:30,Congress debated on Congress reforms in Parliament.,1497
8258,2025-10-26 05:49:00,Rahul Gandhi announced a major reform in Rahul Gandhi sector.,1148
8259,2025-10-26 05:49:30,corruption announced a major reform in corruption sector.,4674
8260,2025-10-26 05:50:00,BJP highlighted challenges in BJP programs.,3768
8261,2025-10-26 05:50:30,BJP highlighted challenges in BJP programs.,929
8262,2025-10-26 05:51:00,manifesto debated on manifesto reforms in Parliament.,3579
8263,2025-10-26 05:51:30,manifesto debated on manifesto reforms in Parliament.,2705
8264,2025-10-26 05:52:00,digital India launched a rally focusing on digital India development.,1958
8265,2025-10-26 05:52:30,Rahul Gandhi discussed the new Rahul Gandhi policy in India.,2841
8266,2025-10-26 05:53:00,Modi organized a large Modi awareness campaign.,4674
8267,2025-10-26 05:53:30,development spoke about recent improvements in development.,129
8268,2025-10-26 05:54:00,Election Commission debated on Election Commission reforms in Parliament.,905
8269,2025-10-26 05:54:30,poll rally urged citizens to support poll rally initiatives.,4587
8270,2025-10-26 05:55:00,education promised better education opportunities for youth.,1718
8271,2025-10-26 05:55:30,manifesto highlighted challenges in manifesto programs.,2916
8272,2025-10-26 05:56:00,Modi promised better Modi opportunities for youth.,499
8273,2025-10-26 05:56:30,BJP debated on BJP reforms in Parliament.,4303
8274,2025-10-26 05:57:00,Congress spoke about recent improvements in Congress.,4020
8275,2025-10-26 05:57:30,healthcare announced a major reform in healthcare sector.,1970
8276,2025-10-26 05:58:00,Modi urged citizens to support Modi initiatives.,771
8277,2025-10-26 05:58:30,healthcare criticized the opposition for healthcare issues.,545
8278,2025-10-26 05:59:00,development debated on development reforms in Parliament.,887
8279,2025-10-26 05:59:30,digital India discussed the new digital India policy in India.,962
8280,2025-10-26 06:00:00,corruption highlighted challenges in corruption programs.,2357
8281,2025-10-26 06:00:30,infrastructure discussed the new infrastructure policy in India.,4551
8282,2025-10-26 06:01:00,campaign launched a rally focusing on campaign development.,852
8283,2025-10-26 06:01:30,Rahul Gandhi spoke about recent improvements in Rahul Gandhi.,2896
8284,2025-10-26 06:02:00,healthcare launched a rally focusing on healthcare development.,4362
8285,2025-10-26 06:02:30,Rahul Gandhi highlighted challenges in Rahul Gandhi programs.,3416
8286,2025-10-26 06:03:00,Election Commission launched a rally focusing on Election Commission development.,3325
8287,2025-10-26 06:03:30,Congress spoke about recent improvements in Congress.,222
8288,2025-10-26 06:04:00,infrastructure announced a major reform in infrastructure sector.,4536
8289,2025-10-26 06:04:30,BJP promised better BJP opportunities for youth.,1228
8290,2025-10-26 06:05:00,campaign launched a rally focusing on campaign development.,2317
8291,2025-10-26 06:05:30,jobs highlighted challenges in jobs programs.,2848
8292,2025-10-26 06:06:00,campaign spoke about recent improvements in campaign.,2817
8293,2025-10-26 06:06:30,healthcare launched a rally focusing on healthcare development.,3585
8294,2025-10-26 06:07:00,Rahul Gandhi urged citizens to support Rahul Gandhi initiatives.,1581
8295,2025-10-26 06:07:30,BJP discussed the new BJP policy in India.,2912
8296,2025-10-26 06:08:00,Rahul Gandhi organized a large Rahul Gandhi awareness campaign.,3876
8297,2025-10-26 06:08:30,corruption urged citizens to support corruption initiatives.,119
8298,2025-10-26 06:09:00,healthcare criticized the opposition for healthcare issues.,4177
8299,2025-10-26 06:09:30,Election Commission urged citizens to support Election Commission initiatives.,4936
8300,2025-10-26 06:10:00,Election Commission discussed the new Election Commission policy in India.,2432
8301,2025-10-26 06:10:30,infrastructure discussed the new infrastructure policy in India.,2630
8302,2025-10-26 06:11:00,infrastructure debated on infrastructure reforms in Parliament.,3203
8303,2025-10-26 06:11:30,poll rally launched a rally focusing on poll rally development.,1345
8304,2025-10-26 06:12:00,Rahul Gandhi organized a large Rahul Gandhi awareness campaign.,2183
8305,2025-10-26 06:12:30,jobs discussed the new jobs policy in India.,366
8306,2025-10-26 06:13:00,Election Commission organized a large Election Commission awareness campaign.,4264
8307,2025-10-26 06:13:30,campaign spoke about recent improvements in campaign.,2834
8308,2025-10-26 06:14:00,Rahul Gandhi debated on Rahul Gandhi reforms in Parliament.,3834
8309,2025-10-26 06:14:30,jobs organized a large jobs awareness campaign.,683
8310,2025-10-26 06:15:00,Modi promised better Modi opportunities for youth.,958
8311,2025-10-26 06:15:30,Congress debated on Congress reforms in Parliament.,665
8312,2025-10-26 06:16:00,healthcare highlighted challenges in healthcare programs.,22
8313,2025-10-26 06:16:30,corruption discussed the new corruption policy in India.,3341
8314,2025-10-26 06:17:00,campaign debated on campaign reforms in Parliament.,3538
8315,2025-10-26 06:17:30,jobs discussed the new jobs policy in India.,3822
8316,2025-10-26 06:18:00,campaign spoke about recent improvements in campaign.,3775
8317,2025-10-26 06:18:30,digital India announced a major reform in digital India sector.,1535
8318,2025-10-26 06:19:00,Modi announced a major reform in Modi sector.,2952
8319,2025-10-26 06:19:30,digital India spoke about recent improvements in digital India.,2143
8320,2025-10-26 06:20:00,jobs launched a rally focusing on jobs development.,2310
8321,2025-10-26 06:20:30,Rahul Gandhi highlighted challenges in Rahul Gandhi programs.,2499
8322,2025-10-26 06:21:00,education discussed the new education policy in India.,3478
8323,2025-10-26 06:21:30,jobs criticized the opposition for jobs issues.,1878
8324,2025-10-26 06:22:00,corruption promised better corruption opportunities for youth.,567
8325,2025-10-26 06:22:30,jobs promised better jobs opportunities for youth.,3020
8326,2025-10-26 06:23:00,Congress promised better Congress opportunities for youth.,4875
8327,2025-10-26 06:23:30,poll rally spoke about recent improvements in poll rally.,4224
8328,2025-10-26 06:24:00,digital India highlighted challenges in digital India programs.,1206
8329,2025-10-26 06:24:30,manifesto debated on manifesto reforms in Parliament.,2854
8330,2025-10-26 06:25:00,manifesto discussed the new manifesto policy in India.,2307
8331,2025-10-26 06:25:30,poll rally organized a large poll rally awareness campaign.,230
8332,2025-10-26 06:26:00,Rahul Gandhi discussed the new Rahul Gandhi policy in India.,4582
8333,2025-10-26 06:26:30,development criticized the opposition for development issues.,670
8334,2025-10-26 06:27:00,development highlighted challenges in development programs.,1964
8335,2025-10-26 06:27:30,Modi urged citizens to support Modi initiatives.,145
8336,2025-10-26 06:28:00,campaign debated on campaign reforms in Parliament.,1706
8337,2025-10-26 06:28:30,jobs announced a major reform in jobs sector.,4836
8338,2025-10-26 06:29:00,poll rally urged citizens to support poll rally initiatives.,562
8339,2025-10-26 06:29:30,BJP criticized the opposition for BJP issues.,4263
8340,2025-10-26 06:30:00,education promised better education opportunities for youth.,903
8341,2025-10-26 06:30:30,jobs announced a major reform in jobs sector.,2707
8342,2025-10-26 06:31:00,Congress promised better Congress opportunities for youth.,4434
8343,2025-10-26 06:31:30,Modi debated on Modi reforms in Parliament.,2661
8344,2025-10-26 06:32:00,Rahul Gandhi urged citizens to support Rahul Gandhi initiatives.,1507
8345,2025-10-26 06:32:30,education spoke about recent improvements in education.,3035
8346,2025-10-26 06:33:00,Election Commission spoke about recent improvements in Election Commission.,4719
8347,2025-10-26 06:33:30,development organized a large development awareness campaign.,3244
8348,2025-10-26 06:34:00,manifesto highlighted challenges in manifesto programs.,3869
8349,2025-10-26 06:34:30,Congress spoke about recent improvements in Congress.,4356
8350,2025-10-26 06:35:00,corruption spoke about recent improvements in corruption.,3987
8351,2025-10-26 06:35:30,jobs launched a rally focusing on jobs development.,2322
8352,2025-10-26 06:36:00,healthcare debated on healthcare reforms in Parliament.,4737
8353,2025-10-26 06:36:30,Congress promised better Congress opportunities for youth.,684
8354,2025-10-26 06:37:00,manifesto spoke about recent improvements in manifesto.,656
8355,2025-10-26 06:37:30,Rahul Gandhi highlighted challenges in Rahul Gandhi programs.,4689
8356,2025-10-26 06:38:00,Election Commission organized a large Election Commission awareness campaign.,4203
8357,2025-10-26 06:38:30,corruption highlighted challenges in corruption programs.,2911
8358,2025-10-26 06:39:00,jobs announced a major reform in jobs sector.,2315
8359,2025-10-26 06:39:30,poll rally spoke about recent improvements in poll rally.,1703
8360,2025-10-26 06:40:00,Congress announced a major reform in Congress sector.,4363
8361,2025-10-26 06:40:30,digital India spoke about recent improvements in digital India.,2386
8362,2025-10-26 06:41:00,manifesto promised better manifesto opportunities for youth.,131
8363,2025-10-26 06:41:30,healthcare debated on healthcare reforms in Parliament.,1640
8364,2025-10-26 06:42:00,Election Commission highlighted challenges in Election Commission programs.,2289
8365,2025-10-26 06:42:30,campaign criticized the opposition for campaign issues.,3380
8366,2025-10-26 06:43:00,education highlighted challenges in education programs.,3904
8367,2025-10-26 06:43:30,infrastructure announced a major reform in infrastructure sector.,3597
8368,2025-10-26 06:44:00,Modi organized a large Modi awareness campaign.,4049
8369,2025-10-26 06:44:30,Rahul Gandhi urged citizens to support Rahul Gandhi initiatives.,2282
8370,2025-10-26 06:45:00,infrastructure spoke about recent improvements in infrastructure.,4715
8371,2025-10-26 06:45:30,digital India urged citizens to support digital India initiatives.,1759
8372,2025-10-26 06:46:00,education urged citizens to support education initiatives.,4443
8373,2025-10-26 06:46:30,poll rally organized a large poll rally awareness campaign.,1779
8374,2025-10-26 06:47:00,BJP organized a large BJP awareness campaign.,1480
8375,2025-10-26 06:47:30,development announced a major reform in development sector.,3471
8376,2025-10-26 06:48:00,Modi highlighted challenges in Modi programs.,4310
8377,2025-10-26 06:48:30,infrastructure promised better infrastructure opportunities for youth.,1039
8378,2025-10-26 06:49:00,jobs criticized the opposition for jobs issues.,1197
8379,2025-10-26 06:49:30,poll rally spoke about recent improvements in poll rally.,3362
8380,2025-10-26 06:50:00,poll rally highlighted challenges in poll rally programs.,2923
8381,2025-10-26 06:50:30,jobs announced a major reform in jobs sector.,4410
8382,2025-10-26 06:51:00,BJP urged citizens to support BJP initiatives.,4791
8383,2025-10-26 06:51:30,Election Commission urged citizens to support Election Commission initiatives.,1966
8384,2025-10-26 06:52:00,manifesto highlighted challenges in manifesto programs.,807
8385,2025-10-26 06:52:30,Congress promised better Congress opportunities for youth.,1606
8386,2025-10-26 06:53:00,Election Commission announced a major reform in Election Commission sector.,3813
8387,2025-10-26 06:53:30,healthcare promised better healthcare opportunities for youth.,3950
8388,2025-10-26 06:54:00,healthcare urged citizens to support healthcare initiatives.,617
8389,2025-10-26 06:54:30,development discussed the new development policy in India.,4369
8390,2025-10-26 06:55:00,healthcare announced a major reform in healthcare sector.,3857
8391,2025-10-26 06:55:30,Congress promised better Congress opportunities for youth.,734
8392,2025-10-26 06:56:00,Election Commission highlighted challenges in Election Commission programs.,3369
8393,2025-10-26 06:56:30,Modi organized a large Modi awareness campaign.,3807
8394,2025-10-26 06:57:00,campaign criticized the opposition for campaign issues.,1383
8395,2025-10-26 06:57:30,healthcare highlighted challenges in healthcare programs.,4122
8396,2025-10-26 06:58:00,education highlighted challenges in education programs.,3088
8397,2025-10-26 06:58:30,Rahul Gandhi launched a rally focusing on Rahul Gandhi development.,1041
8398,2025-10-26 06:59:00,healthcare spoke about recent improvements in healthcare.,624
8399,2025-10-26 06:59:30,campaign organized a large campaign awareness campaign.,4938
8400,2025-10-26 07:00:00,jobs promised better jobs opportunities for youth.,559
8401,2025-10-26 07:00:30,campaign launched a rally focusing on campaign development.,4575
8402,2025-10-26 07:01:00,education urged citizens to support education initiatives.,3408
8403,2025-10-26 07:01:30,corruption debated on corruption reforms in Parliament.,979
8404,2025-10-26 07:02:00,poll rally highlighted challenges in poll rally programs.,1012
8405,2025-10-26 07:02:30,infrastructure criticized the opposition for infrastructure issues.,4707
8406,2025-10-26 07:03:00,campaign highlighted challenges in campaign programs.,2437
8407,2025-10-26 07:03:30,poll rally announced a major reform in poll rally sector.,223
8408,2025-10-26 07:04:00,poll rally launched a rally focusing on poll rally development.,4327
8409,2025-10-26 07:04:30,healthcare debated on healthcare reforms in Parliament.,1272
8410,2025-10-26 07:05:00,Rahul Gandhi announced a major reform in Rahul Gandhi sector.,631
8411,2025-10-26 07:05:30,infrastructure promised better infrastructure opportunities for youth.,464
8412,2025-10-26 07:06:00,jobs urged citizens to support jobs initiatives.,2094
8413,2025-10-26 07:06:30,infrastructure urged citizens to support infrastructure initiatives.,4921
8414,2025-10-26 07:07:00,poll rally highlighted challenges in poll rally programs.,300
8415,2025-10-26 07:07:30,digital India organized a large digital India awareness campaign.,3336
8416,2025-10-26 07:08:00,digital India promised better digital India opportunities for youth.,815
8417,2025-10-26 07:08:30,healthcare spoke about recent improvements in healthcare.,4166
8418,2025-10-26 07:09:00,campaign discussed the new campaign policy in India.,2238
8419,2025-10-26 07:09:30,jobs announced a major reform in jobs sector.,4692
8420,2025-10-26 07:10:00,Rahul Gandhi organized a large Rahul Gandhi awareness campaign.,1659
8421,2025-10-26 07:10:30,BJP announced a major reform in BJP sector.,5000
8422,2025-10-26 07:11:00,manifesto debated on manifesto reforms in Parliament.,3993
8423,2025-10-26 07:11:30,healthcare debated on healthcare reforms in Parliament.,3829
8424,2025-10-26 07:12:00,campaign organized a large campaign awareness campaign.,74
8425,2025-10-26 07:12:30,manifesto organized a large manifesto awareness campaign.,4583
8426,2025-10-26 07:13:00,development highlighted challenges in development programs.,3758
8427,2025-10-26 07:13:30,Modi announced a major reform in Modi sector.,2262
8428,2025-10-26 07:14:00,digital India promised better digital India opportunities for youth.,4535
8429,2025-10-26 07:14:30,Rahul Gandhi discussed the new Rahul Gandhi policy in India.,1496
8430,2025-10-26 07:15:00,poll rally announced a major reform in poll rally sector.,4746
8431,2025-10-26 07:15:30,manifesto criticized the opposition for manifesto issues.,1469
8432,2025-10-26 07:16:00,BJP urged citizens to support BJP initiatives.,1279
8433,2025-10-26 07:16:30,BJP announced a major reform in BJP sector.,163
8434,2025-10-26 07:17:00,education organized a large education awareness campaign.,1768
8435,2025-10-26 07:17:30,healthcare organized a large healthcare awareness campaign.,3874
8436,2025-10-26 07:18:00,education promised better education opportunities for youth.,2966
8437,2025-10-26 07:18:30,campaign criticized the opposition for campaign issues.,4251
8438,2025-10-26 07:19:00,poll rally promised better poll rally opportunities for youth.,4568
8439,2025-10-26 07:19:30,poll rally urged citizens to support poll rally initiatives.,3622
8440,2025-10-26 07:20:00,poll rally criticized the opposition for poll rally issues.,427
8441,2025-10-26 07:20:30,corruption debated on corruption reforms in Parliament.,2361
8442,2025-10-26 07:21:00,Modi urged citizens to support Modi initiatives.,2441
8443,2025-10-26 07:21:30,development promised better development opportunities for youth.,2634
8444,2025-10-26 07:22:00,healthcare debated on healthcare reforms in Parliament.,4169
8445,2025-10-26 07:22:30,BJP highlighted challenges in BJP programs.,758
8446,2025-10-26 07:23:00,development criticized the opposition for development issues.,1294
8447,2025-10-26 07:23:30,Rahul Gandhi organized a large Rahul Gandhi awareness campaign.,431
8448,2025-10-26 07:24:00,infrastructure announced a major reform in infrastructure sector.,2402
8449,2025-10-26 07:24:30,jobs criticized the opposition for jobs issues.,4145
8450,2025-10-26 07:25:00,Modi announced a major reform in Modi sector.,3814
8451,2025-10-26 07:25:30,BJP highlighted challenges in BJP programs.,3996
8452,2025-10-26 07:26:00,Modi spoke about recent improvements in Modi.,232
8453,2025-10-26 07:26:30,corruption promised better corruption opportunities for youth.,3503
8454,2025-10-26 07:27:00,development organized a large development awareness campaign.,3021
8455,2025-10-26 07:27:30,BJP highlighted challenges in BJP programs.,777
8456,2025-10-26 07:28:00,BJP organized a large BJP awareness campaign.,545
8457,2025-10-26 07:28:30,education highlighted challenges in education programs.,3903
8458,2025-10-26 07:29:00,Congress organized a large Congress awareness campaign.,2806
8459,2025-10-26 07:29:30,digital India spoke about recent improvements in digital India.,3363
8460,2025-10-26 07:30:00,healthcare organized a large healthcare awareness campaign.,4830
8461,2025-10-26 07:30:30,healthcare discussed the new healthcare policy in India.,4004
8462,2025-10-26 07:31:00,digital India urged citizens to support digital India initiatives.,1528
8463,2025-10-26 07:31:30,poll rally discussed the new poll rally policy in India.,3191
8464,2025-10-26 07:32:00,jobs highlighted challenges in jobs programs.,1051
8465,2025-10-26 07:32:30,corruption spoke about recent improvements in corruption.,3778
8466,2025-10-26 07:33:00,digital India spoke about recent improvements in digital India.,4824
8467,2025-10-26 07:33:30,education launched a rally focusing on education development.,4076
8468,2025-10-26 07:34:00,poll rally debated on poll rally reforms in Parliament.,899
8469,2025-10-26 07:34:30,Election Commission discussed the new Election Commission policy in India.,4213
8470,2025-10-26 07:35:00,BJP criticized the opposition for BJP issues.,1774
8471,2025-10-26 07:35:30,Rahul Gandhi promised better Rahul Gandhi opportunities for youth.,3442
8472,2025-10-26 07:36:00,campaign promised better campaign opportunities for youth.,3570
8473,2025-10-26 07:36:30,Modi launched a rally focusing on Modi development.,4711
8474,2025-10-26 07:37:00,corruption criticized the opposition for corruption issues.,1719
8475,2025-10-26 07:37:30,healthcare launched a rally focusing on healthcare development.,3199
8476,2025-10-26 07:38:00,campaign promised better campaign opportunities for youth.,1970
8477,2025-10-26 07:38:30,Modi announced a major reform in Modi sector.,3302
8478,2025-10-26 07:39:00,Congress urged citizens to support Congress initiatives.,3078
8479,2025-10-26 07:39:30,development organized a large development awareness campaign.,2605
8480,2025-10-26 07:40:00,infrastructure debated on infrastructure reforms in Parliament.,2130
8481,2025-10-26 07:40:30,poll rally organized a large poll rally awareness campaign.,247
8482,2025-10-26 07:41:00,Election Commission organized a large Election Commission awareness campaign.,2048
8483,2025-10-26 07:41:30,manifesto organized a large manifesto awareness campaign.,1490
8484,2025-10-26 07:42:00,healthcare organized a large healthcare awareness campaign.,3835
8485,2025-10-26 07:42:30,Rahul Gandhi highlighted challenges in Rahul Gandhi programs.,4287
8486,2025-10-26 07:43:00,manifesto promised better manifesto opportunities for youth.,3319
8487,2025-10-26 07:43:30,Congress debated on Congress reforms in Parliament.,789
8488,2025-10-26 07:44:00,manifesto criticized the opposition for manifesto issues.,2809
8489,2025-10-26 07:44:30,poll rally discussed the new poll rally policy in India.,486
8490,2025-10-26 07:45:00,Rahul Gandhi launched a rally focusing on Rahul Gandhi development.,1701
8491,2025-10-26 07:45:30,digital India announced a major reform in digital India sector.,4968
8492,2025-10-26 07:46:00,corruption urged citizens to support corruption initiatives.,4798
8493,2025-10-26 07:46:30,infrastructure urged citizens to support infrastructure initiatives.,4709
8494,2025-10-26 07:47:00,infrastructure criticized the opposition for infrastructure issues.,453
8495,2025-10-26 07:47:30,corruption debated on corruption reforms in Parliament.,921
8496,2025-10-26 07:48:00,BJP discussed the new BJP policy in India.,4118
8497,2025-10-26 07:48:30,Modi spoke about recent improvements in Modi.,4236
8498,2025-10-26 07:49:00,education organized a large education awareness campaign.,1091
8499,2025-10-26 07:49:30,healthcare organized a large healthcare awareness campaign.,70
8500,2025-10-26 07:50:00,Congress criticized the opposition for Congress issues.,258
8501,2025-10-26 07:50:30,Congress criticized the opposition for Congress issues.,4719
8502,2025-10-26 07:51:00,digital India urged citizens to support digital India initiatives.,195
8503,2025-10-26 07:51:30,corruption organized a large corruption awareness campaign.,4833
8504,2025-10-26 07:52:00,digital India highlighted challenges in digital India programs.,4448
8505,2025-10-26 07:52:30,corruption spoke about recent improvements in corruption.,318
8506,2025-10-26 07:53:00,development promised better development opportunities for youth.,4204
8507,2025-10-26 07:53:30,Rahul Gandhi urged citizens to support Rahul Gandhi initiatives.,34
8508,2025-10-26 07:54:00,Modi launched a rally focusing on Modi development.,4322
8509,2025-10-26 07:54:30,Rahul Gandhi discussed the new Rahul Gandhi policy in India.,2135
8510,2025-10-26 07:55:00,infrastructure announced a major reform in infrastructure sector.,2203
8511,2025-10-26 07:55:30,campaign debated on campaign reforms in Parliament.,2570
8512,2025-10-26 07:56:00,manifesto spoke about recent improvements in manifesto.,3195
8513,2025-10-26 07:56:30,BJP highlighted challenges in BJP programs.,1065
8514,2025-10-26 07:57:00,jobs organized a large jobs awareness campaign.,4144
8515,2025-10-26 07:57:30,campaign highlighted challenges in campaign programs.,4529
8516,2025-10-26 07:58:00,corruption criticized the opposition for corruption issues.,1126
8517,2025-10-26 07:58:30,campaign announced a major reform in campaign sector.,2112
8518,2025-10-26 07:59:00,corruption spoke about recent improvements in corruption.,4445
8519,2025-10-26 07:59:30,poll rally discussed the new poll rally policy in India.,4850
8520,2025-10-26 08:00:00,corruption spoke about recent improvements in corruption.,2997
8521,2025-10-26 08:00:30,manifesto announced a major reform in manifesto sector.,3838
8522,2025-10-26 08:01:00,poll rally discussed the new poll rally policy in India.,2855
8523,2025-10-26 08:01:30,corruption announced a major reform in corruption sector.,3679
8524,2025-10-26 08:02:00,healthcare urged citizens to support healthcare initiatives.,3530
8525,2025-10-26 08:02:30,BJP criticized the opposition for BJP issues.,917
8526,2025-10-26 08:03:00,campaign criticized the opposition for campaign issues.,3930
8527,2025-10-26 08:03:30,Election Commission promised better Election Commission opportunities for youth.,4123
8528,2025-10-26 08:04:00,campaign spoke about recent improvements in campaign.,4888
8529,2025-10-26 08:04:30,healthcare discussed the new healthcare policy in India.,2111
8530,2025-10-26 08:05:00,digital India organized a large digital India awareness campaign.,898
8531,2025-10-26 08:05:30,poll rally spoke about recent improvements in poll rally.,365
8532,2025-10-26 08:06:00,poll rally highlighted challenges in poll rally programs.,3993
8533,2025-10-26 08:06:30,digital India organized a large digital India awareness campaign.,778
8534,2025-10-26 08:07:00,healthcare announced a major reform in healthcare sector.,899
8535,2025-10-26 08:07:30,Rahul Gandhi highlighted challenges in Rahul Gandhi programs.,2902
8536,2025-10-26 08:08:00,digital India announced a major reform in digital India sector.,4485
8537,2025-10-26 08:08:30,Election Commission organized a large Election Commission awareness campaign.,1497
8538,2025-10-26 08:09:00,Election Commission spoke about recent improvements in Election Commission.,974
8539,2025-10-26 08:09:30,corruption announced a major reform in corruption sector.,2524
8540,2025-10-26 08:10:00,infrastructure debated on infrastructure reforms in Parliament.,3831
8541,2025-10-26 08:10:30,infrastructure spoke about recent improvements in infrastructure.,4820
8542,2025-10-26 08:11:00,Modi spoke about recent improvements in Modi.,376
8543,2025-10-26 08:11:30,corruption highlighted challenges in corruption programs.,2938
8544,2025-10-26 08:12:00,campaign urged citizens to support campaign initiatives.,4594
8545,2025-10-26 08:12:30,development discussed the new development policy in India.,3993
8546,2025-10-26 08:13:00,digital India launched a rally focusing on digital India development.,2916
8547,2025-10-26 08:13:30,digital India debated on digital India reforms in Parliament.,4762
8548,2025-10-26 08:14:00,Rahul Gandhi spoke about recent improvements in Rahul Gandhi.,3653
8549,2025-10-26 08:14:30,Rahul Gandhi debated on Rahul Gandhi reforms in Parliament.,2742
8550,2025-10-26 08:15:00,manifesto announced a major reform in manifesto sector.,4442
8551,2025-10-26 08:15:30,Rahul Gandhi discussed the new Rahul Gandhi policy in India.,3020
8552,2025-10-26 08:16:00,Modi launched a rally focusing on Modi development.,501
8553,2025-10-26 08:16:30,jobs promised better jobs opportunities for youth.,2369
8554,2025-10-26 08:17:00,BJP organized a large BJP awareness campaign.,3034
8555,2025-10-26 08:17:30,digital India promised better digital India opportunities for youth.,2151
8556,2025-10-26 08:18:00,infrastructure urged citizens to support infrastructure initiatives.,3836
8557,2025-10-26 08:18:30,education launched a rally focusing on education development.,935
8558,2025-10-26 08:19:00,jobs promised better jobs opportunities for youth.,874
8559,2025-10-26 08:19:30,poll rally highlighted challenges in poll rally programs.,2769
8560,2025-10-26 08:20:00,jobs highlighted challenges in jobs programs.,2048
8561,2025-10-26 08:20:30,Rahul Gandhi urged citizens to support Rahul Gandhi initiatives.,1772
8562,2025-10-26 08:21:00,education spoke about recent improvements in education.,3136
8563,2025-10-26 08:21:30,healthcare urged citizens to support healthcare initiatives.,2688
8564,2025-10-26 08:22:00,development spoke about recent improvements in development.,2496
8565,2025-10-26 08:22:30,education debated on education reforms in Parliament.,527
8566,2025-10-26 08:23:00,healthcare debated on healthcare reforms in Parliament.,1545
8567,2025-10-26 08:23:30,Modi urged citizens to support Modi initiatives.,2840
8568,2025-10-26 08:24:00,education debated on education reforms in Parliament.,619
8569,2025-10-26 08:24:30,Modi highlighted challenges in Modi programs.,3909
8570,2025-10-26 08:25:00,campaign discussed the new campaign policy in India.,3160
8571,2025-10-26 08:25:30,healthcare criticized the opposition for healthcare issues.,1234
8572,2025-10-26 08:26:00,campaign discussed the new campaign policy in India.,3679
8573,2025-10-26 08:26:30,education criticized the opposition for education issues.,1019
8574,2025-10-26 08:27:00,healthcare spoke about recent improvements in healthcare.,3412
8575,2025-10-26 08:27:30,manifesto criticized the opposition for manifesto issues.,4011
8576,2025-10-26 08:28:00,education promised better education opportunities for youth.,1513
8577,2025-10-26 08:28:30,poll rally organized a large poll rally awareness campaign.,2901
8578,2025-10-26 08:29:00,development announced a major reform in development sector.,529
8579,2025-10-26 08:29:30,BJP organized a large BJP awareness campaign.,1192
8580,2025-10-26 08:30:00,education discussed the new education policy in India.,1105
8581,2025-10-26 08:30:30,development criticized the opposition for development issues.,1166
8582,2025-10-26 08:31:00,healthcare discussed the new healthcare policy in India.,3812
8583,2025-10-26 08:31:30,corruption criticized the opposition for corruption issues.,3881
8584,2025-10-26 08:32:00,development urged citizens to support development initiatives.,1879
8585,2025-10-26 08:32:30,manifesto debated on manifesto reforms in Parliament.,3685
8586,2025-10-26 08:33:00,manifesto spoke about recent improvements in manifesto.,910
8587,2025-10-26 08:33:30,infrastructure highlighted challenges in infrastructure programs.,892
8588,2025-10-26 08:34:00,Congress spoke about recent improvements in Congress.,2477
8589,2025-10-26 08:34:30,healthcare promised better healthcare opportunities for youth.,1030
8590,2025-10-26 08:35:00,campaign debated on campaign reforms in Parliament.,1872
8591,2025-10-26 08:35:30,Election Commission promised better Election Commission opportunities for youth.,876
8592,2025-10-26 08:36:00,development criticized the opposition for development issues.,2556
8593,2025-10-26 08:36:30,manifesto discussed the new manifesto policy in India.,3350
8594,2025-10-26 08:37:00,corruption spoke about recent improvements in corruption.,4145
8595,2025-10-26 08:37:30,infrastructure urged citizens to support infrastructure initiatives.,3028
8596,2025-10-26 08:38:00,digital India spoke about recent improvements in digital India.,1401
8597,2025-10-26 08:38:30,digital India criticized the opposition for digital India issues.,4681
8598,2025-10-26 08:39:00,campaign announced a major reform in campaign sector.,4639
8599,2025-10-26 08:39:30,BJP debated on BJP reforms in Parliament.,3200
8600,2025-10-26 08:40:00,infrastructure debated on infrastructure reforms in Parliament.,1369
8601,2025-10-26 08:40:30,education promised better education opportunities for youth.,4329
8602,2025-10-26 08:41:00,Modi spoke about recent improvements in Modi.,2901
8603,2025-10-26 08:41:30,jobs spoke about recent improvements in jobs.,948
8604,2025-10-26 08:42:00,infrastructure discussed the new infrastructure policy in India.,3328
8605,2025-10-26 08:42:30,Rahul Gandhi organized a large Rahul Gandhi awareness campaign.,3086
8606,2025-10-26 08:43:00,Congress debated on Congress reforms in Parliament.,2007
8607,2025-10-26 08:43:30,digital India criticized the opposition for digital India issues.,560
8608,2025-10-26 08:44:00,Modi spoke about recent improvements in Modi.,1476
8609,2025-10-26 08:44:30,development spoke about recent improvements in development.,4073
8610,2025-10-26 08:45:00,corruption announced a major reform in corruption sector.,2770
8611,2025-10-26 08:45:30,Modi discussed the new Modi policy in India.,566
8612,2025-10-26 08:46:00,manifesto highlighted challenges in manifesto programs.,4636
8613,2025-10-26 08:46:30,development organized a large development awareness campaign.,1007
8614,2025-10-26 08:47:00,Modi announced a major reform in Modi sector.,1759
8615,2025-10-26 08:47:30,development urged citizens to support development initiatives.,2323
8616,2025-10-26 08:48:00,Congress promised better Congress opportunities for youth.,4521
8617,2025-10-26 08:48:30,education spoke about recent improvements in education.,875
8618,2025-10-26 08:49:00,healthcare announced a major reform in healthcare sector.,4806
8619,2025-10-26 08:49:30,poll rally debated on poll rally reforms in Parliament.,4068
8620,2025-10-26 08:50:00,Rahul Gandhi urged citizens to support Rahul Gandhi initiatives.,659
8621,2025-10-26 08:50:30,Election Commission promised better Election Commission opportunities for youth.,1018
8622,2025-10-26 08:51:00,Rahul Gandhi criticized the opposition for Rahul Gandhi issues.,2273
8623,2025-10-26 08:51:30,corruption announced a major reform in corruption sector.,2573
8624,2025-10-26 08:52:00,Congress highlighted challenges in Congress programs.,1569
8625,2025-10-26 08:52:30,Congress urged citizens to support Congress initiatives.,2597
8626,2025-10-26 08:53:00,healthcare spoke about recent improvements in healthcare.,4246
8627,2025-10-26 08:53:30,infrastructure discussed the new infrastructure policy in India.,643
8628,2025-10-26 08:54:00,digital India highlighted challenges in digital India programs.,1572
8629,2025-10-26 08:54:30,BJP urged citizens to support BJP initiatives.,576
8630,2025-10-26 08:55:00,Congress spoke about recent improvements in Congress.,1719
8631,2025-10-26 08:55:30,education launched a rally focusing on education development.,4850
8632,2025-10-26 08:56:00,poll rally discussed the new poll rally policy in India.,3472
8633,2025-10-26 08:56:30,Congress announced a major reform in Congress sector.,2514
8634,2025-10-26 08:57:00,Modi debated on Modi reforms in Parliament.,3377
8635,2025-10-26 08:57:30,infrastructure spoke about recent improvements in infrastructure.,581
8636,2025-10-26 08:58:00,Rahul Gandhi organized a large Rahul Gandhi awareness campaign.,986
8637,2025-10-26 08:58:30,infrastructure highlighted challenges in infrastructure programs.,1422
8638,2025-10-26 08:59:00,Election Commission launched a rally focusing on Election Commission development.,3285
8639,2025-10-26 08:59:30,healthcare spoke about recent improvements in healthcare.,4200
8640,2025-10-26 09:00:00,development urged citizens to support development initiatives.,3796
8641,2025-10-26 09:00:30,Election Commission launched a rally focusing on Election Commission development.,4560
8642,2025-10-26 09:01:00,poll rally discussed the new poll rally policy in India.,46
8643,2025-10-26 09:01:30,digital India highlighted challenges in digital India programs.,394
8644,2025-10-26 09:02:00,manifesto launched a rally focusing on manifesto development.,2815
8645,2025-10-26 09:02:30,digital India announced a major reform in digital India sector.,3463
8646,2025-10-26 09:03:00,BJP highlighted challenges in BJP programs.,4710
8647,2025-10-26 09:03:30,digital India debated on digital India reforms in Parliament.,1495
8648,2025-10-26 09:04:00,Rahul Gandhi spoke about recent improvements in Rahul Gandhi.,4464
8649,2025-10-26 09:04:30,Rahul Gandhi urged citizens to support Rahul Gandhi initiatives.,3671
8650,2025-10-26 09:05:00,manifesto organized a large manifesto awareness campaign.,277
8651,2025-10-26 09:05:30,manifesto promised better manifesto opportunities for youth.,4540
8652,2025-10-26 09:06:00,BJP highlighted challenges in BJP programs.,1195
8653,2025-10-26 09:06:30,education announced a major reform in education sector.,3841
8654,2025-10-26 09:07:00,education announced a major reform in education sector.,3528
8655,2025-10-26 09:07:30,digital India announced a major reform in digital India sector.,3350
8656,2025-10-26 09:08:00,Congress organized a large Congress awareness campaign.,4542
8657,2025-10-26 09:08:30,healthcare announced a major reform in healthcare sector.,1925
8658,2025-10-26 09:09:00,poll rally spoke about recent improvements in poll rally.,3307
8659,2025-10-26 09:09:30,corruption organized a large corruption awareness campaign.,3469
8660,2025-10-26 09:10:00,digital India launched a rally focusing on digital India development.,2718
8661,2025-10-26 09:10:30,healthcare urged citizens to support healthcare initiatives.,4192
8662,2025-10-26 09:11:00,poll rally criticized the opposition for poll rally issues.,3008
8663,2025-10-26 09:11:30,jobs promised better jobs opportunities for youth.,2109
8664,2025-10-26 09:12:00,poll rally spoke about recent improvements in poll rally.,2602
8665,2025-10-26 09:12:30,BJP announced a major reform in BJP sector.,4038
8666,2025-10-26 09:13:00,digital India criticized the opposition for digital India issues.,4960
8667,2025-10-26 09:13:30,Rahul Gandhi debated on Rahul Gandhi reforms in Parliament.,2124
8668,2025-10-26 09:14:00,manifesto announced a major reform in manifesto sector.,1462
8669,2025-10-26 09:14:30,poll rally debated on poll rally reforms in Parliament.,572
8670,2025-10-26 09:15:00,digital India discussed the new digital India policy in India.,2913
8671,2025-10-26 09:15:30,digital India highlighted challenges in digital India programs.,4923
8672,2025-10-26 09:16:00,campaign announced a major reform in campaign sector.,1810
8673,2025-10-26 09:16:30,corruption spoke about recent improvements in corruption.,313
8674,2025-10-26 09:17:00,jobs highlighted challenges in jobs programs.,1071
8675,2025-10-26 09:17:30,Modi urged citizens to support Modi initiatives.,289
8676,2025-10-26 09:18:00,infrastructure announced a major reform in infrastructure sector.,4006
8677,2025-10-26 09:18:30,Modi criticized the opposition for Modi issues.,3701
8678,2025-10-26 09:19:00,BJP debated on BJP reforms in Parliament.,984
8679,2025-10-26 09:19:30,corruption spoke about recent improvements in corruption.,4127
8680,2025-10-26 09:20:00,infrastructure announced a major reform in infrastructure sector.,4269
8681,2025-10-26 09:20:30,manifesto launched a rally focusing on manifesto development.,2139
8682,2025-10-26 09:21:00,corruption highlighted challenges in corruption programs.,3082
8683,2025-10-26 09:21:30,Rahul Gandhi announced a major reform in Rahul Gandhi sector.,4400
8684,2025-10-26 09:22:00,Election Commission discussed the new Election Commission policy in India.,1599
8685,2025-10-26 09:22:30,Modi organized a large Modi awareness campaign.,2045
8686,2025-10-26 09:23:00,infrastructure launched a rally focusing on infrastructure development.,2955
8687,2025-10-26 09:23:30,digital India debated on digital India reforms in Parliament.,3216
8688,2025-10-26 09:24:00,Election Commission organized a large Election Commission awareness campaign.,53
8689,2025-10-26 09:24:30,digital India spoke about recent improvements in digital India.,489
8690,2025-10-26 09:25:00,healthcare urged citizens to support healthcare initiatives.,1621
8691,2025-10-26 09:25:30,infrastructure announced a major reform in infrastructure sector.,3100
8692,2025-10-26 09:26:00,jobs spoke about recent improvements in jobs.,960
8693,2025-10-26 09:26:30,jobs criticized the opposition for jobs issues.,4922
8694,2025-10-26 09:27:00,development announced a major reform in development sector.,3742
8695,2025-10-26 09:27:30,campaign launched a rally focusing on campaign development.,4358
8696,2025-10-26 09:28:00,corruption debated on corruption reforms in Parliament.,2295
8697,2025-10-26 09:28:30,infrastructure criticized the opposition for infrastructure issues.,1742
8698,2025-10-26 09:29:00,Congress promised better Congress opportunities for youth.,4655
8699,2025-10-26 09:29:30,infrastructure launched a rally focusing on infrastructure development.,705
8700,2025-10-26 09:30:00,manifesto announced a major reform in manifesto sector.,3093
8701,2025-10-26 09:30:30,campaign announced a major reform in campaign sector.,549
8702,2025-10-26 09:31:00,Election Commission launched a rally focusing on Election Commission development.,3121
8703,2025-10-26 09:31:30,poll rally launched a rally focusing on poll rally development.,2096
8704,2025-10-26 09:32:00,Rahul Gandhi highlighted challenges in Rahul Gandhi programs.,4848
8705,2025-10-26 09:32:30,development urged citizens to support development initiatives.,2615
8706,2025-10-26 09:33:00,infrastructure urged citizens to support infrastructure initiatives.,1352
8707,2025-10-26 09:33:30,healthcare promised better healthcare opportunities for youth.,550
8708,2025-10-26 09:34:00,campaign promised better campaign opportunities for youth.,80
8709,2025-10-26 09:34:30,education promised better education opportunities for youth.,1553
8710,2025-10-26 09:35:00,Congress criticized the opposition for Congress issues.,1089
8711,2025-10-26 09:35:30,healthcare discussed the new healthcare policy in India.,3560
8712,2025-10-26 09:36:00,jobs urged citizens to support jobs initiatives.,1687
8713,2025-10-26 09:36:30,corruption criticized the opposition for corruption issues.,2543
8714,2025-10-26 09:37:00,infrastructure promised better infrastructure opportunities for youth.,2214
8715,2025-10-26 09:37:30,manifesto highlighted challenges in manifesto programs.,4643
8716,2025-10-26 09:38:00,digital India spoke about recent improvements in digital India.,2298
8717,2025-10-26 09:38:30,BJP launched a rally focusing on BJP development.,2346
8718,2025-10-26 09:39:00,development debated on development reforms in Parliament.,2247
8719,2025-10-26 09:39:30,campaign urged citizens to support campaign initiatives.,29
8720,2025-10-26 09:40:00,BJP launched a rally focusing on BJP development.,3279
8721,2025-10-26 09:40:30,manifesto organized a large manifesto awareness campaign.,3113
8722,2025-10-26 09:41:00,jobs highlighted challenges in jobs programs.,4157
8723,2025-10-26 09:41:30,corruption spoke about recent improvements in corruption.,4478
8724,2025-10-26 09:42:00,manifesto urged citizens to support manifesto initiatives.,386
8725,2025-10-26 09:42:30,education urged citizens to support education initiatives.,4228
8726,2025-10-26 09:43:00,infrastructure discussed the new infrastructure policy in India.,3639
8727,2025-10-26 09:43:30,BJP spoke about recent improvements in BJP.,1763
8728,2025-10-26 09:44:00,corruption spoke about recent improvements in corruption.,4190
8729,2025-10-26 09:44:30,development launched a rally focusing on development development.,938
8730,2025-10-26 09:45:00,education urged citizens to support education initiatives.,1251
8731,2025-10-26 09:45:30,BJP criticized the opposition for BJP issues.,4883
8732,2025-10-26 09:46:00,Modi urged citizens to support Modi initiatives.,2121
8733,2025-10-26 09:46:30,Modi announced a major reform in Modi sector.,3995
8734,2025-10-26 09:47:00,infrastructure criticized the opposition for infrastructure issues.,350
8735,2025-10-26 09:47:30,Modi promised better Modi opportunities for youth.,3556
8736,2025-10-26 09:48:00,BJP promised better BJP opportunities for youth.,2392
8737,2025-10-26 09:48:30,healthcare criticized the opposition for healthcare issues.,3376
8738,2025-10-26 09:49:00,campaign announced a major reform in campaign sector.,1933
8739,2025-10-26 09:49:30,Congress discussed the new Congress policy in India.,3194
8740,2025-10-26 09:50:00,infrastructure discussed the new infrastructure policy in India.,2393
8741,2025-10-26 09:50:30,jobs promised better jobs opportunities for youth.,3818
8742,2025-10-26 09:51:00,Election Commission urged citizens to support Election Commission initiatives.,2978
8743,2025-10-26 09:51:30,digital India highlighted challenges in digital India programs.,1451
8744,2025-10-26 09:52:00,education spoke about recent improvements in education.,4311
8745,2025-10-26 09:52:30,BJP debated on BJP reforms in Parliament.,2429
8746,2025-10-26 09:53:00,healthcare highlighted challenges in healthcare programs.,1139
8747,2025-10-26 09:53:30,education launched a rally focusing on education development.,4189
8748,2025-10-26 09:54:00,education organized a large education awareness campaign.,3287
8749,2025-10-26 09:54:30,jobs criticized the opposition for jobs issues.,2915
8750,2025-10-26 09:55:00,healthcare criticized the opposition for healthcare issues.,4777
8751,2025-10-26 09:55:30,Election Commission announced a major reform in Election Commission sector.,1872
8752,2025-10-26 09:56:00,campaign discussed the new campaign policy in India.,2851
8753,2025-10-26 09:56:30,infrastructure highlighted challenges in infrastructure programs.,1182
8754,2025-10-26 09:57:00,corruption organized a large corruption awareness campaign.,1691
8755,2025-10-26 09:57:30,development launched a rally focusing on development development.,2317
8756,2025-10-26 09:58:00,Modi organized a large Modi awareness campaign.,698
8757,2025-10-26 09:58:30,Modi launched a rally focusing on Modi development.,1734
8758,2025-10-26 09:59:00,Modi spoke about recent improvements in Modi.,750
8759,2025-10-26 09:59:30,education launched a rally focusing on education development.,4689
8760,2025-10-26 10:00:00,corruption criticized the opposition for corruption issues.,4725
8761,2025-10-26 10:00:30,healthcare organized a large healthcare awareness campaign.,1434
8762,2025-10-26 10:01:00,manifesto announced a major reform in manifesto sector.,2232
8763,2025-10-26 10:01:30,campaign debated on campaign reforms in Parliament.,3372
8764,2025-10-26 10:02:00,healthcare organized a large healthcare awareness campaign.,4618
8765,2025-10-26 10:02:30,Modi spoke about recent improvements in Modi.,373
8766,2025-10-26 10:03:00,campaign urged citizens to support campaign initiatives.,3254
8767,2025-10-26 10:03:30,Election Commission debated on Election Commission reforms in Parliament.,4202
8768,2025-10-26 10:04:00,poll rally urged citizens to support poll rally initiatives.,248
8769,2025-10-26 10:04:30,Modi promised better Modi opportunities for youth.,2001
8770,2025-10-26 10:05:00,manifesto debated on manifesto reforms in Parliament.,2346
8771,2025-10-26 10:05:30,education spoke about recent improvements in education.,1400
8772,2025-10-26 10:06:00,poll rally spoke about recent improvements in poll rally.,4297
8773,2025-10-26 10:06:30,jobs debated on jobs reforms in Parliament.,1645
8774,2025-10-26 10:07:00,poll rally debated on poll rally reforms in Parliament.,2015
8775,2025-10-26 10:07:30,corruption discussed the new corruption policy in India.,2536
8776,2025-10-26 10:08:00,healthcare organized a large healthcare awareness campaign.,4011
8777,2025-10-26 10:08:30,Election Commission announced a major reform in Election Commission sector.,3826
8778,2025-10-26 10:09:00,jobs launched a rally focusing on jobs development.,1306
8779,2025-10-26 10:09:30,digital India announced a major reform in digital India sector.,4731
8780,2025-10-26 10:10:00,development launched a rally focusing on development development.,2338
8781,2025-10-26 10:10:30,jobs announced a major reform in jobs sector.,222
8782,2025-10-26 10:11:00,education announced a major reform in education sector.,2052
8783,2025-10-26 10:11:30,Rahul Gandhi organized a large Rahul Gandhi awareness campaign.,56
8784,2025-10-26 10:12:00,corruption announced a major reform in corruption sector.,4886
8785,2025-10-26 10:12:30,healthcare launched a rally focusing on healthcare development.,4325
8786,2025-10-26 10:13:00,jobs announced a major reform in jobs sector.,2217
8787,2025-10-26 10:13:30,infrastructure promised better infrastructure opportunities for youth.,3924
8788,2025-10-26 10:14:00,Modi discussed the new Modi policy in India.,2431
8789,2025-10-26 10:14:30,poll rally promised better poll rally opportunities for youth.,2053
8790,2025-10-26 10:15:00,infrastructure launched a rally focusing on infrastructure development.,3789
8791,2025-10-26 10:15:30,Election Commission launched a rally focusing on Election Commission development.,4290
8792,2025-10-26 10:16:00,development announced a major reform in development sector.,701
8793,2025-10-26 10:16:30,Rahul Gandhi debated on Rahul Gandhi reforms in Parliament.,4400
8794,2025-10-26 10:17:00,development highlighted challenges in development programs.,4819
8795,2025-10-26 10:17:30,healthcare spoke about recent improvements in healthcare.,930
8796,2025-10-26 10:18:00,infrastructure launched a rally focusing on infrastructure development.,3094
8797,2025-10-26 10:18:30,jobs promised better jobs opportunities for youth.,1141
8798,2025-10-26 10:19:00,poll rally urged citizens to support poll rally initiatives.,1358
8799,2025-10-26 10:19:30,infrastructure promised better infrastructure opportunities for youth.,4811
8800,2025-10-26 10:20:00,corruption promised better corruption opportunities for youth.,2389
8801,2025-10-26 10:20:30,Modi organized a large Modi awareness campaign.,1062
8802,2025-10-26 10:21:00,BJP spoke about recent improvements in BJP.,915
8803,2025-10-26 10:21:30,infrastructure launched a rally focusing on infrastructure development.,4781
8804,2025-10-26 10:22:00,corruption spoke about recent improvements in corruption.,1650
8805,2025-10-26 10:22:30,education organized a large education awareness campaign.,3134
8806,2025-10-26 10:23:00,Congress criticized the opposition for Congress issues.,1573
8807,2025-10-26 10:23:30,infrastructure debated on infrastructure reforms in Parliament.,1188
8808,2025-10-26 10:24:00,Congress urged citizens to support Congress initiatives.,3693
8809,2025-10-26 10:24:30,Rahul Gandhi spoke about recent improvements in Rahul Gandhi.,4262
8810,2025-10-26 10:25:00,poll rally debated on poll rally reforms in Parliament.,3777
8811,2025-10-26 10:25:30,Congress organized a large Congress awareness campaign.,3521
8812,2025-10-26 10:26:00,campaign highlighted challenges in campaign programs.,2502
8813,2025-10-26 10:26:30,development announced a major reform in development sector.,3919
8814,2025-10-26 10:27:00,development organized a large development awareness campaign.,854
8815,2025-10-26 10:27:30,poll rally discussed the new poll rally policy in India.,4604
8816,2025-10-26 10:28:00,manifesto organized a large manifesto awareness campaign.,3263
8817,2025-10-26 10:28:30,Congress spoke about recent improvements in Congress.,4830
8818,2025-10-26 10:29:00,healthcare criticized the opposition for healthcare issues.,3349
8819,2025-10-26 10:29:30,BJP highlighted challenges in BJP programs.,2942
8820,2025-10-26 10:30:00,jobs criticized the opposition for jobs issues.,2946
8821,2025-10-26 10:30:30,jobs debated on jobs reforms in Parliament.,232
8822,2025-10-26 10:31:00,Congress organized a large Congress awareness campaign.,3182
8823,2025-10-26 10:31:30,manifesto launched a rally focusing on manifesto development.,3676
8824,2025-10-26 10:32:00,poll rally discussed the new poll rally policy in India.,4691
8825,2025-10-26 10:32:30,Congress spoke about recent improvements in Congress.,3413
8826,2025-10-26 10:33:00,poll rally highlighted challenges in poll rally programs.,3080
8827,2025-10-26 10:33:30,manifesto spoke about recent improvements in manifesto.,2832
8828,2025-10-26 10:34:00,education launched a rally focusing on education development.,4888
8829,2025-10-26 10:34:30,Rahul Gandhi criticized the opposition for Rahul Gandhi issues.,3468
8830,2025-10-26 10:35:00,manifesto criticized the opposition for manifesto issues.,4491
8831,2025-10-26 10:35:30,campaign discussed the new campaign policy in India.,280
8832,2025-10-26 10:36:00,education discussed the new education policy in India.,4845
8833,2025-10-26 10:36:30,Modi spoke about recent improvements in Modi.,3503
8834,2025-10-26 10:37:00,development spoke about recent improvements in development.,2656
8835,2025-10-26 10:37:30,healthcare debated on healthcare reforms in Parliament.,3026
8836,2025-10-26 10:38:00,development highlighted challenges in development programs.,838
8837,2025-10-26 10:38:30,Rahul Gandhi launched a rally focusing on Rahul Gandhi development.,62
8838,2025-10-26 10:39:00,BJP debated on BJP reforms in Parliament.,421
8839,2025-10-26 10:39:30,Rahul Gandhi criticized the opposition for Rahul Gandhi issues.,541
8840,2025-10-26 10:40:00,infrastructure debated on infrastructure reforms in Parliament.,1148
8841,2025-10-26 10:40:30,poll rally announced a major reform in poll rally sector.,87
8842,2025-10-26 10:41:00,education discussed the new education policy in India.,4150
8843,2025-10-26 10:41:30,manifesto launched a rally focusing on manifesto development.,542
8844,2025-10-26 10:42:00,BJP criticized the opposition for BJP issues.,3338
8845,2025-10-26 10:42:30,BJP spoke about recent improvements in BJP.,356
8846,2025-10-26 10:43:00,education highlighted challenges in education programs.,1038
8847,2025-10-26 10:43:30,infrastructure urged citizens to support infrastructure initiatives.,2489
8848,2025-10-26 10:44:00,healthcare discussed the new healthcare policy in India.,3330
8849,2025-10-26 10:44:30,Modi criticized the opposition for Modi issues.,2888
8850,2025-10-26 10:45:00,Modi announced a major reform in Modi sector.,3249
8851,2025-10-26 10:45:30,education discussed the new education policy in India.,1495
8852,2025-10-26 10:46:00,Congress launched a rally focusing on Congress development.,259
8853,2025-10-26 10:46:30,jobs urged citizens to support jobs initiatives.,1057
8854,2025-10-26 10:47:00,poll rally highlighted challenges in poll rally programs.,4444
8855,2025-10-26 10:47:30,manifesto organized a large manifesto awareness campaign.,1135
8856,2025-10-26 10:48:00,corruption debated on corruption reforms in Parliament.,3240
8857,2025-10-26 10:48:30,corruption highlighted challenges in corruption programs.,4984
8858,2025-10-26 10:49:00,education criticized the opposition for education issues.,2190
8859,2025-10-26 10:49:30,digital India urged citizens to support digital India initiatives.,394
8860,2025-10-26 10:50:00,corruption debated on corruption reforms in Parliament.,1494
8861,2025-10-26 10:50:30,jobs announced a major reform in jobs sector.,4198
8862,2025-10-26 10:51:00,infrastructure debated on infrastructure reforms in Parliament.,1495
8863,2025-10-26 10:51:30,jobs urged citizens to support jobs initiatives.,2226
8864,2025-10-26 10:52:00,development organized a large development awareness campaign.,4984
8865,2025-10-26 10:52:30,Rahul Gandhi highlighted challenges in Rahul Gandhi programs.,4379
8866,2025-10-26 10:53:00,Election Commission urged citizens to support Election Commission initiatives.,608
8867,2025-10-26 10:53:30,manifesto launched a rally focusing on manifesto development.,1360
8868,2025-10-26 10:54:00,healthcare launched a rally focusing on healthcare development.,2665
8869,2025-10-26 10:54:30,poll rally discussed the new poll rally policy in India.,1234
8870,2025-10-26 10:55:00,digital India spoke about recent improvements in digital India.,4462
8871,2025-10-26 10:55:30,Congress highlighted challenges in Congress programs.,2795
8872,2025-10-26 10:56:00,campaign urged citizens to support campaign initiatives.,481
8873,2025-10-26 10:56:30,development announced a major reform in development sector.,3214
8874,2025-10-26 10:57:00,digital India spoke about recent improvements in digital India.,1792
8875,2025-10-26 10:57:30,Congress highlighted challenges in Congress programs.,4742
8876,2025-10-26 10:58:00,Rahul Gandhi spoke about recent improvements in Rahul Gandhi.,4716
8877,2025-10-26 10:58:30,infrastructure highlighted challenges in infrastructure programs.,3793
8878,2025-10-26 10:59:00,poll rally announced a major reform in poll rally sector.,2508
8879,2025-10-26 10:59:30,Election Commission announced a major reform in Election Commission sector.,1257
8880,2025-10-26 11:00:00,corruption discussed the new corruption policy in India.,4366
8881,2025-10-26 11:00:30,Election Commission debated on Election Commission reforms in Parliament.,2065
8882,2025-10-26 11:01:00,healthcare organized a large healthcare awareness campaign.,20
8883,2025-10-26 11:01:30,digital India urged citizens to support digital India initiatives.,1568
8884,2025-10-26 11:02:00,development highlighted challenges in development programs.,192
8885,2025-10-26 11:02:30,education organized a large education awareness campaign.,33
8886,2025-10-26 11:03:00,campaign spoke about recent improvements in campaign.,3570
8887,2025-10-26 11:03:30,development launched a rally focusing on development development.,1562
8888,2025-10-26 11:04:00,infrastructure highlighted challenges in infrastructure programs.,4834
8889,2025-10-26 11:04:30,poll rally promised better poll rally opportunities for youth.,3820
8890,2025-10-26 11:05:00,Rahul Gandhi highlighted challenges in Rahul Gandhi programs.,2303
8891,2025-10-26 11:05:30,Election Commission criticized the opposition for Election Commission issues.,3162
8892,2025-10-26 11:06:00,manifesto highlighted challenges in manifesto programs.,3443
8893,2025-10-26 11:06:30,Congress organized a large Congress awareness campaign.,3712
8894,2025-10-26 11:07:00,education spoke about recent improvements in education.,1905
8895,2025-10-26 11:07:30,development organized a large development awareness campaign.,4407
8896,2025-10-26 11:08:00,campaign organized a large campaign awareness campaign.,1850
8897,2025-10-26 11:08:30,education debated on education reforms in Parliament.,3366
8898,2025-10-26 11:09:00,BJP launched a rally focusing on BJP development.,3358
8899,2025-10-26 11:09:30,corruption announced a major reform in corruption sector.,1132
8900,2025-10-26 11:10:00,manifesto launched a rally focusing on manifesto development.,290
8901,2025-10-26 11:10:30,poll rally organized a large poll rally awareness campaign.,3994
8902,2025-10-26 11:11:00,Election Commission urged citizens to support Election Commission initiatives.,3832
8903,2025-10-26 11:11:30,campaign announced a major reform in campaign sector.,3934
8904,2025-10-26 11:12:00,development announced a major reform in development sector.,3613
8905,2025-10-26 11:12:30,Rahul Gandhi highlighted challenges in Rahul Gandhi programs.,1846
8906,2025-10-26 11:13:00,Modi criticized the opposition for Modi issues.,3643
8907,2025-10-26 11:13:30,Election Commission promised better Election Commission opportunities for youth.,4558
8908,2025-10-26 11:14:00,Congress discussed the new Congress policy in India.,1565
8909,2025-10-26 11:14:30,poll rally promised better poll rally opportunities for youth.,562
8910,2025-10-26 11:15:00,jobs launched a rally focusing on jobs development.,1415
8911,2025-10-26 11:15:30,jobs launched a rally focusing on jobs development.,1328
8912,2025-10-26 11:16:00,jobs organized a large jobs awareness campaign.,4808
8913,2025-10-26 11:16:30,Congress debated on Congress reforms in Parliament.,1193
8914,2025-10-26 11:17:00,infrastructure criticized the opposition for infrastructure issues.,1752
8915,2025-10-26 11:17:30,development promised better development opportunities for youth.,1321
8916,2025-10-26 11:18:00,manifesto highlighted challenges in manifesto programs.,2411
8917,2025-10-26 11:18:30,healthcare organized a large healthcare awareness campaign.,4510
8918,2025-10-26 11:19:00,jobs announced a major reform in jobs sector.,399
8919,2025-10-26 11:19:30,manifesto highlighted challenges in manifesto programs.,4245
8920,2025-10-26 11:20:00,corruption organized a large corruption awareness campaign.,3983
8921,2025-10-26 11:20:30,manifesto spoke about recent improvements in manifesto.,1070
8922,2025-10-26 11:21:00,jobs organized a large jobs awareness campaign.,1088
8923,2025-10-26 11:21:30,Rahul Gandhi urged citizens to support Rahul Gandhi initiatives.,3195
8924,2025-10-26 11:22:00,jobs discussed the new jobs policy in India.,3377
8925,2025-10-26 11:22:30,healthcare spoke about recent improvements in healthcare.,2267
8926,2025-10-26 11:23:00,development highlighted challenges in development programs.,2833
8927,2025-10-26 11:23:30,jobs debated on jobs reforms in Parliament.,3451
8928,2025-10-26 11:24:00,campaign launched a rally focusing on campaign development.,4146
8929,2025-10-26 11:24:30,campaign urged citizens to support campaign initiatives.,4983
8930,2025-10-26 11:25:00,digital India organized a large digital India awareness campaign.,2858
8931,2025-10-26 11:25:30,poll rally launched a rally focusing on poll rally development.,2850
8932,2025-10-26 11:26:00,Modi announced a major reform in Modi sector.,2597
8933,2025-10-26 11:26:30,jobs launched a rally focusing on jobs development.,837
8934,2025-10-26 11:27:00,development promised better development opportunities for youth.,4758
8935,2025-10-26 11:27:30,healthcare debated on healthcare reforms in Parliament.,2503
8936,2025-10-26 11:28:00,healthcare spoke about recent improvements in healthcare.,4480
8937,2025-10-26 11:28:30,development highlighted challenges in development programs.,3375
8938,2025-10-26 11:29:00,healthcare debated on healthcare reforms in Parliament.,1831
8939,2025-10-26 11:29:30,corruption debated on corruption reforms in Parliament.,3865
8940,2025-10-26 11:30:00,BJP criticized the opposition for BJP issues.,3516
8941,2025-10-26 11:30:30,healthcare debated on healthcare reforms in Parliament.,628
8942,2025-10-26 11:31:00,development criticized the opposition for development issues.,47
8943,2025-10-26 11:31:30,corruption highlighted challenges in corruption programs.,2995
8944,2025-10-26 11:32:00,Election Commission criticized the opposition for Election Commission issues.,2293
8945,2025-10-26 11:32:30,campaign criticized the opposition for campaign issues.,4239
8946,2025-10-26 11:33:00,digital India criticized the opposition for digital India issues.,2437
8947,2025-10-26 11:33:30,corruption organized a large corruption awareness campaign.,2107
8948,2025-10-26 11:34:00,poll rally launched a rally focusing on poll rally development.,3348
8949,2025-10-26 11:34:30,BJP highlighted challenges in BJP programs.,4790
8950,2025-10-26 11:35:00,infrastructure announced a major reform in infrastructure sector.,4524
8951,2025-10-26 11:35:30,development promised better development opportunities for youth.,3271
8952,2025-10-26 11:36:00,Rahul Gandhi organized a large Rahul Gandhi awareness campaign.,1001
8953,2025-10-26 11:36:30,Modi announced a major reform in Modi sector.,3752
8954,2025-10-26 11:37:00,Rahul Gandhi highlighted challenges in Rahul Gandhi programs.,2075
8955,2025-10-26 11:37:30,Election Commission promised better Election Commission opportunities for youth.,375
8956,2025-10-26 11:38:00,Election Commission launched a rally focusing on Election Commission development.,2021
8957,2025-10-26 11:38:30,education spoke about recent improvements in education.,956
8958,2025-10-26 11:39:00,education debated on education reforms in Parliament.,4948
8959,2025-10-26 11:39:30,corruption organized a large corruption awareness campaign.,3273
8960,2025-10-26 11:40:00,digital India spoke about recent improvements in digital India.,889
8961,2025-10-26 11:40:30,Modi announced a major reform in Modi sector.,2341
8962,2025-10-26 11:41:00,jobs urged citizens to support jobs initiatives.,3808
8963,2025-10-26 11:41:30,Modi discussed the new Modi policy in India.,312
8964,2025-10-26 11:42:00,Modi promised better Modi opportunities for youth.,4722
8965,2025-10-26 11:42:30,digital India spoke about recent improvements in digital India.,3369
8966,2025-10-26 11:43:00,development discussed the new development policy in India.,3433
8967,2025-10-26 11:43:30,campaign urged citizens to support campaign initiatives.,637
8968,2025-10-26 11:44:00,manifesto promised better manifesto opportunities for youth.,4378
8969,2025-10-26 11:44:30,Congress spoke about recent improvements in Congress.,2870
8970,2025-10-26 11:45:00,manifesto urged citizens to support manifesto initiatives.,2810
8971,2025-10-26 11:45:30,campaign launched a rally focusing on campaign development.,2751
8972,2025-10-26 11:46:00,Congress discussed the new Congress policy in India.,4601
8973,2025-10-26 11:46:30,manifesto spoke about recent improvements in manifesto.,2574
8974,2025-10-26 11:47:00,campaign spoke about recent improvements in campaign.,1495
8975,2025-10-26 11:47:30,healthcare announced a major reform in healthcare sector.,3441
8976,2025-10-26 11:48:00,education spoke about recent improvements in education.,3073
8977,2025-10-26 11:48:30,campaign urged citizens to support campaign initiatives.,3913
8978,2025-10-26 11:49:00,campaign urged citizens to support campaign initiatives.,4493
8979,2025-10-26 11:49:30,Rahul Gandhi spoke about recent improvements in Rahul Gandhi.,3088
8980,2025-10-26 11:50:00,education highlighted challenges in education programs.,2558
8981,2025-10-26 11:50:30,Congress debated on Congress reforms in Parliament.,4440
8982,2025-10-26 11:51:00,infrastructure discussed the new infrastructure policy in India.,15
8983,2025-10-26 11:51:30,BJP debated on BJP reforms in Parliament.,2908
8984,2025-10-26 11:52:00,jobs organized a large jobs awareness campaign.,1577
8985,2025-10-26 11:52:30,digital India highlighted challenges in digital India programs.,2644
8986,2025-10-26 11:53:00,healthcare launched a rally focusing on healthcare development.,396
8987,2025-10-26 11:53:30,digital India organized a large digital India awareness campaign.,634
8988,2025-10-26 11:54:00,healthcare criticized the opposition for healthcare issues.,3254
8989,2025-10-26 11:54:30,healthcare organized a large healthcare awareness campaign.,1656
8990,2025-10-26 11:55:00,poll rally spoke about recent improvements in poll rally.,3153
8991,2025-10-26 11:55:30,infrastructure launched a rally focusing on infrastructure development.,4693
8992,2025-10-26 11:56:00,jobs announced a major reform in jobs sector.,2483
8993,2025-10-26 11:56:30,infrastructure discussed the new infrastructure policy in India.,2322
8994,2025-10-26 11:57:00,education debated on education reforms in Parliament.,3539
8995,2025-10-26 11:57:30,campaign announced a major reform in campaign sector.,981
8996,2025-10-26 11:58:00,poll rally launched a rally focusing on poll rally development.,1526
8997,2025-10-26 11:58:30,Modi promised better Modi opportunities for youth.,74
8998,2025-10-26 11:59:00,Congress urged citizens to support Congress initiatives.,1565
8999,2025-10-26 11:59:30,education urged citizens to support education initiatives.,4108
9000,2025-10-26 12:00:00,campaign criticized the opposition for campaign issues.,405
9001,2025-10-26 12:00:30,poll rally highlighted challenges in poll rally programs.,1754
9002,2025-10-26 12:01:00,digital India announced a major reform in digital India sector.,360
9003,2025-10-26 12:01:30,education discussed the new education policy in India.,1418
9004,2025-10-26 12:02:00,campaign debated on campaign reforms in Parliament.,4583
9005,2025-10-26 12:02:30,development debated on development reforms in Parliament.,1279
9006,2025-10-26 12:03:00,BJP announced a major reform in BJP sector.,890
9007,2025-10-26 12:03:30,BJP urged citizens to support BJP initiatives.,3430
9008,2025-10-26 12:04:00,healthcare promised better healthcare opportunities for youth.,2407
9009,2025-10-26 12:04:30,Election Commission urged citizens to support Election Commission initiatives.,1692
9010,2025-10-26 12:05:00,infrastructure launched a rally focusing on infrastructure development.,4091
9011,2025-10-26 12:05:30,Congress highlighted challenges in Congress programs.,1756
9012,2025-10-26 12:06:00,education debated on education reforms in Parliament.,3614
9013,2025-10-26 12:06:30,development launched a rally focusing on development development.,3053
9014,2025-10-26 12:07:00,campaign launched a rally focusing on campaign development.,444
9015,2025-10-26 12:07:30,manifesto announced a major reform in manifesto sector.,208
9016,2025-10-26 12:08:00,poll rally highlighted challenges in poll rally programs.,1790
9017,2025-10-26 12:08:30,development urged citizens to support development initiatives.,2631
9018,2025-10-26 12:09:00,poll rally urged citizens to support poll rally initiatives.,470
9019,2025-10-26 12:09:30,infrastructure urged citizens to support infrastructure initiatives.,2582
9020,2025-10-26 12:10:00,BJP discussed the new BJP policy in India.,1733
9021,2025-10-26 12:10:30,campaign debated on campaign reforms in Parliament.,3566
9022,2025-10-26 12:11:00,infrastructure promised better infrastructure opportunities for youth.,2130
9023,2025-10-26 12:11:30,corruption organized a large corruption awareness campaign.,3910
9024,2025-10-26 12:12:00,campaign spoke about recent improvements in campaign.,795
9025,2025-10-26 12:12:30,corruption launched a rally focusing on corruption development.,4198
9026,2025-10-26 12:13:00,poll rally organized a large poll rally awareness campaign.,3325
9027,2025-10-26 12:13:30,development launched a rally focusing on development development.,1273
9028,2025-10-26 12:14:00,Congress debated on Congress reforms in Parliament.,238
9029,2025-10-26 12:14:30,campaign urged citizens to support campaign initiatives.,239
9030,2025-10-26 12:15:00,infrastructure discussed the new infrastructure policy in India.,3239
9031,2025-10-26 12:15:30,BJP announced a major reform in BJP sector.,1276
9032,2025-10-26 12:16:00,jobs promised better jobs opportunities for youth.,1924
9033,2025-10-26 12:16:30,campaign organized a large campaign awareness campaign.,4568
9034,2025-10-26 12:17:00,Election Commission organized a large Election Commission awareness campaign.,2194
9035,2025-10-26 12:17:30,digital India announced a major reform in digital India sector.,2932
9036,2025-10-26 12:18:00,healthcare urged citizens to support healthcare initiatives.,4304
9037,2025-10-26 12:18:30,jobs discussed the new jobs policy in India.,921
9038,2025-10-26 12:19:00,manifesto promised better manifesto opportunities for youth.,3360
9039,2025-10-26 12:19:30,Rahul Gandhi launched a rally focusing on Rahul Gandhi development.,4524
9040,2025-10-26 12:20:00,Congress launched a rally focusing on Congress development.,3753
9041,2025-10-26 12:20:30,infrastructure urged citizens to support infrastructure initiatives.,1439
9042,2025-10-26 12:21:00,infrastructure launched a rally focusing on infrastructure development.,3199
9043,2025-10-26 12:21:30,jobs criticized the opposition for jobs issues.,2958
9044,2025-10-26 12:22:00,development spoke about recent improvements in development.,1050
9045,2025-10-26 12:22:30,Rahul Gandhi launched a rally focusing on Rahul Gandhi development.,2779
9046,2025-10-26 12:23:00,development promised better development opportunities for youth.,1586
9047,2025-10-26 12:23:30,campaign debated on campaign reforms in Parliament.,4814
9048,2025-10-26 12:24:00,digital India criticized the opposition for digital India issues.,1643
9049,2025-10-26 12:24:30,manifesto organized a large manifesto awareness campaign.,207
9050,2025-10-26 12:25:00,poll rally discussed the new poll rally policy in India.,3931
9051,2025-10-26 12:25:30,healthcare discussed the new healthcare policy in India.,2644
9052,2025-10-26 12:26:00,healthcare debated on healthcare reforms in Parliament.,1069
9053,2025-10-26 12:26:30,manifesto promised better manifesto opportunities for youth.,3865
9054,2025-10-26 12:27:00,Election Commission urged citizens to support Election Commission initiatives.,2086
9055,2025-10-26 12:27:30,infrastructure criticized the opposition for infrastructure issues.,4174
9056,2025-10-26 12:28:00,Election Commission announced a major reform in Election Commission sector.,542
9057,2025-10-26 12:28:30,education criticized the opposition for education issues.,2240
9058,2025-10-26 12:29:00,infrastructure spoke about recent improvements in infrastructure.,100
9059,2025-10-26 12:29:30,campaign promised better campaign opportunities for youth.,4119
9060,2025-10-26 12:30:00,development spoke about recent improvements in development.,2392
9061,2025-10-26 12:30:30,healthcare highlighted challenges in healthcare programs.,1975
9062,2025-10-26 12:31:00,digital India criticized the opposition for digital India issues.,4873
9063,2025-10-26 12:31:30,manifesto debated on manifesto reforms in Parliament.,3868
9064,2025-10-26 12:32:00,Rahul Gandhi promised better Rahul Gandhi opportunities for youth.,3762
9065,2025-10-26 12:32:30,Modi debated on Modi reforms in Parliament.,1436
9066,2025-10-26 12:33:00,Modi debated on Modi reforms in Parliament.,4296
9067,2025-10-26 12:33:30,poll rally spoke about recent improvements in poll rally.,4910
9068,2025-10-26 12:34:00,Election Commission discussed the new Election Commission policy in India.,4193
9069,2025-10-26 12:34:30,digital India debated on digital India reforms in Parliament.,926
9070,2025-10-26 12:35:00,development debated on development reforms in Parliament.,213
9071,2025-10-26 12:35:30,healthcare criticized the opposition for healthcare issues.,2998
9072,2025-10-26 12:36:00,education criticized the opposition for education issues.,4912
9073,2025-10-26 12:36:30,education organized a large education awareness campaign.,962
9074,2025-10-26 12:37:00,Election Commission debated on Election Commission reforms in Parliament.,1767
9075,2025-10-26 12:37:30,development spoke about recent improvements in development.,3617
9076,2025-10-26 12:38:00,Rahul Gandhi promised better Rahul Gandhi opportunities for youth.,755
9077,2025-10-26 12:38:30,digital India organized a large digital India awareness campaign.,1429
9078,2025-10-26 12:39:00,Election Commission highlighted challenges in Election Commission programs.,2309
9079,2025-10-26 12:39:30,poll rally organized a large poll rally awareness campaign.,4798
9080,2025-10-26 12:40:00,jobs highlighted challenges in jobs programs.,2191
9081,2025-10-26 12:40:30,development promised better development opportunities for youth.,4449
9082,2025-10-26 12:41:00,campaign announced a major reform in campaign sector.,4348
9083,2025-10-26 12:41:30,Rahul Gandhi criticized the opposition for Rahul Gandhi issues.,589
9084,2025-10-26 12:42:00,Election Commission promised better Election Commission opportunities for youth.,744
9085,2025-10-26 12:42:30,Modi announced a major reform in Modi sector.,2648
9086,2025-10-26 12:43:00,poll rally announced a major reform in poll rally sector.,1954
9087,2025-10-26 12:43:30,corruption spoke about recent improvements in corruption.,2729
9088,2025-10-26 12:44:00,infrastructure announced a major reform in infrastructure sector.,2915
9089,2025-10-26 12:44:30,Modi organized a large Modi awareness campaign.,2785
9090,2025-10-26 12:45:00,jobs organized a large jobs awareness campaign.,2605
9091,2025-10-26 12:45:30,development spoke about recent improvements in development.,4265
9092,2025-10-26 12:46:00,BJP criticized the opposition for BJP issues.,4949
9093,2025-10-26 12:46:30,jobs promised better jobs opportunities for youth.,3717
9094,2025-10-26 12:47:00,BJP promised better BJP opportunities for youth.,1494
9095,2025-10-26 12:47:30,Rahul Gandhi urged citizens to support Rahul Gandhi initiatives.,2098
9096,2025-10-26 12:48:00,corruption launched a rally focusing on corruption development.,4158
9097,2025-10-26 12:48:30,digital India promised better digital India opportunities for youth.,3957
9098,2025-10-26 12:49:00,Modi organized a large Modi awareness campaign.,3083
9099,2025-10-26 12:49:30,campaign spoke about recent improvements in campaign.,269
9100,2025-10-26 12:50:00,development organized a large development awareness campaign.,4120
9101,2025-10-26 12:50:30,Congress promised better Congress opportunities for youth.,4104
9102,2025-10-26 12:51:00,Election Commission launched a rally focusing on Election Commission development.,1392
9103,2025-10-26 12:51:30,healthcare criticized the opposition for healthcare issues.,4540
9104,2025-10-26 12:52:00,education highlighted challenges in education programs.,3857
9105,2025-10-26 12:52:30,BJP discussed the new BJP policy in India.,1866
9106,2025-10-26 12:53:00,BJP debated on BJP reforms in Parliament.,87
9107,2025-10-26 12:53:30,Election Commission organized a large Election Commission awareness campaign.,3051
9108,2025-10-26 12:54:00,poll rally launched a rally focusing on poll rally development.,4504
9109,2025-10-26 12:54:30,campaign discussed the new campaign policy in India.,323
9110,2025-10-26 12:55:00,development highlighted challenges in development programs.,4857
9111,2025-10-26 12:55:30,manifesto discussed the new manifesto policy in India.,3033
9112,2025-10-26 12:56:00,Rahul Gandhi urged citizens to support Rahul Gandhi initiatives.,3169
9113,2025-10-26 12:56:30,Congress highlighted challenges in Congress programs.,3755
9114,2025-10-26 12:57:00,healthcare promised better healthcare opportunities for youth.,2233
9115,2025-10-26 12:57:30,Modi criticized the opposition for Modi issues.,3477
9116,2025-10-26 12:58:00,campaign spoke about recent improvements in campaign.,292
9117,2025-10-26 12:58:30,infrastructure highlighted challenges in infrastructure programs.,1425
9118,2025-10-26 12:59:00,BJP urged citizens to support BJP initiatives.,2038
9119,2025-10-26 12:59:30,education spoke about recent improvements in education.,2305
9120,2025-10-26 13:00:00,jobs highlighted challenges in jobs programs.,1974
9121,2025-10-26 13:00:30,jobs announced a major reform in jobs sector.,3553
9122,2025-10-26 13:01:00,poll rally discussed the new poll rally policy in India.,2242
9123,2025-10-26 13:01:30,jobs promised better jobs opportunities for youth.,2235
9124,2025-10-26 13:02:00,Rahul Gandhi announced a major reform in Rahul Gandhi sector.,3248
9125,2025-10-26 13:02:30,healthcare announced a major reform in healthcare sector.,4650
9126,2025-10-26 13:03:00,Rahul Gandhi urged citizens to support Rahul Gandhi initiatives.,1489
9127,2025-10-26 13:03:30,Rahul Gandhi discussed the new Rahul Gandhi policy in India.,4853
9128,2025-10-26 13:04:00,manifesto discussed the new manifesto policy in India.,390
9129,2025-10-26 13:04:30,healthcare spoke about recent improvements in healthcare.,2101
9130,2025-10-26 13:05:00,BJP announced a major reform in BJP sector.,249
9131,2025-10-26 13:05:30,Election Commission announced a major reform in Election Commission sector.,1996
9132,2025-10-26 13:06:00,campaign discussed the new campaign policy in India.,1266
9133,2025-10-26 13:06:30,campaign launched a rally focusing on campaign development.,4677
9134,2025-10-26 13:07:00,Election Commission debated on Election Commission reforms in Parliament.,4226
9135,2025-10-26 13:07:30,manifesto launched a rally focusing on manifesto development.,2419
9136,2025-10-26 13:08:00,BJP launched a rally focusing on BJP development.,1759
9137,2025-10-26 13:08:30,BJP organized a large BJP awareness campaign.,816
9138,2025-10-26 13:09:00,jobs announced a major reform in jobs sector.,4875
9139,2025-10-26 13:09:30,infrastructure organized a large infrastructure awareness campaign.,4652
9140,2025-10-26 13:10:00,infrastructure launched a rally focusing on infrastructure development.,1802
9141,2025-10-26 13:10:30,manifesto launched a rally focusing on manifesto development.,466
9142,2025-10-26 13:11:00,jobs discussed the new jobs policy in India.,81
9143,2025-10-26 13:11:30,poll rally announced a major reform in poll rally sector.,3041
9144,2025-10-26 13:12:00,Election Commission promised better Election Commission opportunities for youth.,1565
9145,2025-10-26 13:12:30,Congress promised better Congress opportunities for youth.,1498
9146,2025-10-26 13:13:00,Election Commission spoke about recent improvements in Election Commission.,3458
9147,2025-10-26 13:13:30,poll rally discussed the new poll rally policy in India.,1888
9148,2025-10-26 13:14:00,manifesto debated on manifesto reforms in Parliament.,1211
9149,2025-10-26 13:14:30,poll rally launched a rally focusing on poll rally development.,1880
9150,2025-10-26 13:15:00,corruption spoke about recent improvements in corruption.,22
9151,2025-10-26 13:15:30,campaign highlighted challenges in campaign programs.,4309
9152,2025-10-26 13:16:00,Congress organized a large Congress awareness campaign.,2943
9153,2025-10-26 13:16:30,Modi launched a rally focusing on Modi development.,318
9154,2025-10-26 13:17:00,BJP launched a rally focusing on BJP development.,1516
9155,2025-10-26 13:17:30,poll rally announced a major reform in poll rally sector.,2550
9156,2025-10-26 13:18:00,Congress discussed the new Congress policy in India.,2503
9157,2025-10-26 13:18:30,healthcare highlighted challenges in healthcare programs.,2065
9158,2025-10-26 13:19:00,Modi announced a major reform in Modi sector.,4265
9159,2025-10-26 13:19:30,manifesto debated on manifesto reforms in Parliament.,4483
9160,2025-10-26 13:20:00,BJP spoke about recent improvements in BJP.,2910
9161,2025-10-26 13:20:30,development spoke about recent improvements in development.,743
9162,2025-10-26 13:21:00,Election Commission highlighted challenges in Election Commission programs.,844
9163,2025-10-26 13:21:30,Congress criticized the opposition for Congress issues.,4385
9164,2025-10-26 13:22:00,digital India highlighted challenges in digital India programs.,4237
9165,2025-10-26 13:22:30,digital India organized a large digital India awareness campaign.,1588
9166,2025-10-26 13:23:00,education urged citizens to support education initiatives.,472
9167,2025-10-26 13:23:30,Congress discussed the new Congress policy in India.,497
9168,2025-10-26 13:24:00,jobs spoke about recent improvements in jobs.,2869
9169,2025-10-26 13:24:30,Congress discussed the new Congress policy in India.,4801
9170,2025-10-26 13:25:00,infrastructure urged citizens to support infrastructure initiatives.,368
9171,2025-10-26 13:25:30,development discussed the new development policy in India.,1268
9172,2025-10-26 13:26:00,Election Commission highlighted challenges in Election Commission programs.,1937
9173,2025-10-26 13:26:30,Election Commission criticized the opposition for Election Commission issues.,4104
9174,2025-10-26 13:27:00,campaign highlighted challenges in campaign programs.,4228
9175,2025-10-26 13:27:30,Congress organized a large Congress awareness campaign.,4947
9176,2025-10-26 13:28:00,jobs announced a major reform in jobs sector.,4336
9177,2025-10-26 13:28:30,campaign spoke about recent improvements in campaign.,2857
9178,2025-10-26 13:29:00,infrastructure launched a rally focusing on infrastructure development.,376
9179,2025-10-26 13:29:30,healthcare criticized the opposition for healthcare issues.,4877
9180,2025-10-26 13:30:00,Congress organized a large Congress awareness campaign.,4414
9181,2025-10-26 13:30:30,development highlighted challenges in development programs.,2453
9182,2025-10-26 13:31:00,infrastructure spoke about recent improvements in infrastructure.,4830
9183,2025-10-26 13:31:30,manifesto debated on manifesto reforms in Parliament.,3375
9184,2025-10-26 13:32:00,Rahul Gandhi urged citizens to support Rahul Gandhi initiatives.,346
9185,2025-10-26 13:32:30,Modi criticized the opposition for Modi issues.,4012
9186,2025-10-26 13:33:00,digital India announced a major reform in digital India sector.,2497
9187,2025-10-26 13:33:30,Election Commission highlighted challenges in Election Commission programs.,854
9188,2025-10-26 13:34:00,development organized a large development awareness campaign.,3602
9189,2025-10-26 13:34:30,corruption promised better corruption opportunities for youth.,3908
9190,2025-10-26 13:35:00,Congress launched a rally focusing on Congress development.,1660
9191,2025-10-26 13:35:30,Election Commission announced a major reform in Election Commission sector.,4577
9192,2025-10-26 13:36:00,development launched a rally focusing on development development.,4522
9193,2025-10-26 13:36:30,jobs discussed the new jobs policy in India.,2381
9194,2025-10-26 13:37:00,corruption spoke about recent improvements in corruption.,72
9195,2025-10-26 13:37:30,Election Commission discussed the new Election Commission policy in India.,1552
9196,2025-10-26 13:38:00,Modi highlighted challenges in Modi programs.,2743
9197,2025-10-26 13:38:30,corruption spoke about recent improvements in corruption.,342
9198,2025-10-26 13:39:00,Election Commission promised better Election Commission opportunities for youth.,1229
9199,2025-10-26 13:39:30,Election Commission discussed the new Election Commission policy in India.,3659
9200,2025-10-26 13:40:00,manifesto debated on manifesto reforms in Parliament.,1001
9201,2025-10-26 13:40:30,poll rally organized a large poll rally awareness campaign.,4534
9202,2025-10-26 13:41:00,Election Commission launched a rally focusing on Election Commission development.,498
9203,2025-10-26 13:41:30,Election Commission spoke about recent improvements in Election Commission.,2822
9204,2025-10-26 13:42:00,poll rally discussed the new poll rally policy in India.,1630
9205,2025-10-26 13:42:30,digital India discussed the new digital India policy in India.,2198
9206,2025-10-26 13:43:00,jobs launched a rally focusing on jobs development.,4329
9207,2025-10-26 13:43:30,healthcare highlighted challenges in healthcare programs.,4912
9208,2025-10-26 13:44:00,digital India urged citizens to support digital India initiatives.,3555
9209,2025-10-26 13:44:30,Election Commission promised better Election Commission opportunities for youth.,1515
9210,2025-10-26 13:45:00,infrastructure spoke about recent improvements in infrastructure.,4732
9211,2025-10-26 13:45:30,corruption debated on corruption reforms in Parliament.,272
9212,2025-10-26 13:46:00,poll rally criticized the opposition for poll rally issues.,3463
9213,2025-10-26 13:46:30,corruption highlighted challenges in corruption programs.,4294
9214,2025-10-26 13:47:00,Rahul Gandhi spoke about recent improvements in Rahul Gandhi.,2829
9215,2025-10-26 13:47:30,manifesto highlighted challenges in manifesto programs.,1556
9216,2025-10-26 13:48:00,Rahul Gandhi urged citizens to support Rahul Gandhi initiatives.,532
9217,2025-10-26 13:48:30,Rahul Gandhi spoke about recent improvements in Rahul Gandhi.,1590
9218,2025-10-26 13:49:00,development debated on development reforms in Parliament.,551
9219,2025-10-26 13:49:30,corruption spoke about recent improvements in corruption.,4506
9220,2025-10-26 13:50:00,corruption organized a large corruption awareness campaign.,74
9221,2025-10-26 13:50:30,Congress organized a large Congress awareness campaign.,358
9222,2025-10-26 13:51:00,jobs spoke about recent improvements in jobs.,2671
9223,2025-10-26 13:51:30,healthcare discussed the new healthcare policy in India.,3857
9224,2025-10-26 13:52:00,healthcare organized a large healthcare awareness campaign.,1701
9225,2025-10-26 13:52:30,corruption announced a major reform in corruption sector.,1076
9226,2025-10-26 13:53:00,Rahul Gandhi organized a large Rahul Gandhi awareness campaign.,3407
9227,2025-10-26 13:53:30,healthcare spoke about recent improvements in healthcare.,4335
9228,2025-10-26 13:54:00,Rahul Gandhi launched a rally focusing on Rahul Gandhi development.,1203
9229,2025-10-26 13:54:30,development discussed the new development policy in India.,1768
9230,2025-10-26 13:55:00,jobs promised better jobs opportunities for youth.,137
9231,2025-10-26 13:55:30,poll rally organized a large poll rally awareness campaign.,2890
9232,2025-10-26 13:56:00,Election Commission discussed the new Election Commission policy in India.,3067
9233,2025-10-26 13:56:30,BJP announced a major reform in BJP sector.,4326
9234,2025-10-26 13:57:00,jobs spoke about recent improvements in jobs.,1008
9235,2025-10-26 13:57:30,healthcare urged citizens to support healthcare initiatives.,2946
9236,2025-10-26 13:58:00,manifesto discussed the new manifesto policy in India.,4890
9237,2025-10-26 13:58:30,digital India launched a rally focusing on digital India development.,4543
9238,2025-10-26 13:59:00,digital India discussed the new digital India policy in India.,4361
9239,2025-10-26 13:59:30,development promised better development opportunities for youth.,2296
9240,2025-10-26 14:00:00,digital India debated on digital India reforms in Parliament.,1554
9241,2025-10-26 14:00:30,development promised better development opportunities for youth.,2003
9242,2025-10-26 14:01:00,BJP promised better BJP opportunities for youth.,47
9243,2025-10-26 14:01:30,education discussed the new education policy in India.,3795
9244,2025-10-26 14:02:00,corruption spoke about recent improvements in corruption.,2239
9245,2025-10-26 14:02:30,infrastructure highlighted challenges in infrastructure programs.,3831
9246,2025-10-26 14:03:00,Congress spoke about recent improvements in Congress.,2116
9247,2025-10-26 14:03:30,education announced a major reform in education sector.,3313
9248,2025-10-26 14:04:00,Rahul Gandhi debated on Rahul Gandhi reforms in Parliament.,3414
9249,2025-10-26 14:04:30,campaign debated on campaign reforms in Parliament.,1228
9250,2025-10-26 14:05:00,manifesto urged citizens to support manifesto initiatives.,3998
9251,2025-10-26 14:05:30,Rahul Gandhi spoke about recent improvements in Rahul Gandhi.,2043
9252,2025-10-26 14:06:00,healthcare launched a rally focusing on healthcare development.,2741
9253,2025-10-26 14:06:30,digital India launched a rally focusing on digital India development.,4026
9254,2025-10-26 14:07:00,digital India organized a large digital India awareness campaign.,3307
9255,2025-10-26 14:07:30,digital India criticized the opposition for digital India issues.,1793
9256,2025-10-26 14:08:00,Modi organized a large Modi awareness campaign.,1858
9257,2025-10-26 14:08:30,corruption announced a major reform in corruption sector.,1068
9258,2025-10-26 14:09:00,corruption discussed the new corruption policy in India.,1772
9259,2025-10-26 14:09:30,Rahul Gandhi promised better Rahul Gandhi opportunities for youth.,645
9260,2025-10-26 14:10:00,Modi urged citizens to support Modi initiatives.,3082
9261,2025-10-26 14:10:30,development debated on development reforms in Parliament.,3696
9262,2025-10-26 14:11:00,digital India urged citizens to support digital India initiatives.,882
9263,2025-10-26 14:11:30,Election Commission announced a major reform in Election Commission sector.,1457
9264,2025-10-26 14:12:00,healthcare launched a rally focusing on healthcare development.,3817
9265,2025-10-26 14:12:30,healthcare promised better healthcare opportunities for youth.,3980
9266,2025-10-26 14:13:00,Congress spoke about recent improvements in Congress.,3617
9267,2025-10-26 14:13:30,jobs promised better jobs opportunities for youth.,4313
9268,2025-10-26 14:14:00,Modi debated on Modi reforms in Parliament.,3927
9269,2025-10-26 14:14:30,BJP discussed the new BJP policy in India.,12
9270,2025-10-26 14:15:00,campaign promised better campaign opportunities for youth.,634
9271,2025-10-26 14:15:30,manifesto promised better manifesto opportunities for youth.,4124
9272,2025-10-26 14:16:00,Modi launched a rally focusing on Modi development.,3844
9273,2025-10-26 14:16:30,Modi promised better Modi opportunities for youth.,3969
9274,2025-10-26 14:17:00,Election Commission announced a major reform in Election Commission sector.,3059
9275,2025-10-26 14:17:30,campaign discussed the new campaign policy in India.,1726
9276,2025-10-26 14:18:00,education urged citizens to support education initiatives.,3159
9277,2025-10-26 14:18:30,poll rally discussed the new poll rally policy in India.,4234
9278,2025-10-26 14:19:00,Rahul Gandhi debated on Rahul Gandhi reforms in Parliament.,4444
9279,2025-10-26 14:19:30,healthcare promised better healthcare opportunities for youth.,3973
9280,2025-10-26 14:20:00,development debated on development reforms in Parliament.,4735
9281,2025-10-26 14:20:30,Rahul Gandhi organized a large Rahul Gandhi awareness campaign.,1686
9282,2025-10-26 14:21:00,development spoke about recent improvements in development.,2401
9283,2025-10-26 14:21:30,poll rally promised better poll rally opportunities for youth.,987
9284,2025-10-26 14:22:00,manifesto launched a rally focusing on manifesto development.,2541
9285,2025-10-26 14:22:30,Rahul Gandhi promised better Rahul Gandhi opportunities for youth.,3539
9286,2025-10-26 14:23:00,Election Commission urged citizens to support Election Commission initiatives.,4312
9287,2025-10-26 14:23:30,poll rally promised better poll rally opportunities for youth.,1154
9288,2025-10-26 14:24:00,healthcare urged citizens to support healthcare initiatives.,2821
9289,2025-10-26 14:24:30,corruption promised better corruption opportunities for youth.,1719
9290,2025-10-26 14:25:00,poll rally announced a major reform in poll rally sector.,4227
9291,2025-10-26 14:25:30,Congress highlighted challenges in Congress programs.,96
9292,2025-10-26 14:26:00,campaign spoke about recent improvements in campaign.,1507
9293,2025-10-26 14:26:30,infrastructure launched a rally focusing on infrastructure development.,4545
9294,2025-10-26 14:27:00,manifesto spoke about recent improvements in manifesto.,2450
9295,2025-10-26 14:27:30,Election Commission organized a large Election Commission awareness campaign.,1601
9296,2025-10-26 14:28:00,manifesto promised better manifesto opportunities for youth.,575
9297,2025-10-26 14:28:30,poll rally spoke about recent improvements in poll rally.,2244
9298,2025-10-26 14:29:00,Rahul Gandhi launched a rally focusing on Rahul Gandhi development.,941
9299,2025-10-26 14:29:30,Congress criticized the opposition for Congress issues.,1541
9300,2025-10-26 14:30:00,healthcare highlighted challenges in healthcare programs.,3090
9301,2025-10-26 14:30:30,campaign debated on campaign reforms in Parliament.,2947
9302,2025-10-26 14:31:00,development launched a rally focusing on development development.,2640
9303,2025-10-26 14:31:30,digital India launched a rally focusing on digital India development.,973
9304,2025-10-26 14:32:00,corruption announced a major reform in corruption sector.,430
9305,2025-10-26 14:32:30,manifesto debated on manifesto reforms in Parliament.,1598
9306,2025-10-26 14:33:00,education criticized the opposition for education issues.,2983
9307,2025-10-26 14:33:30,manifesto spoke about recent improvements in manifesto.,4622
9308,2025-10-26 14:34:00,education promised better education opportunities for youth.,315
9309,2025-10-26 14:34:30,BJP spoke about recent improvements in BJP.,4618
9310,2025-10-26 14:35:00,education discussed the new education policy in India.,4692
9311,2025-10-26 14:35:30,poll rally urged citizens to support poll rally initiatives.,2796
9312,2025-10-26 14:36:00,poll rally criticized the opposition for poll rally issues.,209
9313,2025-10-26 14:36:30,BJP launched a rally focusing on BJP development.,2362
9314,2025-10-26 14:37:00,Congress discussed the new Congress policy in India.,1821
9315,2025-10-26 14:37:30,development urged citizens to support development initiatives.,1794
9316,2025-10-26 14:38:00,poll rally debated on poll rally reforms in Parliament.,3646
9317,2025-10-26 14:38:30,infrastructure debated on infrastructure reforms in Parliament.,2884
9318,2025-10-26 14:39:00,corruption organized a large corruption awareness campaign.,3143
9319,2025-10-26 14:39:30,corruption highlighted challenges in corruption programs.,2405
9320,2025-10-26 14:40:00,healthcare launched a rally focusing on healthcare development.,3514
9321,2025-10-26 14:40:30,poll rally highlighted challenges in poll rally programs.,1964
9322,2025-10-26 14:41:00,digital India organized a large digital India awareness campaign.,649
9323,2025-10-26 14:41:30,manifesto launched a rally focusing on manifesto development.,2243
9324,2025-10-26 14:42:00,education criticized the opposition for education issues.,922
9325,2025-10-26 14:42:30,development promised better development opportunities for youth.,1536
9326,2025-10-26 14:43:00,BJP launched a rally focusing on BJP development.,658
9327,2025-10-26 14:43:30,infrastructure promised better infrastructure opportunities for youth.,445
9328,2025-10-26 14:44:00,Modi announced a major reform in Modi sector.,2719
9329,2025-10-26 14:44:30,poll rally promised better poll rally opportunities for youth.,3354
9330,2025-10-26 14:45:00,campaign urged citizens to support campaign initiatives.,837
9331,2025-10-26 14:45:30,manifesto debated on manifesto reforms in Parliament.,1754
9332,2025-10-26 14:46:00,campaign organized a large campaign awareness campaign.,201
9333,2025-10-26 14:46:30,manifesto urged citizens to support manifesto initiatives.,1135
9334,2025-10-26 14:47:00,poll rally debated on poll rally reforms in Parliament.,2729
9335,2025-10-26 14:47:30,development highlighted challenges in development programs.,3030
9336,2025-10-26 14:48:00,BJP promised better BJP opportunities for youth.,2972
9337,2025-10-26 14:48:30,poll rally organized a large poll rally awareness campaign.,1139
9338,2025-10-26 14:49:00,poll rally criticized the opposition for poll rally issues.,544
9339,2025-10-26 14:49:30,education announced a major reform in education sector.,3958
9340,2025-10-26 14:50:00,campaign criticized the opposition for campaign issues.,718
9341,2025-10-26 14:50:30,BJP urged citizens to support BJP initiatives.,1205
9342,2025-10-26 14:51:00,infrastructure debated on infrastructure reforms in Parliament.,4986
9343,2025-10-26 14:51:30,digital India promised better digital India opportunities for youth.,4129
9344,2025-10-26 14:52:00,digital India urged citizens to support digital India initiatives.,1715
9345,2025-10-26 14:52:30,campaign urged citizens to support campaign initiatives.,4934
9346,2025-10-26 14:53:00,Rahul Gandhi organized a large Rahul Gandhi awareness campaign.,4855
9347,2025-10-26 14:53:30,Modi discussed the new Modi policy in India.,1306
9348,2025-10-26 14:54:00,infrastructure spoke about recent improvements in infrastructure.,248
9349,2025-10-26 14:54:30,Modi highlighted challenges in Modi programs.,4352
9350,2025-10-26 14:55:00,Election Commission urged citizens to support Election Commission initiatives.,2029
9351,2025-10-26 14:55:30,Rahul Gandhi urged citizens to support Rahul Gandhi initiatives.,1399
9352,2025-10-26 14:56:00,development urged citizens to support development initiatives.,4722
9353,2025-10-26 14:56:30,infrastructure organized a large infrastructure awareness campaign.,864
9354,2025-10-26 14:57:00,Congress announced a major reform in Congress sector.,3369
9355,2025-10-26 14:57:30,Rahul Gandhi discussed the new Rahul Gandhi policy in India.,3226
9356,2025-10-26 14:58:00,development launched a rally focusing on development development.,1838
9357,2025-10-26 14:58:30,development promised better development opportunities for youth.,940
9358,2025-10-26 14:59:00,Congress debated on Congress reforms in Parliament.,3242
9359,2025-10-26 14:59:30,infrastructure launched a rally focusing on infrastructure development.,710
9360,2025-10-26 15:00:00,Modi highlighted challenges in Modi programs.,2680
9361,2025-10-26 15:00:30,manifesto spoke about recent improvements in manifesto.,1739
9362,2025-10-26 15:01:00,healthcare spoke about recent improvements in healthcare.,2164
9363,2025-10-26 15:01:30,poll rally highlighted challenges in poll rally programs.,1059
9364,2025-10-26 15:02:00,education promised better education opportunities for youth.,3372
9365,2025-10-26 15:02:30,Rahul Gandhi launched a rally focusing on Rahul Gandhi development.,1575
9366,2025-10-26 15:03:00,poll rally promised better poll rally opportunities for youth.,2779
9367,2025-10-26 15:03:30,infrastructure highlighted challenges in infrastructure programs.,3470
9368,2025-10-26 15:04:00,BJP launched a rally focusing on BJP development.,4485
9369,2025-10-26 15:04:30,Rahul Gandhi highlighted challenges in Rahul Gandhi programs.,446
9370,2025-10-26 15:05:00,poll rally launched a rally focusing on poll rally development.,2599
9371,2025-10-26 15:05:30,digital India promised better digital India opportunities for youth.,1990
9372,2025-10-26 15:06:00,campaign promised better campaign opportunities for youth.,1052
9373,2025-10-26 15:06:30,Congress discussed the new Congress policy in India.,267
9374,2025-10-26 15:07:00,digital India promised better digital India opportunities for youth.,1152
9375,2025-10-26 15:07:30,Modi organized a large Modi awareness campaign.,2719
9376,2025-10-26 15:08:00,healthcare debated on healthcare reforms in Parliament.,2268
9377,2025-10-26 15:08:30,healthcare criticized the opposition for healthcare issues.,3525
9378,2025-10-26 15:09:00,infrastructure announced a major reform in infrastructure sector.,2642
9379,2025-10-26 15:09:30,jobs urged citizens to support jobs initiatives.,2715
9380,2025-10-26 15:10:00,Rahul Gandhi promised better Rahul Gandhi opportunities for youth.,418
9381,2025-10-26 15:10:30,BJP promised better BJP opportunities for youth.,137
9382,2025-10-26 15:11:00,manifesto promised better manifesto opportunities for youth.,2609
9383,2025-10-26 15:11:30,Modi promised better Modi opportunities for youth.,693
9384,2025-10-26 15:12:00,BJP organized a large BJP awareness campaign.,577
9385,2025-10-26 15:12:30,digital India launched a rally focusing on digital India development.,1510
9386,2025-10-26 15:13:00,Rahul Gandhi promised better Rahul Gandhi opportunities for youth.,3020
9387,2025-10-26 15:13:30,education organized a large education awareness campaign.,4035
9388,2025-10-26 15:14:00,Election Commission highlighted challenges in Election Commission programs.,1466
9389,2025-10-26 15:14:30,jobs spoke about recent improvements in jobs.,2000
9390,2025-10-26 15:15:00,education debated on education reforms in Parliament.,3284
9391,2025-10-26 15:15:30,jobs announced a major reform in jobs sector.,2788
9392,2025-10-26 15:16:00,Rahul Gandhi highlighted challenges in Rahul Gandhi programs.,4768
9393,2025-10-26 15:16:30,Election Commission urged citizens to support Election Commission initiatives.,3433
9394,2025-10-26 15:17:00,Election Commission urged citizens to support Election Commission initiatives.,3191
9395,2025-10-26 15:17:30,Modi promised better Modi opportunities for youth.,4672
9396,2025-10-26 15:18:00,healthcare organized a large healthcare awareness campaign.,3135
9397,2025-10-26 15:18:30,Rahul Gandhi launched a rally focusing on Rahul Gandhi development.,2235
9398,2025-10-26 15:19:00,jobs announced a major reform in jobs sector.,4859
9399,2025-10-26 15:19:30,manifesto announced a major reform in manifesto sector.,2862
9400,2025-10-26 15:20:00,healthcare highlighted challenges in healthcare programs.,1231
9401,2025-10-26 15:20:30,development spoke about recent improvements in development.,2105
9402,2025-10-26 15:21:00,Election Commission debated on Election Commission reforms in Parliament.,3568
9403,2025-10-26 15:21:30,manifesto discussed the new manifesto policy in India.,4964
9404,2025-10-26 15:22:00,infrastructure organized a large infrastructure awareness campaign.,2739
9405,2025-10-26 15:22:30,Congress promised better Congress opportunities for youth.,374
9406,2025-10-26 15:23:00,jobs discussed the new jobs policy in India.,1163
9407,2025-10-26 15:23:30,manifesto urged citizens to support manifesto initiatives.,3790
9408,2025-10-26 15:24:00,Rahul Gandhi debated on Rahul Gandhi reforms in Parliament.,83
9409,2025-10-26 15:24:30,Election Commission promised better Election Commission opportunities for youth.,4339
9410,2025-10-26 15:25:00,Election Commission discussed the new Election Commission policy in India.,2867
9411,2025-10-26 15:25:30,campaign criticized the opposition for campaign issues.,100
9412,2025-10-26 15:26:00,Modi spoke about recent improvements in Modi.,3447
9413,2025-10-26 15:26:30,jobs criticized the opposition for jobs issues.,618
9414,2025-10-26 15:27:00,jobs highlighted challenges in jobs programs.,26
9415,2025-10-26 15:27:30,Rahul Gandhi organized a large Rahul Gandhi awareness campaign.,150
9416,2025-10-26 15:28:00,education criticized the opposition for education issues.,2656
9417,2025-10-26 15:28:30,infrastructure debated on infrastructure reforms in Parliament.,766
9418,2025-10-26 15:29:00,digital India spoke about recent improvements in digital India.,4235
9419,2025-10-26 15:29:30,jobs criticized the opposition for jobs issues.,3853
9420,2025-10-26 15:30:00,healthcare promised better healthcare opportunities for youth.,3386
9421,2025-10-26 15:30:30,jobs launched a rally focusing on jobs development.,2257
9422,2025-10-26 15:31:00,healthcare urged citizens to support healthcare initiatives.,2619
9423,2025-10-26 15:31:30,BJP highlighted challenges in BJP programs.,4942
9424,2025-10-26 15:32:00,Election Commission highlighted challenges in Election Commission programs.,2122
9425,2025-10-26 15:32:30,campaign launched a rally focusing on campaign development.,92
9426,2025-10-26 15:33:00,Modi debated on Modi reforms in Parliament.,2396
9427,2025-10-26 15:33:30,Congress urged citizens to support Congress initiatives.,2176
9428,2025-10-26 15:34:00,BJP organized a large BJP awareness campaign.,3786
9429,2025-10-26 15:34:30,healthcare criticized the opposition for healthcare issues.,3665
9430,2025-10-26 15:35:00,education announced a major reform in education sector.,3935
9431,2025-10-26 15:35:30,digital India highlighted challenges in digital India programs.,3984
9432,2025-10-26 15:36:00,campaign organized a large campaign awareness campaign.,1815
9433,2025-10-26 15:36:30,Congress announced a major reform in Congress sector.,464
9434,2025-10-26 15:37:00,poll rally organized a large poll rally awareness campaign.,2404
9435,2025-10-26 15:37:30,healthcare announced a major reform in healthcare sector.,4040
9436,2025-10-26 15:38:00,Rahul Gandhi launched a rally focusing on Rahul Gandhi development.,4259
9437,2025-10-26 15:38:30,Election Commission announced a major reform in Election Commission sector.,2986
9438,2025-10-26 15:39:00,infrastructure launched a rally focusing on infrastructure development.,2458
9439,2025-10-26 15:39:30,infrastructure announced a major reform in infrastructure sector.,648
9440,2025-10-26 15:40:00,BJP spoke about recent improvements in BJP.,1257
9441,2025-10-26 15:40:30,healthcare discussed the new healthcare policy in India.,269
9442,2025-10-26 15:41:00,Congress organized a large Congress awareness campaign.,1108
9443,2025-10-26 15:41:30,infrastructure discussed the new infrastructure policy in India.,2647
9444,2025-10-26 15:42:00,manifesto organized a large manifesto awareness campaign.,2616
9445,2025-10-26 15:42:30,healthcare discussed the new healthcare policy in India.,4412
9446,2025-10-26 15:43:00,healthcare discussed the new healthcare policy in India.,3927
9447,2025-10-26 15:43:30,education launched a rally focusing on education development.,4022
9448,2025-10-26 15:44:00,healthcare spoke about recent improvements in healthcare.,2954
9449,2025-10-26 15:44:30,Modi launched a rally focusing on Modi development.,1456
9450,2025-10-26 15:45:00,infrastructure announced a major reform in infrastructure sector.,4968
9451,2025-10-26 15:45:30,jobs announced a major reform in jobs sector.,1541
9452,2025-10-26 15:46:00,BJP urged citizens to support BJP initiatives.,3091
9453,2025-10-26 15:46:30,Election Commission announced a major reform in Election Commission sector.,3305
9454,2025-10-26 15:47:00,Election Commission criticized the opposition for Election Commission issues.,4212
9455,2025-10-26 15:47:30,development discussed the new development policy in India.,2094
9456,2025-10-26 15:48:00,Rahul Gandhi highlighted challenges in Rahul Gandhi programs.,346
9457,2025-10-26 15:48:30,healthcare debated on healthcare reforms in Parliament.,662
9458,2025-10-26 15:49:00,poll rally spoke about recent improvements in poll rally.,4810
9459,2025-10-26 15:49:30,Election Commission promised better Election Commission opportunities for youth.,2752
9460,2025-10-26 15:50:00,campaign debated on campaign reforms in Parliament.,3567
9461,2025-10-26 15:50:30,development criticized the opposition for development issues.,348
9462,2025-10-26 15:51:00,development criticized the opposition for development issues.,3883
9463,2025-10-26 15:51:30,campaign criticized the opposition for campaign issues.,326
9464,2025-10-26 15:52:00,development promised better development opportunities for youth.,4196
9465,2025-10-26 15:52:30,corruption launched a rally focusing on corruption development.,2728
9466,2025-10-26 15:53:00,Election Commission discussed the new Election Commission policy in India.,766
9467,2025-10-26 15:53:30,education spoke about recent improvements in education.,3562
9468,2025-10-26 15:54:00,jobs spoke about recent improvements in jobs.,1915
9469,2025-10-26 15:54:30,education debated on education reforms in Parliament.,3808
9470,2025-10-26 15:55:00,Congress launched a rally focusing on Congress development.,3278
9471,2025-10-26 15:55:30,infrastructure criticized the opposition for infrastructure issues.,3898
9472,2025-10-26 15:56:00,corruption promised better corruption opportunities for youth.,4345
9473,2025-10-26 15:56:30,Rahul Gandhi launched a rally focusing on Rahul Gandhi development.,3283
9474,2025-10-26 15:57:00,jobs announced a major reform in jobs sector.,210
9475,2025-10-26 15:57:30,Modi criticized the opposition for Modi issues.,2605
9476,2025-10-26 15:58:00,education announced a major reform in education sector.,3870
9477,2025-10-26 15:58:30,jobs spoke about recent improvements in jobs.,394
9478,2025-10-26 15:59:00,manifesto organized a large manifesto awareness campaign.,2550
9479,2025-10-26 15:59:30,corruption announced a major reform in corruption sector.,238
9480,2025-10-26 16:00:00,healthcare spoke about recent improvements in healthcare.,1320
9481,2025-10-26 16:00:30,Rahul Gandhi spoke about recent improvements in Rahul Gandhi.,3127
9482,2025-10-26 16:01:00,Rahul Gandhi organized a large Rahul Gandhi awareness campaign.,3927
9483,2025-10-26 16:01:30,infrastructure criticized the opposition for infrastructure issues.,2595
9484,2025-10-26 16:02:00,Rahul Gandhi urged citizens to support Rahul Gandhi initiatives.,59
9485,2025-10-26 16:02:30,BJP promised better BJP opportunities for youth.,360
9486,2025-10-26 16:03:00,Rahul Gandhi criticized the opposition for Rahul Gandhi issues.,4254
9487,2025-10-26 16:03:30,healthcare organized a large healthcare awareness campaign.,193
9488,2025-10-26 16:04:00,Modi launched a rally focusing on Modi development.,1517
9489,2025-10-26 16:04:30,Modi urged citizens to support Modi initiatives.,1593
9490,2025-10-26 16:05:00,BJP promised better BJP opportunities for youth.,1414
9491,2025-10-26 16:05:30,healthcare debated on healthcare reforms in Parliament.,2796
9492,2025-10-26 16:06:00,campaign launched a rally focusing on campaign development.,1148
9493,2025-10-26 16:06:30,Rahul Gandhi debated on Rahul Gandhi reforms in Parliament.,137
9494,2025-10-26 16:07:00,Election Commission announced a major reform in Election Commission sector.,1933
9495,2025-10-26 16:07:30,campaign discussed the new campaign policy in India.,2388
9496,2025-10-26 16:08:00,digital India highlighted challenges in digital India programs.,864
9497,2025-10-26 16:08:30,manifesto debated on manifesto reforms in Parliament.,1710
9498,2025-10-26 16:09:00,digital India promised better digital India opportunities for youth.,4133
9499,2025-10-26 16:09:30,development promised better development opportunities for youth.,45
9500,2025-10-26 16:10:00,corruption announced a major reform in corruption sector.,2457
9501,2025-10-26 16:10:30,Modi launched a rally focusing on Modi development.,4613
9502,2025-10-26 16:11:00,education discussed the new education policy in India.,1525
9503,2025-10-26 16:11:30,Modi highlighted challenges in Modi programs.,1281
9504,2025-10-26 16:12:00,campaign promised better campaign opportunities for youth.,4206
9505,2025-10-26 16:12:30,Rahul Gandhi urged citizens to support Rahul Gandhi initiatives.,3514
9506,2025-10-26 16:13:00,Election Commission launched a rally focusing on Election Commission development.,1555
9507,2025-10-26 16:13:30,poll rally announced a major reform in poll rally sector.,1956
9508,2025-10-26 16:14:00,corruption highlighted challenges in corruption programs.,1049
9509,2025-10-26 16:14:30,poll rally discussed the new poll rally policy in India.,36
9510,2025-10-26 16:15:00,Modi criticized the opposition for Modi issues.,3308
9511,2025-10-26 16:15:30,education criticized the opposition for education issues.,3422
9512,2025-10-26 16:16:00,Election Commission criticized the opposition for Election Commission issues.,3389
9513,2025-10-26 16:16:30,healthcare urged citizens to support healthcare initiatives.,4422
9514,2025-10-26 16:17:00,Rahul Gandhi debated on Rahul Gandhi reforms in Parliament.,241
9515,2025-10-26 16:17:30,BJP spoke about recent improvements in BJP.,2449
9516,2025-10-26 16:18:00,campaign criticized the opposition for campaign issues.,3524
9517,2025-10-26 16:18:30,campaign spoke about recent improvements in campaign.,2784
9518,2025-10-26 16:19:00,Congress spoke about recent improvements in Congress.,15
9519,2025-10-26 16:19:30,digital India highlighted challenges in digital India programs.,4736
9520,2025-10-26 16:20:00,manifesto discussed the new manifesto policy in India.,4876
9521,2025-10-26 16:20:30,jobs discussed the new jobs policy in India.,3233
9522,2025-10-26 16:21:00,healthcare debated on healthcare reforms in Parliament.,1555
9523,2025-10-26 16:21:30,infrastructure highlighted challenges in infrastructure programs.,4957
9524,2025-10-26 16:22:00,Rahul Gandhi announced a major reform in Rahul Gandhi sector.,1764
9525,2025-10-26 16:22:30,healthcare urged citizens to support healthcare initiatives.,2630
9526,2025-10-26 16:23:00,education spoke about recent improvements in education.,1015
9527,2025-10-26 16:23:30,Modi organized a large Modi awareness campaign.,859
9528,2025-10-26 16:24:00,Election Commission highlighted challenges in Election Commission programs.,4642
9529,2025-10-26 16:24:30,poll rally promised better poll rally opportunities for youth.,1082
9530,2025-10-26 16:25:00,infrastructure announced a major reform in infrastructure sector.,1090
9531,2025-10-26 16:25:30,BJP criticized the opposition for BJP issues.,4034
9532,2025-10-26 16:26:00,jobs discussed the new jobs policy in India.,1885
9533,2025-10-26 16:26:30,campaign debated on campaign reforms in Parliament.,1322
9534,2025-10-26 16:27:00,BJP highlighted challenges in BJP programs.,945
9535,2025-10-26 16:27:30,Election Commission launched a rally focusing on Election Commission development.,2510
9536,2025-10-26 16:28:00,BJP discussed the new BJP policy in India.,3571
9537,2025-10-26 16:28:30,Rahul Gandhi highlighted challenges in Rahul Gandhi programs.,425
9538,2025-10-26 16:29:00,BJP criticized the opposition for BJP issues.,1035
9539,2025-10-26 16:29:30,education highlighted challenges in education programs.,2191
9540,2025-10-26 16:30:00,campaign urged citizens to support campaign initiatives.,992
9541,2025-10-26 16:30:30,Rahul Gandhi highlighted challenges in Rahul Gandhi programs.,3086
9542,2025-10-26 16:31:00,manifesto promised better manifesto opportunities for youth.,4965
9543,2025-10-26 16:31:30,corruption discussed the new corruption policy in India.,4887
9544,2025-10-26 16:32:00,digital India spoke about recent improvements in digital India.,1131
9545,2025-10-26 16:32:30,healthcare criticized the opposition for healthcare issues.,1923
9546,2025-10-26 16:33:00,jobs urged citizens to support jobs initiatives.,1923
9547,2025-10-26 16:33:30,healthcare organized a large healthcare awareness campaign.,1309
9548,2025-10-26 16:34:00,development promised better development opportunities for youth.,1002
9549,2025-10-26 16:34:30,manifesto organized a large manifesto awareness campaign.,4992
9550,2025-10-26 16:35:00,poll rally debated on poll rally reforms in Parliament.,4824
9551,2025-10-26 16:35:30,manifesto announced a major reform in manifesto sector.,80
9552,2025-10-26 16:36:00,healthcare organized a large healthcare awareness campaign.,4317
9553,2025-10-26 16:36:30,education urged citizens to support education initiatives.,3401
9554,2025-10-26 16:37:00,corruption discussed the new corruption policy in India.,4069
9555,2025-10-26 16:37:30,manifesto criticized the opposition for manifesto issues.,3550
9556,2025-10-26 16:38:00,Election Commission spoke about recent improvements in Election Commission.,361
9557,2025-10-26 16:38:30,development announced a major reform in development sector.,3445
9558,2025-10-26 16:39:00,Modi debated on Modi reforms in Parliament.,1967
9559,2025-10-26 16:39:30,jobs urged citizens to support jobs initiatives.,1234
9560,2025-10-26 16:40:00,manifesto promised better manifesto opportunities for youth.,4676
9561,2025-10-26 16:40:30,education organized a large education awareness campaign.,1423
9562,2025-10-26 16:41:00,infrastructure organized a large infrastructure awareness campaign.,2529
9563,2025-10-26 16:41:30,manifesto criticized the opposition for manifesto issues.,1622
9564,2025-10-26 16:42:00,poll rally launched a rally focusing on poll rally development.,4180
9565,2025-10-26 16:42:30,healthcare discussed the new healthcare policy in India.,2654
9566,2025-10-26 16:43:00,digital India organized a large digital India awareness campaign.,1665
9567,2025-10-26 16:43:30,Rahul Gandhi urged citizens to support Rahul Gandhi initiatives.,495
9568,2025-10-26 16:44:00,jobs discussed the new jobs policy in India.,603
9569,2025-10-26 16:44:30,Rahul Gandhi debated on Rahul Gandhi reforms in Parliament.,1641
9570,2025-10-26 16:45:00,digital India announced a major reform in digital India sector.,1114
9571,2025-10-26 16:45:30,Election Commission organized a large Election Commission awareness campaign.,468
9572,2025-10-26 16:46:00,Congress debated on Congress reforms in Parliament.,993
9573,2025-10-26 16:46:30,education launched a rally focusing on education development.,1644
9574,2025-10-26 16:47:00,jobs criticized the opposition for jobs issues.,1625
9575,2025-10-26 16:47:30,Congress launched a rally focusing on Congress development.,4395
9576,2025-10-26 16:48:00,Election Commission highlighted challenges in Election Commission programs.,546
9577,2025-10-26 16:48:30,jobs urged citizens to support jobs initiatives.,2622
9578,2025-10-26 16:49:00,campaign organized a large campaign awareness campaign.,4336
9579,2025-10-26 16:49:30,education promised better education opportunities for youth.,967
9580,2025-10-26 16:50:00,manifesto debated on manifesto reforms in Parliament.,2067
9581,2025-10-26 16:50:30,digital India announced a major reform in digital India sector.,1051
9582,2025-10-26 16:51:00,Rahul Gandhi debated on Rahul Gandhi reforms in Parliament.,59
9583,2025-10-26 16:51:30,Rahul Gandhi announced a major reform in Rahul Gandhi sector.,4049
9584,2025-10-26 16:52:00,infrastructure highlighted challenges in infrastructure programs.,4828
9585,2025-10-26 16:52:30,Election Commission launched a rally focusing on Election Commission development.,437
9586,2025-10-26 16:53:00,Congress spoke about recent improvements in Congress.,764
9587,2025-10-26 16:53:30,healthcare debated on healthcare reforms in Parliament.,2237
9588,2025-10-26 16:54:00,development spoke about recent improvements in development.,3223
9589,2025-10-26 16:54:30,healthcare highlighted challenges in healthcare programs.,4513
9590,2025-10-26 16:55:00,Congress debated on Congress reforms in Parliament.,3709
9591,2025-10-26 16:55:30,manifesto organized a large manifesto awareness campaign.,450
9592,2025-10-26 16:56:00,healthcare highlighted challenges in healthcare programs.,3933
9593,2025-10-26 16:56:30,Congress discussed the new Congress policy in India.,3674
9594,2025-10-26 16:57:00,education announced a major reform in education sector.,1217
9595,2025-10-26 16:57:30,digital India launched a rally focusing on digital India development.,259
9596,2025-10-26 16:58:00,development organized a large development awareness campaign.,3513
9597,2025-10-26 16:58:30,jobs criticized the opposition for jobs issues.,3327
9598,2025-10-26 16:59:00,Election Commission discussed the new Election Commission policy in India.,4625
9599,2025-10-26 16:59:30,jobs promised better jobs opportunities for youth.,2898
9600,2025-10-26 17:00:00,jobs organized a large jobs awareness campaign.,2631
9601,2025-10-26 17:00:30,Modi announced a major reform in Modi sector.,3453
9602,2025-10-26 17:01:00,Election Commission promised better Election Commission opportunities for youth.,4586
9603,2025-10-26 17:01:30,poll rally organized a large poll rally awareness campaign.,3355
9604,2025-10-26 17:02:00,BJP highlighted challenges in BJP programs.,3285
9605,2025-10-26 17:02:30,manifesto announced a major reform in manifesto sector.,4118
9606,2025-10-26 17:03:00,infrastructure organized a large infrastructure awareness campaign.,4564
9607,2025-10-26 17:03:30,Election Commission urged citizens to support Election Commission initiatives.,1583
9608,2025-10-26 17:04:00,jobs spoke about recent improvements in jobs.,2654
9609,2025-10-26 17:04:30,Rahul Gandhi debated on Rahul Gandhi reforms in Parliament.,32
9610,2025-10-26 17:05:00,jobs urged citizens to support jobs initiatives.,3521
9611,2025-10-26 17:05:30,education organized a large education awareness campaign.,3336
9612,2025-10-26 17:06:00,Congress highlighted challenges in Congress programs.,3352
9613,2025-10-26 17:06:30,development spoke about recent improvements in development.,729
9614,2025-10-26 17:07:00,manifesto promised better manifesto opportunities for youth.,2690
9615,2025-10-26 17:07:30,Election Commission discussed the new Election Commission policy in India.,4166
9616,2025-10-26 17:08:00,healthcare criticized the opposition for healthcare issues.,487
9617,2025-10-26 17:08:30,Congress criticized the opposition for Congress issues.,1001
9618,2025-10-26 17:09:00,campaign discussed the new campaign policy in India.,428
9619,2025-10-26 17:09:30,infrastructure announced a major reform in infrastructure sector.,2119
9620,2025-10-26 17:10:00,Election Commission highlighted challenges in Election Commission programs.,2883
9621,2025-10-26 17:10:30,development spoke about recent improvements in development.,988
9622,2025-10-26 17:11:00,Rahul Gandhi promised better Rahul Gandhi opportunities for youth.,4180
9623,2025-10-26 17:11:30,Election Commission criticized the opposition for Election Commission issues.,4317
9624,2025-10-26 17:12:00,education debated on education reforms in Parliament.,3721
9625,2025-10-26 17:12:30,digital India announced a major reform in digital India sector.,4713
9626,2025-10-26 17:13:00,development discussed the new development policy in India.,4194
9627,2025-10-26 17:13:30,campaign discussed the new campaign policy in India.,4131
9628,2025-10-26 17:14:00,BJP urged citizens to support BJP initiatives.,2676
9629,2025-10-26 17:14:30,development promised better development opportunities for youth.,771
9630,2025-10-26 17:15:00,infrastructure organized a large infrastructure awareness campaign.,2285
9631,2025-10-26 17:15:30,jobs announced a major reform in jobs sector.,2474
9632,2025-10-26 17:16:00,education organized a large education awareness campaign.,4281
9633,2025-10-26 17:16:30,BJP launched a rally focusing on BJP development.,1081
9634,2025-10-26 17:17:00,development spoke about recent improvements in development.,426
9635,2025-10-26 17:17:30,digital India promised better digital India opportunities for youth.,708
9636,2025-10-26 17:18:00,digital India organized a large digital India awareness campaign.,4065
9637,2025-10-26 17:18:30,infrastructure launched a rally focusing on infrastructure development.,2465
9638,2025-10-26 17:19:00,Election Commission organized a large Election Commission awareness campaign.,3170
9639,2025-10-26 17:19:30,Congress launched a rally focusing on Congress development.,2973
9640,2025-10-26 17:20:00,BJP spoke about recent improvements in BJP.,3681
9641,2025-10-26 17:20:30,BJP promised better BJP opportunities for youth.,1977
9642,2025-10-26 17:21:00,digital India spoke about recent improvements in digital India.,2211
9643,2025-10-26 17:21:30,corruption organized a large corruption awareness campaign.,3143
9644,2025-10-26 17:22:00,education discussed the new education policy in India.,1092
9645,2025-10-26 17:22:30,development criticized the opposition for development issues.,1499
9646,2025-10-26 17:23:00,manifesto discussed the new manifesto policy in India.,1655
9647,2025-10-26 17:23:30,Modi criticized the opposition for Modi issues.,4896
9648,2025-10-26 17:24:00,education spoke about recent improvements in education.,3283
9649,2025-10-26 17:24:30,healthcare organized a large healthcare awareness campaign.,4009
9650,2025-10-26 17:25:00,corruption criticized the opposition for corruption issues.,872
9651,2025-10-26 17:25:30,Modi promised better Modi opportunities for youth.,4259
9652,2025-10-26 17:26:00,development announced a major reform in development sector.,3237
9653,2025-10-26 17:26:30,healthcare highlighted challenges in healthcare programs.,3359
9654,2025-10-26 17:27:00,campaign highlighted challenges in campaign programs.,137
9655,2025-10-26 17:27:30,digital India criticized the opposition for digital India issues.,4427
9656,2025-10-26 17:28:00,infrastructure launched a rally focusing on infrastructure development.,4779
9657,2025-10-26 17:28:30,Congress promised better Congress opportunities for youth.,1006
9658,2025-10-26 17:29:00,poll rally organized a large poll rally awareness campaign.,3487
9659,2025-10-26 17:29:30,manifesto launched a rally focusing on manifesto development.,3097
9660,2025-10-26 17:30:00,jobs urged citizens to support jobs initiatives.,306
9661,2025-10-26 17:30:30,poll rally announced a major reform in poll rally sector.,1991
9662,2025-10-26 17:31:00,education promised better education opportunities for youth.,1488
9663,2025-10-26 17:31:30,manifesto promised better manifesto opportunities for youth.,1189
9664,2025-10-26 17:32:00,Congress launched a rally focusing on Congress development.,4135
9665,2025-10-26 17:32:30,Modi discussed the new Modi policy in India.,3507
9666,2025-10-26 17:33:00,poll rally announced a major reform in poll rally sector.,4629
9667,2025-10-26 17:33:30,education spoke about recent improvements in education.,3049
9668,2025-10-26 17:34:00,Election Commission highlighted challenges in Election Commission programs.,113
9669,2025-10-26 17:34:30,development announced a major reform in development sector.,778
9670,2025-10-26 17:35:00,Rahul Gandhi announced a major reform in Rahul Gandhi sector.,4229
9671,2025-10-26 17:35:30,jobs debated on jobs reforms in Parliament.,2059
9672,2025-10-26 17:36:00,Election Commission highlighted challenges in Election Commission programs.,4833
9673,2025-10-26 17:36:30,BJP promised better BJP opportunities for youth.,3129
9674,2025-10-26 17:37:00,poll rally launched a rally focusing on poll rally development.,2030
9675,2025-10-26 17:37:30,digital India spoke about recent improvements in digital India.,4972
9676,2025-10-26 17:38:00,manifesto discussed the new manifesto policy in India.,2104
9677,2025-10-26 17:38:30,digital India launched a rally focusing on digital India development.,3966
9678,2025-10-26 17:39:00,Modi urged citizens to support Modi initiatives.,2145
9679,2025-10-26 17:39:30,Election Commission criticized the opposition for Election Commission issues.,1067
9680,2025-10-26 17:40:00,infrastructure urged citizens to support infrastructure initiatives.,3624
9681,2025-10-26 17:40:30,Election Commission discussed the new Election Commission policy in India.,1407
9682,2025-10-26 17:41:00,campaign announced a major reform in campaign sector.,2773
9683,2025-10-26 17:41:30,jobs discussed the new jobs policy in India.,2255
9684,2025-10-26 17:42:00,Congress promised better Congress opportunities for youth.,3319
9685,2025-10-26 17:42:30,Rahul Gandhi debated on Rahul Gandhi reforms in Parliament.,1256
9686,2025-10-26 17:43:00,digital India discussed the new digital India policy in India.,2145
9687,2025-10-26 17:43:30,Modi spoke about recent improvements in Modi.,1350
9688,2025-10-26 17:44:00,corruption promised better corruption opportunities for youth.,1780
9689,2025-10-26 17:44:30,poll rally urged citizens to support poll rally initiatives.,3442
9690,2025-10-26 17:45:00,digital India criticized the opposition for digital India issues.,4778
9691,2025-10-26 17:45:30,Modi announced a major reform in Modi sector.,1554
9692,2025-10-26 17:46:00,Modi debated on Modi reforms in Parliament.,3093
9693,2025-10-26 17:46:30,healthcare debated on healthcare reforms in Parliament.,3149
9694,2025-10-26 17:47:00,healthcare organized a large healthcare awareness campaign.,2757
9695,2025-10-26 17:47:30,poll rally announced a major reform in poll rally sector.,4066
9696,2025-10-26 17:48:00,poll rally promised better poll rally opportunities for youth.,1557
9697,2025-10-26 17:48:30,Congress promised better Congress opportunities for youth.,1587
9698,2025-10-26 17:49:00,campaign criticized the opposition for campaign issues.,2942
9699,2025-10-26 17:49:30,poll rally debated on poll rally reforms in Parliament.,3909
9700,2025-10-26 17:50:00,education spoke about recent improvements in education.,3500
9701,2025-10-26 17:50:30,BJP spoke about recent improvements in BJP.,12
9702,2025-10-26 17:51:00,healthcare announced a major reform in healthcare sector.,4813
9703,2025-10-26 17:51:30,education highlighted challenges in education programs.,2956
9704,2025-10-26 17:52:00,Rahul Gandhi discussed the new Rahul Gandhi policy in India.,2122
9705,2025-10-26 17:52:30,Election Commission organized a large Election Commission awareness campaign.,1759
9706,2025-10-26 17:53:00,manifesto spoke about recent improvements in manifesto.,2414
9707,2025-10-26 17:53:30,infrastructure debated on infrastructure reforms in Parliament.,1895
9708,2025-10-26 17:54:00,digital India promised better digital India opportunities for youth.,2782
9709,2025-10-26 17:54:30,manifesto organized a large manifesto awareness campaign.,324
9710,2025-10-26 17:55:00,Rahul Gandhi highlighted challenges in Rahul Gandhi programs.,3935
9711,2025-10-26 17:55:30,infrastructure criticized the opposition for infrastructure issues.,2282
9712,2025-10-26 17:56:00,manifesto discussed the new manifesto policy in India.,316
9713,2025-10-26 17:56:30,campaign criticized the opposition for campaign issues.,1601
9714,2025-10-26 17:57:00,education promised better education opportunities for youth.,4647
9715,2025-10-26 17:57:30,healthcare promised better healthcare opportunities for youth.,3055
9716,2025-10-26 17:58:00,digital India urged citizens to support digital India initiatives.,2177
9717,2025-10-26 17:58:30,digital India launched a rally focusing on digital India development.,2567
9718,2025-10-26 17:59:00,Rahul Gandhi organized a large Rahul Gandhi awareness campaign.,3351
9719,2025-10-26 17:59:30,BJP announced a major reform in BJP sector.,1797
9720,2025-10-26 18:00:00,BJP launched a rally focusing on BJP development.,524
9721,2025-10-26 18:00:30,Congress spoke about recent improvements in Congress.,367
9722,2025-10-26 18:01:00,manifesto launched a rally focusing on manifesto development.,3338
9723,2025-10-26 18:01:30,manifesto discussed the new manifesto policy in India.,94
9724,2025-10-26 18:02:00,corruption criticized the opposition for corruption issues.,912
9725,2025-10-26 18:02:30,jobs organized a large jobs awareness campaign.,4606
9726,2025-10-26 18:03:00,development announced a major reform in development sector.,3255
9727,2025-10-26 18:03:30,development highlighted challenges in development programs.,115
9728,2025-10-26 18:04:00,BJP organized a large BJP awareness campaign.,4902
9729,2025-10-26 18:04:30,digital India highlighted challenges in digital India programs.,4215
9730,2025-10-26 18:05:00,poll rally debated on poll rally reforms in Parliament.,3596
9731,2025-10-26 18:05:30,BJP launched a rally focusing on BJP development.,3260
9732,2025-10-26 18:06:00,healthcare organized a large healthcare awareness campaign.,211
9733,2025-10-26 18:06:30,jobs criticized the opposition for jobs issues.,417
9734,2025-10-26 18:07:00,Congress launched a rally focusing on Congress development.,3848
9735,2025-10-26 18:07:30,digital India organized a large digital India awareness campaign.,2261
9736,2025-10-26 18:08:00,BJP discussed the new BJP policy in India.,4136
9737,2025-10-26 18:08:30,development promised better development opportunities for youth.,285
9738,2025-10-26 18:09:00,infrastructure discussed the new infrastructure policy in India.,3449
9739,2025-10-26 18:09:30,education launched a rally focusing on education development.,4318
9740,2025-10-26 18:10:00,Congress highlighted challenges in Congress programs.,1517
9741,2025-10-26 18:10:30,education highlighted challenges in education programs.,2303
9742,2025-10-26 18:11:00,healthcare discussed the new healthcare policy in India.,1693
9743,2025-10-26 18:11:30,education urged citizens to support education initiatives.,358
9744,2025-10-26 18:12:00,infrastructure organized a large infrastructure awareness campaign.,4515
9745,2025-10-26 18:12:30,Election Commission promised better Election Commission opportunities for youth.,2813
9746,2025-10-26 18:13:00,Rahul Gandhi spoke about recent improvements in Rahul Gandhi.,4859
9747,2025-10-26 18:13:30,corruption promised better corruption opportunities for youth.,2275
9748,2025-10-26 18:14:00,healthcare urged citizens to support healthcare initiatives.,1786
9749,2025-10-26 18:14:30,corruption criticized the opposition for corruption issues.,3853
9750,2025-10-26 18:15:00,healthcare discussed the new healthcare policy in India.,747
9751,2025-10-26 18:15:30,Congress criticized the opposition for Congress issues.,2025
9752,2025-10-26 18:16:00,jobs organized a large jobs awareness campaign.,1131
9753,2025-10-26 18:16:30,Modi discussed the new Modi policy in India.,2739
9754,2025-10-26 18:17:00,jobs criticized the opposition for jobs issues.,1186
9755,2025-10-26 18:17:30,BJP highlighted challenges in BJP programs.,580
9756,2025-10-26 18:18:00,digital India launched a rally focusing on digital India development.,4257
9757,2025-10-26 18:18:30,Modi spoke about recent improvements in Modi.,3760
9758,2025-10-26 18:19:00,corruption highlighted challenges in corruption programs.,3451
9759,2025-10-26 18:19:30,jobs spoke about recent improvements in jobs.,609
9760,2025-10-26 18:20:00,infrastructure launched a rally focusing on infrastructure development.,433
9761,2025-10-26 18:20:30,Rahul Gandhi urged citizens to support Rahul Gandhi initiatives.,3560
9762,2025-10-26 18:21:00,infrastructure promised better infrastructure opportunities for youth.,3783
9763,2025-10-26 18:21:30,digital India spoke about recent improvements in digital India.,1023
9764,2025-10-26 18:22:00,infrastructure promised better infrastructure opportunities for youth.,1194
9765,2025-10-26 18:22:30,Modi urged citizens to support Modi initiatives.,27
9766,2025-10-26 18:23:00,digital India highlighted challenges in digital India programs.,1678
9767,2025-10-26 18:23:30,Rahul Gandhi criticized the opposition for Rahul Gandhi issues.,4895
9768,2025-10-26 18:24:00,education promised better education opportunities for youth.,1970
9769,2025-10-26 18:24:30,Modi urged citizens to support Modi initiatives.,4004
9770,2025-10-26 18:25:00,infrastructure announced a major reform in infrastructure sector.,1835
9771,2025-10-26 18:25:30,Rahul Gandhi urged citizens to support Rahul Gandhi initiatives.,1700
9772,2025-10-26 18:26:00,poll rally promised better poll rally opportunities for youth.,691
9773,2025-10-26 18:26:30,Rahul Gandhi organized a large Rahul Gandhi awareness campaign.,4863
9774,2025-10-26 18:27:00,Modi debated on Modi reforms in Parliament.,2063
9775,2025-10-26 18:27:30,Modi promised better Modi opportunities for youth.,4178
9776,2025-10-26 18:28:00,Modi promised better Modi opportunities for youth.,1589
9777,2025-10-26 18:28:30,Rahul Gandhi highlighted challenges in Rahul Gandhi programs.,2475
9778,2025-10-26 18:29:00,digital India highlighted challenges in digital India programs.,1828
9779,2025-10-26 18:29:30,Modi promised better Modi opportunities for youth.,4213
9780,2025-10-26 18:30:00,corruption criticized the opposition for corruption issues.,3673
9781,2025-10-26 18:30:30,healthcare debated on healthcare reforms in Parliament.,1721
9782,2025-10-26 18:31:00,development highlighted challenges in development programs.,2301
9783,2025-10-26 18:31:30,Congress urged citizens to support Congress initiatives.,1939
9784,2025-10-26 18:32:00,poll rally announced a major reform in poll rally sector.,2368
9785,2025-10-26 18:32:30,jobs announced a major reform in jobs sector.,622
9786,2025-10-26 18:33:00,development urged citizens to support development initiatives.,4021
9787,2025-10-26 18:33:30,Rahul Gandhi promised better Rahul Gandhi opportunities for youth.,1236
9788,2025-10-26 18:34:00,Rahul Gandhi criticized the opposition for Rahul Gandhi issues.,4601
9789,2025-10-26 18:34:30,poll rally debated on poll rally reforms in Parliament.,3291
9790,2025-10-26 18:35:00,Modi spoke about recent improvements in Modi.,4359
9791,2025-10-26 18:35:30,Modi discussed the new Modi policy in India.,537
9792,2025-10-26 18:36:00,Modi highlighted challenges in Modi programs.,4019
9793,2025-10-26 18:36:30,jobs launched a rally focusing on jobs development.,4470
9794,2025-10-26 18:37:00,Rahul Gandhi highlighted challenges in Rahul Gandhi programs.,3000
9795,2025-10-26 18:37:30,Congress discussed the new Congress policy in India.,3698
9796,2025-10-26 18:38:00,development debated on development reforms in Parliament.,1973
9797,2025-10-26 18:38:30,Congress highlighted challenges in Congress programs.,2119
9798,2025-10-26 18:39:00,campaign discussed the new campaign policy in India.,4527
9799,2025-10-26 18:39:30,manifesto urged citizens to support manifesto initiatives.,3211
9800,2025-10-26 18:40:00,Election Commission debated on Election Commission reforms in Parliament.,3682
9801,2025-10-26 18:40:30,Election Commission criticized the opposition for Election Commission issues.,4250
9802,2025-10-26 18:41:00,education spoke about recent improvements in education.,4327
9803,2025-10-26 18:41:30,Modi criticized the opposition for Modi issues.,3284
9804,2025-10-26 18:42:00,development spoke about recent improvements in development.,1223
9805,2025-10-26 18:42:30,jobs announced a major reform in jobs sector.,4241
9806,2025-10-26 18:43:00,BJP launched a rally focusing on BJP development.,1160
9807,2025-10-26 18:43:30,healthcare debated on healthcare reforms in Parliament.,251
9808,2025-10-26 18:44:00,Congress announced a major reform in Congress sector.,464
9809,2025-10-26 18:44:30,digital India launched a rally focusing on digital India development.,4208
9810,2025-10-26 18:45:00,campaign promised better campaign opportunities for youth.,278
9811,2025-10-26 18:45:30,manifesto criticized the opposition for manifesto issues.,721
9812,2025-10-26 18:46:00,manifesto urged citizens to support manifesto initiatives.,4641
9813,2025-10-26 18:46:30,poll rally criticized the opposition for poll rally issues.,935
9814,2025-10-26 18:47:00,poll rally launched a rally focusing on poll rally development.,1153
9815,2025-10-26 18:47:30,digital India debated on digital India reforms in Parliament.,716
9816,2025-10-26 18:48:00,Rahul Gandhi debated on Rahul Gandhi reforms in Parliament.,3798
9817,2025-10-26 18:48:30,BJP highlighted challenges in BJP programs.,651
9818,2025-10-26 18:49:00,education debated on education reforms in Parliament.,4804
9819,2025-10-26 18:49:30,development debated on development reforms in Parliament.,2364
9820,2025-10-26 18:50:00,manifesto launched a rally focusing on manifesto development.,1478
9821,2025-10-26 18:50:30,infrastructure criticized the opposition for infrastructure issues.,1865
9822,2025-10-26 18:51:00,healthcare discussed the new healthcare policy in India.,3813
9823,2025-10-26 18:51:30,education highlighted challenges in education programs.,4422
9824,2025-10-26 18:52:00,Congress launched a rally focusing on Congress development.,979
9825,2025-10-26 18:52:30,digital India launched a rally focusing on digital India development.,1851
9826,2025-10-26 18:53:00,manifesto debated on manifesto reforms in Parliament.,1138
9827,2025-10-26 18:53:30,infrastructure launched a rally focusing on infrastructure development.,4466
9828,2025-10-26 18:54:00,BJP promised better BJP opportunities for youth.,3816
9829,2025-10-26 18:54:30,Rahul Gandhi discussed the new Rahul Gandhi policy in India.,2372
9830,2025-10-26 18:55:00,jobs spoke about recent improvements in jobs.,4152
9831,2025-10-26 18:55:30,education spoke about recent improvements in education.,1506
9832,2025-10-26 18:56:00,Election Commission announced a major reform in Election Commission sector.,4258
9833,2025-10-26 18:56:30,jobs launched a rally focusing on jobs development.,3956
9834,2025-10-26 18:57:00,manifesto launched a rally focusing on manifesto development.,3368
9835,2025-10-26 18:57:30,infrastructure urged citizens to support infrastructure initiatives.,4776
9836,2025-10-26 18:58:00,digital India spoke about recent improvements in digital India.,2274
9837,2025-10-26 18:58:30,infrastructure organized a large infrastructure awareness campaign.,4216
9838,2025-10-26 18:59:00,BJP debated on BJP reforms in Parliament.,156
9839,2025-10-26 18:59:30,poll rally announced a major reform in poll rally sector.,338
9840,2025-10-26 19:00:00,BJP highlighted challenges in BJP programs.,1988
9841,2025-10-26 19:00:30,Congress announced a major reform in Congress sector.,2933
9842,2025-10-26 19:01:00,campaign highlighted challenges in campaign programs.,846
9843,2025-10-26 19:01:30,development organized a large development awareness campaign.,1486
9844,2025-10-26 19:02:00,poll rally debated on poll rally reforms in Parliament.,4796
9845,2025-10-26 19:02:30,poll rally criticized the opposition for poll rally issues.,33
9846,2025-10-26 19:03:00,BJP urged citizens to support BJP initiatives.,1385
9847,2025-10-26 19:03:30,digital India urged citizens to support digital India initiatives.,2395
9848,2025-10-26 19:04:00,education debated on education reforms in Parliament.,2248
9849,2025-10-26 19:04:30,poll rally highlighted challenges in poll rally programs.,2505
9850,2025-10-26 19:05:00,Congress spoke about recent improvements in Congress.,3097
9851,2025-10-26 19:05:30,poll rally announced a major reform in poll rally sector.,136
9852,2025-10-26 19:06:00,Election Commission criticized the opposition for Election Commission issues.,3935
9853,2025-10-26 19:06:30,Congress urged citizens to support Congress initiatives.,3774
9854,2025-10-26 19:07:00,BJP promised better BJP opportunities for youth.,4537
9855,2025-10-26 19:07:30,Modi debated on Modi reforms in Parliament.,1270
9856,2025-10-26 19:08:00,healthcare criticized the opposition for healthcare issues.,2203
9857,2025-10-26 19:08:30,development promised better development opportunities for youth.,3573
9858,2025-10-26 19:09:00,Modi criticized the opposition for Modi issues.,4529
9859,2025-10-26 19:09:30,manifesto criticized the opposition for manifesto issues.,2252
9860,2025-10-26 19:10:00,campaign spoke about recent improvements in campaign.,299
9861,2025-10-26 19:10:30,campaign highlighted challenges in campaign programs.,122
9862,2025-10-26 19:11:00,development debated on development reforms in Parliament.,2347
9863,2025-10-26 19:11:30,education criticized the opposition for education issues.,781
9864,2025-10-26 19:12:00,digital India urged citizens to support digital India initiatives.,520
9865,2025-10-26 19:12:30,healthcare debated on healthcare reforms in Parliament.,698
9866,2025-10-26 19:13:00,education launched a rally focusing on education development.,104
9867,2025-10-26 19:13:30,education announced a major reform in education sector.,4477
9868,2025-10-26 19:14:00,Modi promised better Modi opportunities for youth.,4032
9869,2025-10-26 19:14:30,corruption promised better corruption opportunities for youth.,1236
9870,2025-10-26 19:15:00,manifesto announced a major reform in manifesto sector.,1956
9871,2025-10-26 19:15:30,education spoke about recent improvements in education.,2176
9872,2025-10-26 19:16:00,poll rally debated on poll rally reforms in Parliament.,1558
9873,2025-10-26 19:16:30,Congress discussed the new Congress policy in India.,1990
9874,2025-10-26 19:17:00,manifesto debated on manifesto reforms in Parliament.,625
9875,2025-10-26 19:17:30,poll rally debated on poll rally reforms in Parliament.,4085
9876,2025-10-26 19:18:00,education organized a large education awareness campaign.,1514
9877,2025-10-26 19:18:30,corruption urged citizens to support corruption initiatives.,3743
9878,2025-10-26 19:19:00,jobs spoke about recent improvements in jobs.,995
9879,2025-10-26 19:19:30,jobs announced a major reform in jobs sector.,1067
9880,2025-10-26 19:20:00,healthcare promised better healthcare opportunities for youth.,1327
9881,2025-10-26 19:20:30,Modi criticized the opposition for Modi issues.,2071
9882,2025-10-26 19:21:00,campaign spoke about recent improvements in campaign.,4452
9883,2025-10-26 19:21:30,Election Commission highlighted challenges in Election Commission programs.,2855
9884,2025-10-26 19:22:00,Congress criticized the opposition for Congress issues.,1640
9885,2025-10-26 19:22:30,digital India highlighted challenges in digital India programs.,4327
9886,2025-10-26 19:23:00,Congress spoke about recent improvements in Congress.,4115
9887,2025-10-26 19:23:30,development promised better development opportunities for youth.,2232
9888,2025-10-26 19:24:00,education announced a major reform in education sector.,765
9889,2025-10-26 19:24:30,development criticized the opposition for development issues.,316
9890,2025-10-26 19:25:00,Election Commission organized a large Election Commission awareness campaign.,851
9891,2025-10-26 19:25:30,infrastructure discussed the new infrastructure policy in India.,4392
9892,2025-10-26 19:26:00,development urged citizens to support development initiatives.,2771
9893,2025-10-26 19:26:30,development promised better development opportunities for youth.,4319
9894,2025-10-26 19:27:00,healthcare promised better healthcare opportunities for youth.,1704
9895,2025-10-26 19:27:30,Rahul Gandhi highlighted challenges in Rahul Gandhi programs.,4068
9896,2025-10-26 19:28:00,education discussed the new education policy in India.,4020
9897,2025-10-26 19:28:30,manifesto criticized the opposition for manifesto issues.,1363
9898,2025-10-26 19:29:00,Rahul Gandhi announced a major reform in Rahul Gandhi sector.,2747
9899,2025-10-26 19:29:30,corruption promised better corruption opportunities for youth.,4781
9900,2025-10-26 19:30:00,healthcare promised better healthcare opportunities for youth.,3807
9901,2025-10-26 19:30:30,Congress launched a rally focusing on Congress development.,2222
9902,2025-10-26 19:31:00,jobs debated on jobs reforms in Parliament.,1730
9903,2025-10-26 19:31:30,infrastructure criticized the opposition for infrastructure issues.,579
9904,2025-10-26 19:32:00,BJP urged citizens to support BJP initiatives.,3247
9905,2025-10-26 19:32:30,manifesto announced a major reform in manifesto sector.,309
9906,2025-10-26 19:33:00,Election Commission organized a large Election Commission awareness campaign.,426
9907,2025-10-26 19:33:30,Rahul Gandhi urged citizens to support Rahul Gandhi initiatives.,3637
9908,2025-10-26 19:34:00,jobs spoke about recent improvements in jobs.,581
9909,2025-10-26 19:34:30,corruption criticized the opposition for corruption issues.,4760
9910,2025-10-26 19:35:00,manifesto highlighted challenges in manifesto programs.,4769
9911,2025-10-26 19:35:30,healthcare launched a rally focusing on healthcare development.,2531
9912,2025-10-26 19:36:00,BJP discussed the new BJP policy in India.,94
9913,2025-10-26 19:36:30,Rahul Gandhi spoke about recent improvements in Rahul Gandhi.,4395
9914,2025-10-26 19:37:00,infrastructure urged citizens to support infrastructure initiatives.,4109
9915,2025-10-26 19:37:30,Congress spoke about recent improvements in Congress.,2970
9916,2025-10-26 19:38:00,Election Commission promised better Election Commission opportunities for youth.,2164
9917,2025-10-26 19:38:30,digital India promised better digital India opportunities for youth.,1001
9918,2025-10-26 19:39:00,corruption organized a large corruption awareness campaign.,295
9919,2025-10-26 19:39:30,digital India urged citizens to support digital India initiatives.,1290
9920,2025-10-26 19:40:00,poll rally urged citizens to support poll rally initiatives.,2714
9921,2025-10-26 19:40:30,corruption discussed the new corruption policy in India.,3601
9922,2025-10-26 19:41:00,healthcare organized a large healthcare awareness campaign.,3944
9923,2025-10-26 19:41:30,poll rally highlighted challenges in poll rally programs.,906
9924,2025-10-26 19:42:00,Modi organized a large Modi awareness campaign.,1973
9925,2025-10-26 19:42:30,Modi criticized the opposition for Modi issues.,1296
9926,2025-10-26 19:43:00,Modi spoke about recent improvements in Modi.,155
9927,2025-10-26 19:43:30,development debated on development reforms in Parliament.,2897
9928,2025-10-26 19:44:00,poll rally discussed the new poll rally policy in India.,4975
9929,2025-10-26 19:44:30,Election Commission urged citizens to support Election Commission initiatives.,801
9930,2025-10-26 19:45:00,development announced a major reform in development sector.,985
9931,2025-10-26 19:45:30,manifesto debated on manifesto reforms in Parliament.,2445
9932,2025-10-26 19:46:00,Rahul Gandhi urged citizens to support Rahul Gandhi initiatives.,2144
9933,2025-10-26 19:46:30,Modi announced a major reform in Modi sector.,2366
9934,2025-10-26 19:47:00,healthcare announced a major reform in healthcare sector.,4501
9935,2025-10-26 19:47:30,poll rally highlighted challenges in poll rally programs.,2660
9936,2025-10-26 19:48:00,digital India debated on digital India reforms in Parliament.,3989
9937,2025-10-26 19:48:30,Congress urged citizens to support Congress initiatives.,2430
9938,2025-10-26 19:49:00,education urged citizens to support education initiatives.,2997
9939,2025-10-26 19:49:30,poll rally urged citizens to support poll rally initiatives.,3222
9940,2025-10-26 19:50:00,Rahul Gandhi criticized the opposition for Rahul Gandhi issues.,3463
9941,2025-10-26 19:50:30,corruption highlighted challenges in corruption programs.,1176
9942,2025-10-26 19:51:00,BJP announced a major reform in BJP sector.,2651
9943,2025-10-26 19:51:30,manifesto promised better manifesto opportunities for youth.,2592
9944,2025-10-26 19:52:00,jobs debated on jobs reforms in Parliament.,2904
9945,2025-10-26 19:52:30,Rahul Gandhi highlighted challenges in Rahul Gandhi programs.,3815
9946,2025-10-26 19:53:00,development spoke about recent improvements in development.,1702
9947,2025-10-26 19:53:30,BJP promised better BJP opportunities for youth.,2128
9948,2025-10-26 19:54:00,BJP launched a rally focusing on BJP development.,2614
9949,2025-10-26 19:54:30,Election Commission criticized the opposition for Election Commission issues.,2207
9950,2025-10-26 19:55:00,poll rally discussed the new poll rally policy in India.,3874
9951,2025-10-26 19:55:30,healthcare criticized the opposition for healthcare issues.,2806
9952,2025-10-26 19:56:00,corruption urged citizens to support corruption initiatives.,3988
9953,2025-10-26 19:56:30,education organized a large education awareness campaign.,1575
9954,2025-10-26 19:57:00,Congress promised better Congress opportunities for youth.,4463
9955,2025-10-26 19:57:30,poll rally spoke about recent improvements in poll rally.,1511
9956,2025-10-26 19:58:00,infrastructure discussed the new infrastructure policy in India.,3021
9957,2025-10-26 19:58:30,BJP criticized the opposition for BJP issues.,4307
9958,2025-10-26 19:59:00,healthcare urged citizens to support healthcare initiatives.,596
9959,2025-10-26 19:59:30,campaign highlighted challenges in campaign programs.,756
9960,2025-10-26 20:00:00,manifesto debated on manifesto reforms in Parliament.,717
9961,2025-10-26 20:00:30,campaign organized a large campaign awareness campaign.,3465
9962,2025-10-26 20:01:00,BJP criticized the opposition for BJP issues.,3766
9963,2025-10-26 20:01:30,Congress organized a large Congress awareness campaign.,4851
9964,2025-10-26 20:02:00,Rahul Gandhi highlighted challenges in Rahul Gandhi programs.,2979
9965,2025-10-26 20:02:30,digital India criticized the opposition for digital India issues.,3990
9966,2025-10-26 20:03:00,poll rally organized a large poll rally awareness campaign.,3778
9967,2025-10-26 20:03:30,campaign announced a major reform in campaign sector.,1161
9968,2025-10-26 20:04:00,infrastructure debated on infrastructure reforms in Parliament.,2412
9969,2025-10-26 20:04:30,infrastructure promised better infrastructure opportunities for youth.,708
9970,2025-10-26 20:05:00,digital India organized a large digital India awareness campaign.,3772
9971,2025-10-26 20:05:30,corruption spoke about recent improvements in corruption.,2371
9972,2025-10-26 20:06:00,BJP promised better BJP opportunities for youth.,2309
9973,2025-10-26 20:06:30,Modi promised better Modi opportunities for youth.,667
9974,2025-10-26 20:07:00,corruption criticized the opposition for corruption issues.,90
9975,2025-10-26 20:07:30,corruption launched a rally focusing on corruption development.,2151
9976,2025-10-26 20:08:00,Congress launched a rally focusing on Congress development.,635
9977,2025-10-26 20:08:30,infrastructure spoke about recent improvements in infrastructure.,3272
9978,2025-10-26 20:09:00,digital India announced a major reform in digital India sector.,4085
9979,2025-10-26 20:09:30,digital India spoke about recent improvements in digital India.,1329
9980,2025-10-26 20:10:00,jobs debated on jobs reforms in Parliament.,2372
9981,2025-10-26 20:10:30,corruption highlighted challenges in corruption programs.,2016
9982,2025-10-26 20:11:00,corruption launched a rally focusing on corruption development.,1368
9983,2025-10-26 20:11:30,manifesto highlighted challenges in manifesto programs.,2902
9984,2025-10-26 20:12:00,campaign criticized the opposition for campaign issues.,3997
9985,2025-10-26 20:12:30,BJP discussed the new BJP policy in India.,4078
9986,2025-10-26 20:13:00,corruption highlighted challenges in corruption programs.,3633
9987,2025-10-26 20:13:30,BJP criticized the opposition for BJP issues.,3369
9988,2025-10-26 20:14:00,education announced a major reform in education sector.,2528
9989,2025-10-26 20:14:30,healthcare promised better healthcare opportunities for youth.,4182
9990,2025-10-26 20:15:00,Congress spoke about recent improvements in Congress.,4351
9991,2025-10-26 20:15:30,Modi discussed the new Modi policy in India.,1811
9992,2025-10-26 20:16:00,Modi promised better Modi opportunities for youth.,33
9993,2025-10-26 20:16:30,Modi spoke about recent improvements in Modi.,2237
9994,2025-10-26 20:17:00,Congress discussed the new Congress policy in India.,4796
9995,2025-10-26 20:17:30,healthcare organized a large healthcare awareness campaign.,4641
9996,2025-10-26 20:18:00,Congress highlighted challenges in Congress programs.,1386
9997,2025-10-26 20:18:30,Modi spoke about recent improvements in Modi.,1764
9998,2025-10-26 20:19:00,campaign launched a rally focusing on campaign development.,253
9999,2025-10-26 20:19:30,campaign organized a large campaign awareness campaign.,3884
10000,2025-10-26 20:20:00,manifesto organized a large manifesto awareness campaign.,1665
